/mnt/deepspeech2_data/voxforge_dataset/wav/cmu_us_bdl_arctic_arctic_b0092.wav,/mnt/deepspeech2_data/voxforge_dataset/txt/cmu_us_bdl_arctic_arctic_b0092.txt
/mnt/deepspeech2_data/voxforge_dataset/wav/cmu_us_bdl_arctic_arctic_a0158.wav,/mnt/deepspeech2_data/voxforge_dataset/txt/cmu_us_bdl_arctic_arctic_a0158.txt
/mnt/deepspeech2_data/voxforge_dataset/wav/cmu_us_bdl_arctic_arctic_a0192.wav,/mnt/deepspeech2_data/voxforge_dataset/txt/cmu_us_bdl_arctic_arctic_a0192.txt
/mnt/deepspeech2_data/voxforge_dataset/wav/cmu_us_bdl_arctic_arctic_b0232.wav,/mnt/deepspeech2_data/voxforge_dataset/txt/cmu_us_bdl_arctic_arctic_b0232.txt
/mnt/deepspeech2_data/voxforge_dataset/wav/cmu_us_bdl_arctic_arctic_b0086.wav,/mnt/deepspeech2_data/voxforge_dataset/txt/cmu_us_bdl_arctic_arctic_b0086.txt
/mnt/deepspeech2_data/voxforge_dataset/wav/cmu_us_bdl_arctic_arctic_a0080.wav,/mnt/deepspeech2_data/voxforge_dataset/txt/cmu_us_bdl_arctic_arctic_a0080.txt
/mnt/deepspeech2_data/voxforge_dataset/wav/cmu_us_bdl_arctic_arctic_b0388.wav,/mnt/deepspeech2_data/voxforge_dataset/txt/cmu_us_bdl_arctic_arctic_b0388.txt
/mnt/deepspeech2_data/voxforge_dataset/wav/cmu_us_bdl_arctic_arctic_b0218.wav,/mnt/deepspeech2_data/voxforge_dataset/txt/cmu_us_bdl_arctic_arctic_b0218.txt
/mnt/deepspeech2_data/voxforge_dataset/wav/cmu_us_bdl_arctic_arctic_b0470.wav,/mnt/deepspeech2_data/voxforge_dataset/txt/cmu_us_bdl_arctic_arctic_b0470.txt
/mnt/deepspeech2_data/voxforge_dataset/wav/cmu_us_bdl_arctic_arctic_b0318.wav,/mnt/deepspeech2_data/voxforge_dataset/txt/cmu_us_bdl_arctic_arctic_b0318.txt
/mnt/deepspeech2_data/voxforge_dataset/wav/cmu_us_bdl_arctic_arctic_b0352.wav,/mnt/deepspeech2_data/voxforge_dataset/txt/cmu_us_bdl_arctic_arctic_b0352.txt
/mnt/deepspeech2_data/voxforge_dataset/wav/cmu_us_bdl_arctic_arctic_a0578.wav,/mnt/deepspeech2_data/voxforge_dataset/txt/cmu_us_bdl_arctic_arctic_a0578.txt
/mnt/deepspeech2_data/voxforge_dataset/wav/cmu_us_bdl_arctic_arctic_b0071.wav,/mnt/deepspeech2_data/voxforge_dataset/txt/cmu_us_bdl_arctic_arctic_b0071.txt
/mnt/deepspeech2_data/voxforge_dataset/wav/cmu_us_bdl_arctic_arctic_b0412.wav,/mnt/deepspeech2_data/voxforge_dataset/txt/cmu_us_bdl_arctic_arctic_b0412.txt
/mnt/deepspeech2_data/voxforge_dataset/wav/cmu_us_bdl_arctic_arctic_b0058.wav,/mnt/deepspeech2_data/voxforge_dataset/txt/cmu_us_bdl_arctic_arctic_b0058.txt
/mnt/deepspeech2_data/voxforge_dataset/wav/cmu_us_bdl_arctic_arctic_a0311.wav,/mnt/deepspeech2_data/voxforge_dataset/txt/cmu_us_bdl_arctic_arctic_a0311.txt
/mnt/deepspeech2_data/voxforge_dataset/wav/cmu_us_bdl_arctic_arctic_b0325.wav,/mnt/deepspeech2_data/voxforge_dataset/txt/cmu_us_bdl_arctic_arctic_b0325.txt
/mnt/deepspeech2_data/voxforge_dataset/wav/cmu_us_bdl_arctic_arctic_b0328.wav,/mnt/deepspeech2_data/voxforge_dataset/txt/cmu_us_bdl_arctic_arctic_b0328.txt
/mnt/deepspeech2_data/voxforge_dataset/wav/cmu_us_bdl_arctic_arctic_b0159.wav,/mnt/deepspeech2_data/voxforge_dataset/txt/cmu_us_bdl_arctic_arctic_b0159.txt
/mnt/deepspeech2_data/voxforge_dataset/wav/cmu_us_bdl_arctic_arctic_b0507.wav,/mnt/deepspeech2_data/voxforge_dataset/txt/cmu_us_bdl_arctic_arctic_b0507.txt
/mnt/deepspeech2_data/voxforge_dataset/wav/cmu_us_bdl_arctic_arctic_b0475.wav,/mnt/deepspeech2_data/voxforge_dataset/txt/cmu_us_bdl_arctic_arctic_b0475.txt
/mnt/deepspeech2_data/voxforge_dataset/wav/cmu_us_bdl_arctic_arctic_a0467.wav,/mnt/deepspeech2_data/voxforge_dataset/txt/cmu_us_bdl_arctic_arctic_a0467.txt
/mnt/deepspeech2_data/voxforge_dataset/wav/cmu_us_bdl_arctic_arctic_b0302.wav,/mnt/deepspeech2_data/voxforge_dataset/txt/cmu_us_bdl_arctic_arctic_b0302.txt
/mnt/deepspeech2_data/voxforge_dataset/wav/cmu_us_bdl_arctic_arctic_a0516.wav,/mnt/deepspeech2_data/voxforge_dataset/txt/cmu_us_bdl_arctic_arctic_a0516.txt
/mnt/deepspeech2_data/voxforge_dataset/wav/cmu_us_bdl_arctic_arctic_a0066.wav,/mnt/deepspeech2_data/voxforge_dataset/txt/cmu_us_bdl_arctic_arctic_a0066.txt
/mnt/deepspeech2_data/voxforge_dataset/wav/cmu_us_bdl_arctic_arctic_b0341.wav,/mnt/deepspeech2_data/voxforge_dataset/txt/cmu_us_bdl_arctic_arctic_b0341.txt
/mnt/deepspeech2_data/voxforge_dataset/wav/cmu_us_bdl_arctic_arctic_b0370.wav,/mnt/deepspeech2_data/voxforge_dataset/txt/cmu_us_bdl_arctic_arctic_b0370.txt
/mnt/deepspeech2_data/voxforge_dataset/wav/cmu_us_bdl_arctic_arctic_a0354.wav,/mnt/deepspeech2_data/voxforge_dataset/txt/cmu_us_bdl_arctic_arctic_a0354.txt
/mnt/deepspeech2_data/voxforge_dataset/wav/cmu_us_bdl_arctic_arctic_b0143.wav,/mnt/deepspeech2_data/voxforge_dataset/txt/cmu_us_bdl_arctic_arctic_b0143.txt
/mnt/deepspeech2_data/voxforge_dataset/wav/cmu_us_bdl_arctic_arctic_a0075.wav,/mnt/deepspeech2_data/voxforge_dataset/txt/cmu_us_bdl_arctic_arctic_a0075.txt
/mnt/deepspeech2_data/voxforge_dataset/wav/cmu_us_bdl_arctic_arctic_b0521.wav,/mnt/deepspeech2_data/voxforge_dataset/txt/cmu_us_bdl_arctic_arctic_b0521.txt
/mnt/deepspeech2_data/voxforge_dataset/wav/cmu_us_bdl_arctic_arctic_b0485.wav,/mnt/deepspeech2_data/voxforge_dataset/txt/cmu_us_bdl_arctic_arctic_b0485.txt
/mnt/deepspeech2_data/voxforge_dataset/wav/cmu_us_bdl_arctic_arctic_b0161.wav,/mnt/deepspeech2_data/voxforge_dataset/txt/cmu_us_bdl_arctic_arctic_b0161.txt
/mnt/deepspeech2_data/voxforge_dataset/wav/cmu_us_bdl_arctic_arctic_b0390.wav,/mnt/deepspeech2_data/voxforge_dataset/txt/cmu_us_bdl_arctic_arctic_b0390.txt
/mnt/deepspeech2_data/voxforge_dataset/wav/cmu_us_bdl_arctic_arctic_a0533.wav,/mnt/deepspeech2_data/voxforge_dataset/txt/cmu_us_bdl_arctic_arctic_a0533.txt
/mnt/deepspeech2_data/voxforge_dataset/wav/cmu_us_bdl_arctic_arctic_b0019.wav,/mnt/deepspeech2_data/voxforge_dataset/txt/cmu_us_bdl_arctic_arctic_b0019.txt
/mnt/deepspeech2_data/voxforge_dataset/wav/cmu_us_bdl_arctic_arctic_b0081.wav,/mnt/deepspeech2_data/voxforge_dataset/txt/cmu_us_bdl_arctic_arctic_b0081.txt
/mnt/deepspeech2_data/voxforge_dataset/wav/cmu_us_bdl_arctic_arctic_b0035.wav,/mnt/deepspeech2_data/voxforge_dataset/txt/cmu_us_bdl_arctic_arctic_b0035.txt
/mnt/deepspeech2_data/voxforge_dataset/wav/cmu_us_bdl_arctic_arctic_a0173.wav,/mnt/deepspeech2_data/voxforge_dataset/txt/cmu_us_bdl_arctic_arctic_a0173.txt
/mnt/deepspeech2_data/voxforge_dataset/wav/cmu_us_bdl_arctic_arctic_b0202.wav,/mnt/deepspeech2_data/voxforge_dataset/txt/cmu_us_bdl_arctic_arctic_b0202.txt
/mnt/deepspeech2_data/voxforge_dataset/wav/cmu_us_bdl_arctic_arctic_b0505.wav,/mnt/deepspeech2_data/voxforge_dataset/txt/cmu_us_bdl_arctic_arctic_b0505.txt
/mnt/deepspeech2_data/voxforge_dataset/wav/cmu_us_bdl_arctic_arctic_a0559.wav,/mnt/deepspeech2_data/voxforge_dataset/txt/cmu_us_bdl_arctic_arctic_a0559.txt
/mnt/deepspeech2_data/voxforge_dataset/wav/cmu_us_bdl_arctic_arctic_b0064.wav,/mnt/deepspeech2_data/voxforge_dataset/txt/cmu_us_bdl_arctic_arctic_b0064.txt
/mnt/deepspeech2_data/voxforge_dataset/wav/cmu_us_bdl_arctic_arctic_a0063.wav,/mnt/deepspeech2_data/voxforge_dataset/txt/cmu_us_bdl_arctic_arctic_a0063.txt
/mnt/deepspeech2_data/voxforge_dataset/wav/cmu_us_bdl_arctic_arctic_a0435.wav,/mnt/deepspeech2_data/voxforge_dataset/txt/cmu_us_bdl_arctic_arctic_a0435.txt
/mnt/deepspeech2_data/voxforge_dataset/wav/cmu_us_bdl_arctic_arctic_a0091.wav,/mnt/deepspeech2_data/voxforge_dataset/txt/cmu_us_bdl_arctic_arctic_a0091.txt
/mnt/deepspeech2_data/voxforge_dataset/wav/cmu_us_bdl_arctic_arctic_b0448.wav,/mnt/deepspeech2_data/voxforge_dataset/txt/cmu_us_bdl_arctic_arctic_b0448.txt
/mnt/deepspeech2_data/voxforge_dataset/wav/cmu_us_bdl_arctic_arctic_a0235.wav,/mnt/deepspeech2_data/voxforge_dataset/txt/cmu_us_bdl_arctic_arctic_a0235.txt
/mnt/deepspeech2_data/voxforge_dataset/wav/cmu_us_bdl_arctic_arctic_b0459.wav,/mnt/deepspeech2_data/voxforge_dataset/txt/cmu_us_bdl_arctic_arctic_b0459.txt
/mnt/deepspeech2_data/voxforge_dataset/wav/cmu_us_bdl_arctic_arctic_a0114.wav,/mnt/deepspeech2_data/voxforge_dataset/txt/cmu_us_bdl_arctic_arctic_a0114.txt
/mnt/deepspeech2_data/voxforge_dataset/wav/cmu_us_bdl_arctic_arctic_a0485.wav,/mnt/deepspeech2_data/voxforge_dataset/txt/cmu_us_bdl_arctic_arctic_a0485.txt
/mnt/deepspeech2_data/voxforge_dataset/wav/cmu_us_bdl_arctic_arctic_b0251.wav,/mnt/deepspeech2_data/voxforge_dataset/txt/cmu_us_bdl_arctic_arctic_b0251.txt
/mnt/deepspeech2_data/voxforge_dataset/wav/cmu_us_bdl_arctic_arctic_a0294.wav,/mnt/deepspeech2_data/voxforge_dataset/txt/cmu_us_bdl_arctic_arctic_a0294.txt
/mnt/deepspeech2_data/voxforge_dataset/wav/cmu_us_bdl_arctic_arctic_b0075.wav,/mnt/deepspeech2_data/voxforge_dataset/txt/cmu_us_bdl_arctic_arctic_b0075.txt
/mnt/deepspeech2_data/voxforge_dataset/wav/cmu_us_bdl_arctic_arctic_a0196.wav,/mnt/deepspeech2_data/voxforge_dataset/txt/cmu_us_bdl_arctic_arctic_a0196.txt
/mnt/deepspeech2_data/voxforge_dataset/wav/cmu_us_bdl_arctic_arctic_a0198.wav,/mnt/deepspeech2_data/voxforge_dataset/txt/cmu_us_bdl_arctic_arctic_a0198.txt
/mnt/deepspeech2_data/voxforge_dataset/wav/cmu_us_bdl_arctic_arctic_a0170.wav,/mnt/deepspeech2_data/voxforge_dataset/txt/cmu_us_bdl_arctic_arctic_a0170.txt
/mnt/deepspeech2_data/voxforge_dataset/wav/cmu_us_bdl_arctic_arctic_a0039.wav,/mnt/deepspeech2_data/voxforge_dataset/txt/cmu_us_bdl_arctic_arctic_a0039.txt
/mnt/deepspeech2_data/voxforge_dataset/wav/cmu_us_bdl_arctic_arctic_a0331.wav,/mnt/deepspeech2_data/voxforge_dataset/txt/cmu_us_bdl_arctic_arctic_a0331.txt
/mnt/deepspeech2_data/voxforge_dataset/wav/cmu_us_bdl_arctic_arctic_b0405.wav,/mnt/deepspeech2_data/voxforge_dataset/txt/cmu_us_bdl_arctic_arctic_b0405.txt
/mnt/deepspeech2_data/voxforge_dataset/wav/cmu_us_bdl_arctic_arctic_a0575.wav,/mnt/deepspeech2_data/voxforge_dataset/txt/cmu_us_bdl_arctic_arctic_a0575.txt
/mnt/deepspeech2_data/voxforge_dataset/wav/cmu_us_bdl_arctic_arctic_a0103.wav,/mnt/deepspeech2_data/voxforge_dataset/txt/cmu_us_bdl_arctic_arctic_a0103.txt
/mnt/deepspeech2_data/voxforge_dataset/wav/cmu_us_bdl_arctic_arctic_b0282.wav,/mnt/deepspeech2_data/voxforge_dataset/txt/cmu_us_bdl_arctic_arctic_b0282.txt
/mnt/deepspeech2_data/voxforge_dataset/wav/cmu_us_bdl_arctic_arctic_b0109.wav,/mnt/deepspeech2_data/voxforge_dataset/txt/cmu_us_bdl_arctic_arctic_b0109.txt
/mnt/deepspeech2_data/voxforge_dataset/wav/cmu_us_bdl_arctic_arctic_a0314.wav,/mnt/deepspeech2_data/voxforge_dataset/txt/cmu_us_bdl_arctic_arctic_a0314.txt
/mnt/deepspeech2_data/voxforge_dataset/wav/cmu_us_bdl_arctic_arctic_b0181.wav,/mnt/deepspeech2_data/voxforge_dataset/txt/cmu_us_bdl_arctic_arctic_b0181.txt
/mnt/deepspeech2_data/voxforge_dataset/wav/cmu_us_bdl_arctic_arctic_a0146.wav,/mnt/deepspeech2_data/voxforge_dataset/txt/cmu_us_bdl_arctic_arctic_a0146.txt
/mnt/deepspeech2_data/voxforge_dataset/wav/cmu_us_bdl_arctic_arctic_b0212.wav,/mnt/deepspeech2_data/voxforge_dataset/txt/cmu_us_bdl_arctic_arctic_b0212.txt
/mnt/deepspeech2_data/voxforge_dataset/wav/cmu_us_bdl_arctic_arctic_a0564.wav,/mnt/deepspeech2_data/voxforge_dataset/txt/cmu_us_bdl_arctic_arctic_a0564.txt
/mnt/deepspeech2_data/voxforge_dataset/wav/cmu_us_bdl_arctic_arctic_b0444.wav,/mnt/deepspeech2_data/voxforge_dataset/txt/cmu_us_bdl_arctic_arctic_b0444.txt
/mnt/deepspeech2_data/voxforge_dataset/wav/cmu_us_bdl_arctic_arctic_b0297.wav,/mnt/deepspeech2_data/voxforge_dataset/txt/cmu_us_bdl_arctic_arctic_b0297.txt
/mnt/deepspeech2_data/voxforge_dataset/wav/cmu_us_bdl_arctic_arctic_b0433.wav,/mnt/deepspeech2_data/voxforge_dataset/txt/cmu_us_bdl_arctic_arctic_b0433.txt
/mnt/deepspeech2_data/voxforge_dataset/wav/cmu_us_bdl_arctic_arctic_b0534.wav,/mnt/deepspeech2_data/voxforge_dataset/txt/cmu_us_bdl_arctic_arctic_b0534.txt
/mnt/deepspeech2_data/voxforge_dataset/wav/cmu_us_bdl_arctic_arctic_a0172.wav,/mnt/deepspeech2_data/voxforge_dataset/txt/cmu_us_bdl_arctic_arctic_a0172.txt
/mnt/deepspeech2_data/voxforge_dataset/wav/cmu_us_bdl_arctic_arctic_a0540.wav,/mnt/deepspeech2_data/voxforge_dataset/txt/cmu_us_bdl_arctic_arctic_a0540.txt
/mnt/deepspeech2_data/voxforge_dataset/wav/cmu_us_bdl_arctic_arctic_a0168.wav,/mnt/deepspeech2_data/voxforge_dataset/txt/cmu_us_bdl_arctic_arctic_a0168.txt
/mnt/deepspeech2_data/voxforge_dataset/wav/cmu_us_bdl_arctic_arctic_a0264.wav,/mnt/deepspeech2_data/voxforge_dataset/txt/cmu_us_bdl_arctic_arctic_a0264.txt
/mnt/deepspeech2_data/voxforge_dataset/wav/cmu_us_bdl_arctic_arctic_b0360.wav,/mnt/deepspeech2_data/voxforge_dataset/txt/cmu_us_bdl_arctic_arctic_b0360.txt
/mnt/deepspeech2_data/voxforge_dataset/wav/cmu_us_bdl_arctic_arctic_a0124.wav,/mnt/deepspeech2_data/voxforge_dataset/txt/cmu_us_bdl_arctic_arctic_a0124.txt
/mnt/deepspeech2_data/voxforge_dataset/wav/cmu_us_bdl_arctic_arctic_b0413.wav,/mnt/deepspeech2_data/voxforge_dataset/txt/cmu_us_bdl_arctic_arctic_b0413.txt
/mnt/deepspeech2_data/voxforge_dataset/wav/cmu_us_bdl_arctic_arctic_a0490.wav,/mnt/deepspeech2_data/voxforge_dataset/txt/cmu_us_bdl_arctic_arctic_a0490.txt
/mnt/deepspeech2_data/voxforge_dataset/wav/cmu_us_bdl_arctic_arctic_b0153.wav,/mnt/deepspeech2_data/voxforge_dataset/txt/cmu_us_bdl_arctic_arctic_b0153.txt
/mnt/deepspeech2_data/voxforge_dataset/wav/cmu_us_bdl_arctic_arctic_a0034.wav,/mnt/deepspeech2_data/voxforge_dataset/txt/cmu_us_bdl_arctic_arctic_a0034.txt
/mnt/deepspeech2_data/voxforge_dataset/wav/cmu_us_bdl_arctic_arctic_a0286.wav,/mnt/deepspeech2_data/voxforge_dataset/txt/cmu_us_bdl_arctic_arctic_a0286.txt
/mnt/deepspeech2_data/voxforge_dataset/wav/cmu_us_bdl_arctic_arctic_b0429.wav,/mnt/deepspeech2_data/voxforge_dataset/txt/cmu_us_bdl_arctic_arctic_b0429.txt
/mnt/deepspeech2_data/voxforge_dataset/wav/cmu_us_bdl_arctic_arctic_a0121.wav,/mnt/deepspeech2_data/voxforge_dataset/txt/cmu_us_bdl_arctic_arctic_a0121.txt
/mnt/deepspeech2_data/voxforge_dataset/wav/cmu_us_bdl_arctic_arctic_a0064.wav,/mnt/deepspeech2_data/voxforge_dataset/txt/cmu_us_bdl_arctic_arctic_a0064.txt
/mnt/deepspeech2_data/voxforge_dataset/wav/cmu_us_bdl_arctic_arctic_b0367.wav,/mnt/deepspeech2_data/voxforge_dataset/txt/cmu_us_bdl_arctic_arctic_b0367.txt
/mnt/deepspeech2_data/voxforge_dataset/wav/cmu_us_bdl_arctic_arctic_b0323.wav,/mnt/deepspeech2_data/voxforge_dataset/txt/cmu_us_bdl_arctic_arctic_b0323.txt
/mnt/deepspeech2_data/voxforge_dataset/wav/cmu_us_bdl_arctic_arctic_a0391.wav,/mnt/deepspeech2_data/voxforge_dataset/txt/cmu_us_bdl_arctic_arctic_a0391.txt
/mnt/deepspeech2_data/voxforge_dataset/wav/cmu_us_bdl_arctic_arctic_a0145.wav,/mnt/deepspeech2_data/voxforge_dataset/txt/cmu_us_bdl_arctic_arctic_a0145.txt
/mnt/deepspeech2_data/voxforge_dataset/wav/cmu_us_bdl_arctic_arctic_a0003.wav,/mnt/deepspeech2_data/voxforge_dataset/txt/cmu_us_bdl_arctic_arctic_a0003.txt
/mnt/deepspeech2_data/voxforge_dataset/wav/cmu_us_bdl_arctic_arctic_b0453.wav,/mnt/deepspeech2_data/voxforge_dataset/txt/cmu_us_bdl_arctic_arctic_b0453.txt
/mnt/deepspeech2_data/voxforge_dataset/wav/cmu_us_bdl_arctic_arctic_b0304.wav,/mnt/deepspeech2_data/voxforge_dataset/txt/cmu_us_bdl_arctic_arctic_b0304.txt
/mnt/deepspeech2_data/voxforge_dataset/wav/cmu_us_bdl_arctic_arctic_a0117.wav,/mnt/deepspeech2_data/voxforge_dataset/txt/cmu_us_bdl_arctic_arctic_a0117.txt
/mnt/deepspeech2_data/voxforge_dataset/wav/cmu_us_bdl_arctic_arctic_a0517.wav,/mnt/deepspeech2_data/voxforge_dataset/txt/cmu_us_bdl_arctic_arctic_a0517.txt
/mnt/deepspeech2_data/voxforge_dataset/wav/cmu_us_bdl_arctic_arctic_b0293.wav,/mnt/deepspeech2_data/voxforge_dataset/txt/cmu_us_bdl_arctic_arctic_b0293.txt
/mnt/deepspeech2_data/voxforge_dataset/wav/cmu_us_bdl_arctic_arctic_a0479.wav,/mnt/deepspeech2_data/voxforge_dataset/txt/cmu_us_bdl_arctic_arctic_a0479.txt
/mnt/deepspeech2_data/voxforge_dataset/wav/cmu_us_bdl_arctic_arctic_a0478.wav,/mnt/deepspeech2_data/voxforge_dataset/txt/cmu_us_bdl_arctic_arctic_a0478.txt
/mnt/deepspeech2_data/voxforge_dataset/wav/cmu_us_bdl_arctic_arctic_b0482.wav,/mnt/deepspeech2_data/voxforge_dataset/txt/cmu_us_bdl_arctic_arctic_b0482.txt
/mnt/deepspeech2_data/voxforge_dataset/wav/cmu_us_bdl_arctic_arctic_b0447.wav,/mnt/deepspeech2_data/voxforge_dataset/txt/cmu_us_bdl_arctic_arctic_b0447.txt
/mnt/deepspeech2_data/voxforge_dataset/wav/cmu_us_bdl_arctic_arctic_b0409.wav,/mnt/deepspeech2_data/voxforge_dataset/txt/cmu_us_bdl_arctic_arctic_b0409.txt
/mnt/deepspeech2_data/voxforge_dataset/wav/cmu_us_bdl_arctic_arctic_a0095.wav,/mnt/deepspeech2_data/voxforge_dataset/txt/cmu_us_bdl_arctic_arctic_a0095.txt
/mnt/deepspeech2_data/voxforge_dataset/wav/cmu_us_bdl_arctic_arctic_b0389.wav,/mnt/deepspeech2_data/voxforge_dataset/txt/cmu_us_bdl_arctic_arctic_b0389.txt
/mnt/deepspeech2_data/voxforge_dataset/wav/cmu_us_bdl_arctic_arctic_a0058.wav,/mnt/deepspeech2_data/voxforge_dataset/txt/cmu_us_bdl_arctic_arctic_a0058.txt
/mnt/deepspeech2_data/voxforge_dataset/wav/cmu_us_bdl_arctic_arctic_a0024.wav,/mnt/deepspeech2_data/voxforge_dataset/txt/cmu_us_bdl_arctic_arctic_a0024.txt
/mnt/deepspeech2_data/voxforge_dataset/wav/cmu_us_bdl_arctic_arctic_b0076.wav,/mnt/deepspeech2_data/voxforge_dataset/txt/cmu_us_bdl_arctic_arctic_b0076.txt
/mnt/deepspeech2_data/voxforge_dataset/wav/cmu_us_bdl_arctic_arctic_a0125.wav,/mnt/deepspeech2_data/voxforge_dataset/txt/cmu_us_bdl_arctic_arctic_a0125.txt
/mnt/deepspeech2_data/voxforge_dataset/wav/cmu_us_bdl_arctic_arctic_a0398.wav,/mnt/deepspeech2_data/voxforge_dataset/txt/cmu_us_bdl_arctic_arctic_a0398.txt
/mnt/deepspeech2_data/voxforge_dataset/wav/cmu_us_bdl_arctic_arctic_a0422.wav,/mnt/deepspeech2_data/voxforge_dataset/txt/cmu_us_bdl_arctic_arctic_a0422.txt
/mnt/deepspeech2_data/voxforge_dataset/wav/cmu_us_bdl_arctic_arctic_a0013.wav,/mnt/deepspeech2_data/voxforge_dataset/txt/cmu_us_bdl_arctic_arctic_a0013.txt
/mnt/deepspeech2_data/voxforge_dataset/wav/cmu_us_bdl_arctic_arctic_b0191.wav,/mnt/deepspeech2_data/voxforge_dataset/txt/cmu_us_bdl_arctic_arctic_b0191.txt
/mnt/deepspeech2_data/voxforge_dataset/wav/cmu_us_bdl_arctic_arctic_a0472.wav,/mnt/deepspeech2_data/voxforge_dataset/txt/cmu_us_bdl_arctic_arctic_a0472.txt
/mnt/deepspeech2_data/voxforge_dataset/wav/cmu_us_slt_arctic_arctic_a0207.wav,/mnt/deepspeech2_data/voxforge_dataset/txt/cmu_us_slt_arctic_arctic_a0207.txt
/mnt/deepspeech2_data/voxforge_dataset/wav/cmu_us_slt_arctic_arctic_a0484.wav,/mnt/deepspeech2_data/voxforge_dataset/txt/cmu_us_slt_arctic_arctic_a0484.txt
/mnt/deepspeech2_data/voxforge_dataset/wav/cmu_us_slt_arctic_arctic_a0054.wav,/mnt/deepspeech2_data/voxforge_dataset/txt/cmu_us_slt_arctic_arctic_a0054.txt
/mnt/deepspeech2_data/voxforge_dataset/wav/cmu_us_slt_arctic_arctic_b0043.wav,/mnt/deepspeech2_data/voxforge_dataset/txt/cmu_us_slt_arctic_arctic_b0043.txt
/mnt/deepspeech2_data/voxforge_dataset/wav/cmu_us_slt_arctic_arctic_a0236.wav,/mnt/deepspeech2_data/voxforge_dataset/txt/cmu_us_slt_arctic_arctic_a0236.txt
/mnt/deepspeech2_data/voxforge_dataset/wav/cmu_us_slt_arctic_arctic_b0166.wav,/mnt/deepspeech2_data/voxforge_dataset/txt/cmu_us_slt_arctic_arctic_b0166.txt
/mnt/deepspeech2_data/voxforge_dataset/wav/cmu_us_slt_arctic_arctic_a0038.wav,/mnt/deepspeech2_data/voxforge_dataset/txt/cmu_us_slt_arctic_arctic_a0038.txt
/mnt/deepspeech2_data/voxforge_dataset/wav/cmu_us_slt_arctic_arctic_b0239.wav,/mnt/deepspeech2_data/voxforge_dataset/txt/cmu_us_slt_arctic_arctic_b0239.txt
/mnt/deepspeech2_data/voxforge_dataset/wav/cmu_us_slt_arctic_arctic_b0176.wav,/mnt/deepspeech2_data/voxforge_dataset/txt/cmu_us_slt_arctic_arctic_b0176.txt
/mnt/deepspeech2_data/voxforge_dataset/wav/cmu_us_slt_arctic_arctic_b0205.wav,/mnt/deepspeech2_data/voxforge_dataset/txt/cmu_us_slt_arctic_arctic_b0205.txt
/mnt/deepspeech2_data/voxforge_dataset/wav/cmu_us_slt_arctic_arctic_a0580.wav,/mnt/deepspeech2_data/voxforge_dataset/txt/cmu_us_slt_arctic_arctic_a0580.txt
/mnt/deepspeech2_data/voxforge_dataset/wav/cmu_us_slt_arctic_arctic_b0467.wav,/mnt/deepspeech2_data/voxforge_dataset/txt/cmu_us_slt_arctic_arctic_b0467.txt
/mnt/deepspeech2_data/voxforge_dataset/wav/cmu_us_slt_arctic_arctic_a0480.wav,/mnt/deepspeech2_data/voxforge_dataset/txt/cmu_us_slt_arctic_arctic_a0480.txt
/mnt/deepspeech2_data/voxforge_dataset/wav/cmu_us_slt_arctic_arctic_b0536.wav,/mnt/deepspeech2_data/voxforge_dataset/txt/cmu_us_slt_arctic_arctic_b0536.txt
/mnt/deepspeech2_data/voxforge_dataset/wav/cmu_us_slt_arctic_arctic_b0286.wav,/mnt/deepspeech2_data/voxforge_dataset/txt/cmu_us_slt_arctic_arctic_b0286.txt
/mnt/deepspeech2_data/voxforge_dataset/wav/cmu_us_slt_arctic_arctic_b0198.wav,/mnt/deepspeech2_data/voxforge_dataset/txt/cmu_us_slt_arctic_arctic_b0198.txt
/mnt/deepspeech2_data/voxforge_dataset/wav/cmu_us_slt_arctic_arctic_b0301.wav,/mnt/deepspeech2_data/voxforge_dataset/txt/cmu_us_slt_arctic_arctic_b0301.txt
/mnt/deepspeech2_data/voxforge_dataset/wav/cmu_us_slt_arctic_arctic_a0388.wav,/mnt/deepspeech2_data/voxforge_dataset/txt/cmu_us_slt_arctic_arctic_a0388.txt
/mnt/deepspeech2_data/voxforge_dataset/wav/cmu_us_slt_arctic_arctic_b0357.wav,/mnt/deepspeech2_data/voxforge_dataset/txt/cmu_us_slt_arctic_arctic_b0357.txt
/mnt/deepspeech2_data/voxforge_dataset/wav/cmu_us_slt_arctic_arctic_a0062.wav,/mnt/deepspeech2_data/voxforge_dataset/txt/cmu_us_slt_arctic_arctic_a0062.txt
/mnt/deepspeech2_data/voxforge_dataset/wav/cmu_us_slt_arctic_arctic_a0091.wav,/mnt/deepspeech2_data/voxforge_dataset/txt/cmu_us_slt_arctic_arctic_a0091.txt
/mnt/deepspeech2_data/voxforge_dataset/wav/cmu_us_slt_arctic_arctic_b0325.wav,/mnt/deepspeech2_data/voxforge_dataset/txt/cmu_us_slt_arctic_arctic_b0325.txt
/mnt/deepspeech2_data/voxforge_dataset/wav/cmu_us_slt_arctic_arctic_a0489.wav,/mnt/deepspeech2_data/voxforge_dataset/txt/cmu_us_slt_arctic_arctic_a0489.txt
/mnt/deepspeech2_data/voxforge_dataset/wav/cmu_us_slt_arctic_arctic_b0231.wav,/mnt/deepspeech2_data/voxforge_dataset/txt/cmu_us_slt_arctic_arctic_b0231.txt
/mnt/deepspeech2_data/voxforge_dataset/wav/cmu_us_slt_arctic_arctic_b0079.wav,/mnt/deepspeech2_data/voxforge_dataset/txt/cmu_us_slt_arctic_arctic_b0079.txt
/mnt/deepspeech2_data/voxforge_dataset/wav/cmu_us_slt_arctic_arctic_a0037.wav,/mnt/deepspeech2_data/voxforge_dataset/txt/cmu_us_slt_arctic_arctic_a0037.txt
/mnt/deepspeech2_data/voxforge_dataset/wav/cmu_us_slt_arctic_arctic_b0370.wav,/mnt/deepspeech2_data/voxforge_dataset/txt/cmu_us_slt_arctic_arctic_b0370.txt
/mnt/deepspeech2_data/voxforge_dataset/wav/cmu_us_slt_arctic_arctic_b0164.wav,/mnt/deepspeech2_data/voxforge_dataset/txt/cmu_us_slt_arctic_arctic_b0164.txt
/mnt/deepspeech2_data/voxforge_dataset/wav/cmu_us_slt_arctic_arctic_a0229.wav,/mnt/deepspeech2_data/voxforge_dataset/txt/cmu_us_slt_arctic_arctic_a0229.txt
/mnt/deepspeech2_data/voxforge_dataset/wav/cmu_us_slt_arctic_arctic_b0183.wav,/mnt/deepspeech2_data/voxforge_dataset/txt/cmu_us_slt_arctic_arctic_b0183.txt
/mnt/deepspeech2_data/voxforge_dataset/wav/cmu_us_slt_arctic_arctic_b0117.wav,/mnt/deepspeech2_data/voxforge_dataset/txt/cmu_us_slt_arctic_arctic_b0117.txt
/mnt/deepspeech2_data/voxforge_dataset/wav/cmu_us_slt_arctic_arctic_a0486.wav,/mnt/deepspeech2_data/voxforge_dataset/txt/cmu_us_slt_arctic_arctic_a0486.txt
/mnt/deepspeech2_data/voxforge_dataset/wav/cmu_us_slt_arctic_arctic_a0067.wav,/mnt/deepspeech2_data/voxforge_dataset/txt/cmu_us_slt_arctic_arctic_a0067.txt
/mnt/deepspeech2_data/voxforge_dataset/wav/cmu_us_slt_arctic_arctic_b0186.wav,/mnt/deepspeech2_data/voxforge_dataset/txt/cmu_us_slt_arctic_arctic_b0186.txt
/mnt/deepspeech2_data/voxforge_dataset/wav/cmu_us_slt_arctic_arctic_a0173.wav,/mnt/deepspeech2_data/voxforge_dataset/txt/cmu_us_slt_arctic_arctic_a0173.txt
/mnt/deepspeech2_data/voxforge_dataset/wav/cmu_us_slt_arctic_arctic_b0341.wav,/mnt/deepspeech2_data/voxforge_dataset/txt/cmu_us_slt_arctic_arctic_b0341.txt
/mnt/deepspeech2_data/voxforge_dataset/wav/cmu_us_slt_arctic_arctic_b0136.wav,/mnt/deepspeech2_data/voxforge_dataset/txt/cmu_us_slt_arctic_arctic_b0136.txt
/mnt/deepspeech2_data/voxforge_dataset/wav/cmu_us_slt_arctic_arctic_a0068.wav,/mnt/deepspeech2_data/voxforge_dataset/txt/cmu_us_slt_arctic_arctic_a0068.txt
/mnt/deepspeech2_data/voxforge_dataset/wav/cmu_us_slt_arctic_arctic_a0370.wav,/mnt/deepspeech2_data/voxforge_dataset/txt/cmu_us_slt_arctic_arctic_a0370.txt
/mnt/deepspeech2_data/voxforge_dataset/wav/cmu_us_slt_arctic_arctic_a0152.wav,/mnt/deepspeech2_data/voxforge_dataset/txt/cmu_us_slt_arctic_arctic_a0152.txt
/mnt/deepspeech2_data/voxforge_dataset/wav/cmu_us_slt_arctic_arctic_a0185.wav,/mnt/deepspeech2_data/voxforge_dataset/txt/cmu_us_slt_arctic_arctic_a0185.txt
/mnt/deepspeech2_data/voxforge_dataset/wav/cmu_us_slt_arctic_arctic_b0072.wav,/mnt/deepspeech2_data/voxforge_dataset/txt/cmu_us_slt_arctic_arctic_b0072.txt
/mnt/deepspeech2_data/voxforge_dataset/wav/cmu_us_slt_arctic_arctic_a0085.wav,/mnt/deepspeech2_data/voxforge_dataset/txt/cmu_us_slt_arctic_arctic_a0085.txt
/mnt/deepspeech2_data/voxforge_dataset/wav/cmu_us_slt_arctic_arctic_a0458.wav,/mnt/deepspeech2_data/voxforge_dataset/txt/cmu_us_slt_arctic_arctic_a0458.txt
/mnt/deepspeech2_data/voxforge_dataset/wav/cmu_us_slt_arctic_arctic_b0331.wav,/mnt/deepspeech2_data/voxforge_dataset/txt/cmu_us_slt_arctic_arctic_b0331.txt
/mnt/deepspeech2_data/voxforge_dataset/wav/cmu_us_slt_arctic_arctic_a0042.wav,/mnt/deepspeech2_data/voxforge_dataset/txt/cmu_us_slt_arctic_arctic_a0042.txt
/mnt/deepspeech2_data/voxforge_dataset/wav/cmu_us_slt_arctic_arctic_b0169.wav,/mnt/deepspeech2_data/voxforge_dataset/txt/cmu_us_slt_arctic_arctic_b0169.txt
/mnt/deepspeech2_data/voxforge_dataset/wav/cmu_us_slt_arctic_arctic_a0175.wav,/mnt/deepspeech2_data/voxforge_dataset/txt/cmu_us_slt_arctic_arctic_a0175.txt
/mnt/deepspeech2_data/voxforge_dataset/wav/cmu_us_slt_arctic_arctic_b0419.wav,/mnt/deepspeech2_data/voxforge_dataset/txt/cmu_us_slt_arctic_arctic_b0419.txt
/mnt/deepspeech2_data/voxforge_dataset/wav/cmu_us_slt_arctic_arctic_a0373.wav,/mnt/deepspeech2_data/voxforge_dataset/txt/cmu_us_slt_arctic_arctic_a0373.txt
/mnt/deepspeech2_data/voxforge_dataset/wav/cmu_us_slt_arctic_arctic_b0107.wav,/mnt/deepspeech2_data/voxforge_dataset/txt/cmu_us_slt_arctic_arctic_b0107.txt
/mnt/deepspeech2_data/voxforge_dataset/wav/cmu_us_slt_arctic_arctic_a0026.wav,/mnt/deepspeech2_data/voxforge_dataset/txt/cmu_us_slt_arctic_arctic_a0026.txt
/mnt/deepspeech2_data/voxforge_dataset/wav/cmu_us_slt_arctic_arctic_a0271.wav,/mnt/deepspeech2_data/voxforge_dataset/txt/cmu_us_slt_arctic_arctic_a0271.txt
/mnt/deepspeech2_data/voxforge_dataset/wav/cmu_us_slt_arctic_arctic_b0365.wav,/mnt/deepspeech2_data/voxforge_dataset/txt/cmu_us_slt_arctic_arctic_b0365.txt
/mnt/deepspeech2_data/voxforge_dataset/wav/cmu_us_slt_arctic_arctic_b0394.wav,/mnt/deepspeech2_data/voxforge_dataset/txt/cmu_us_slt_arctic_arctic_b0394.txt
/mnt/deepspeech2_data/voxforge_dataset/wav/cmu_us_slt_arctic_arctic_a0256.wav,/mnt/deepspeech2_data/voxforge_dataset/txt/cmu_us_slt_arctic_arctic_a0256.txt
/mnt/deepspeech2_data/voxforge_dataset/wav/cmu_us_slt_arctic_arctic_b0068.wav,/mnt/deepspeech2_data/voxforge_dataset/txt/cmu_us_slt_arctic_arctic_b0068.txt
/mnt/deepspeech2_data/voxforge_dataset/wav/cmu_us_slt_arctic_arctic_b0312.wav,/mnt/deepspeech2_data/voxforge_dataset/txt/cmu_us_slt_arctic_arctic_b0312.txt
/mnt/deepspeech2_data/voxforge_dataset/wav/cmu_us_slt_arctic_arctic_a0384.wav,/mnt/deepspeech2_data/voxforge_dataset/txt/cmu_us_slt_arctic_arctic_a0384.txt
/mnt/deepspeech2_data/voxforge_dataset/wav/cmu_us_slt_arctic_arctic_a0010.wav,/mnt/deepspeech2_data/voxforge_dataset/txt/cmu_us_slt_arctic_arctic_a0010.txt
/mnt/deepspeech2_data/voxforge_dataset/wav/cmu_us_slt_arctic_arctic_b0057.wav,/mnt/deepspeech2_data/voxforge_dataset/txt/cmu_us_slt_arctic_arctic_b0057.txt
/mnt/deepspeech2_data/voxforge_dataset/wav/cmu_us_slt_arctic_arctic_a0044.wav,/mnt/deepspeech2_data/voxforge_dataset/txt/cmu_us_slt_arctic_arctic_a0044.txt
/mnt/deepspeech2_data/voxforge_dataset/wav/cmu_us_slt_arctic_arctic_a0190.wav,/mnt/deepspeech2_data/voxforge_dataset/txt/cmu_us_slt_arctic_arctic_a0190.txt
/mnt/deepspeech2_data/voxforge_dataset/wav/cmu_us_slt_arctic_arctic_a0553.wav,/mnt/deepspeech2_data/voxforge_dataset/txt/cmu_us_slt_arctic_arctic_a0553.txt
/mnt/deepspeech2_data/voxforge_dataset/wav/cmu_us_slt_arctic_arctic_b0006.wav,/mnt/deepspeech2_data/voxforge_dataset/txt/cmu_us_slt_arctic_arctic_b0006.txt
/mnt/deepspeech2_data/voxforge_dataset/wav/cmu_us_slt_arctic_arctic_b0423.wav,/mnt/deepspeech2_data/voxforge_dataset/txt/cmu_us_slt_arctic_arctic_b0423.txt
/mnt/deepspeech2_data/voxforge_dataset/wav/cmu_us_slt_arctic_arctic_a0159.wav,/mnt/deepspeech2_data/voxforge_dataset/txt/cmu_us_slt_arctic_arctic_a0159.txt
/mnt/deepspeech2_data/voxforge_dataset/wav/cmu_us_slt_arctic_arctic_a0233.wav,/mnt/deepspeech2_data/voxforge_dataset/txt/cmu_us_slt_arctic_arctic_a0233.txt
/mnt/deepspeech2_data/voxforge_dataset/wav/cmu_us_slt_arctic_arctic_b0116.wav,/mnt/deepspeech2_data/voxforge_dataset/txt/cmu_us_slt_arctic_arctic_b0116.txt
/mnt/deepspeech2_data/voxforge_dataset/wav/cmu_us_slt_arctic_arctic_a0575.wav,/mnt/deepspeech2_data/voxforge_dataset/txt/cmu_us_slt_arctic_arctic_a0575.txt
/mnt/deepspeech2_data/voxforge_dataset/wav/cmu_us_slt_arctic_arctic_b0105.wav,/mnt/deepspeech2_data/voxforge_dataset/txt/cmu_us_slt_arctic_arctic_b0105.txt
/mnt/deepspeech2_data/voxforge_dataset/wav/cmu_us_slt_arctic_arctic_b0428.wav,/mnt/deepspeech2_data/voxforge_dataset/txt/cmu_us_slt_arctic_arctic_b0428.txt
/mnt/deepspeech2_data/voxforge_dataset/wav/cmu_us_slt_arctic_arctic_a0047.wav,/mnt/deepspeech2_data/voxforge_dataset/txt/cmu_us_slt_arctic_arctic_a0047.txt
/mnt/deepspeech2_data/voxforge_dataset/wav/cmu_us_slt_arctic_arctic_b0452.wav,/mnt/deepspeech2_data/voxforge_dataset/txt/cmu_us_slt_arctic_arctic_b0452.txt
/mnt/deepspeech2_data/voxforge_dataset/wav/cmu_us_slt_arctic_arctic_a0425.wav,/mnt/deepspeech2_data/voxforge_dataset/txt/cmu_us_slt_arctic_arctic_a0425.txt
/mnt/deepspeech2_data/voxforge_dataset/wav/cmu_us_slt_arctic_arctic_a0364.wav,/mnt/deepspeech2_data/voxforge_dataset/txt/cmu_us_slt_arctic_arctic_a0364.txt
/mnt/deepspeech2_data/voxforge_dataset/wav/cmu_us_slt_arctic_arctic_b0165.wav,/mnt/deepspeech2_data/voxforge_dataset/txt/cmu_us_slt_arctic_arctic_b0165.txt
/mnt/deepspeech2_data/voxforge_dataset/wav/cmu_us_slt_arctic_arctic_b0189.wav,/mnt/deepspeech2_data/voxforge_dataset/txt/cmu_us_slt_arctic_arctic_b0189.txt
/mnt/deepspeech2_data/voxforge_dataset/wav/cmu_us_slt_arctic_arctic_b0441.wav,/mnt/deepspeech2_data/voxforge_dataset/txt/cmu_us_slt_arctic_arctic_b0441.txt
/mnt/deepspeech2_data/voxforge_dataset/wav/cmu_us_slt_arctic_arctic_a0349.wav,/mnt/deepspeech2_data/voxforge_dataset/txt/cmu_us_slt_arctic_arctic_a0349.txt
/mnt/deepspeech2_data/voxforge_dataset/wav/cmu_us_slt_arctic_arctic_a0115.wav,/mnt/deepspeech2_data/voxforge_dataset/txt/cmu_us_slt_arctic_arctic_a0115.txt
/mnt/deepspeech2_data/voxforge_dataset/wav/cmu_us_slt_arctic_arctic_a0104.wav,/mnt/deepspeech2_data/voxforge_dataset/txt/cmu_us_slt_arctic_arctic_a0104.txt
/mnt/deepspeech2_data/voxforge_dataset/wav/cmu_us_slt_arctic_arctic_a0560.wav,/mnt/deepspeech2_data/voxforge_dataset/txt/cmu_us_slt_arctic_arctic_a0560.txt
/mnt/deepspeech2_data/voxforge_dataset/wav/cmu_us_slt_arctic_arctic_a0556.wav,/mnt/deepspeech2_data/voxforge_dataset/txt/cmu_us_slt_arctic_arctic_a0556.txt
/mnt/deepspeech2_data/voxforge_dataset/wav/cmu_us_slt_arctic_arctic_b0438.wav,/mnt/deepspeech2_data/voxforge_dataset/txt/cmu_us_slt_arctic_arctic_b0438.txt
/mnt/deepspeech2_data/voxforge_dataset/wav/cmu_us_slt_arctic_arctic_a0308.wav,/mnt/deepspeech2_data/voxforge_dataset/txt/cmu_us_slt_arctic_arctic_a0308.txt
/mnt/deepspeech2_data/voxforge_dataset/wav/cmu_us_slt_arctic_arctic_a0555.wav,/mnt/deepspeech2_data/voxforge_dataset/txt/cmu_us_slt_arctic_arctic_a0555.txt
/mnt/deepspeech2_data/voxforge_dataset/wav/cmu_us_slt_arctic_arctic_a0371.wav,/mnt/deepspeech2_data/voxforge_dataset/txt/cmu_us_slt_arctic_arctic_a0371.txt
/mnt/deepspeech2_data/voxforge_dataset/wav/cmu_us_slt_arctic_arctic_a0116.wav,/mnt/deepspeech2_data/voxforge_dataset/txt/cmu_us_slt_arctic_arctic_a0116.txt
/mnt/deepspeech2_data/voxforge_dataset/wav/cmu_us_slt_arctic_arctic_b0209.wav,/mnt/deepspeech2_data/voxforge_dataset/txt/cmu_us_slt_arctic_arctic_b0209.txt
/mnt/deepspeech2_data/voxforge_dataset/wav/cmu_us_slt_arctic_arctic_b0297.wav,/mnt/deepspeech2_data/voxforge_dataset/txt/cmu_us_slt_arctic_arctic_b0297.txt
/mnt/deepspeech2_data/voxforge_dataset/wav/cmu_us_slt_arctic_arctic_a0276.wav,/mnt/deepspeech2_data/voxforge_dataset/txt/cmu_us_slt_arctic_arctic_a0276.txt
/mnt/deepspeech2_data/voxforge_dataset/wav/cmu_us_slt_arctic_arctic_a0573.wav,/mnt/deepspeech2_data/voxforge_dataset/txt/cmu_us_slt_arctic_arctic_a0573.txt
/mnt/deepspeech2_data/voxforge_dataset/wav/cmu_us_slt_arctic_arctic_b0304.wav,/mnt/deepspeech2_data/voxforge_dataset/txt/cmu_us_slt_arctic_arctic_b0304.txt
/mnt/deepspeech2_data/voxforge_dataset/wav/cmu_us_slt_arctic_arctic_b0095.wav,/mnt/deepspeech2_data/voxforge_dataset/txt/cmu_us_slt_arctic_arctic_b0095.txt
/mnt/deepspeech2_data/voxforge_dataset/wav/cmu_us_slt_arctic_arctic_a0402.wav,/mnt/deepspeech2_data/voxforge_dataset/txt/cmu_us_slt_arctic_arctic_a0402.txt
/mnt/deepspeech2_data/voxforge_dataset/wav/cmu_us_slt_arctic_arctic_a0347.wav,/mnt/deepspeech2_data/voxforge_dataset/txt/cmu_us_slt_arctic_arctic_a0347.txt
/mnt/deepspeech2_data/voxforge_dataset/wav/cmu_us_slt_arctic_arctic_a0478.wav,/mnt/deepspeech2_data/voxforge_dataset/txt/cmu_us_slt_arctic_arctic_a0478.txt
/mnt/deepspeech2_data/voxforge_dataset/wav/cmu_us_slt_arctic_arctic_b0340.wav,/mnt/deepspeech2_data/voxforge_dataset/txt/cmu_us_slt_arctic_arctic_b0340.txt
/mnt/deepspeech2_data/voxforge_dataset/wav/cmu_us_slt_arctic_arctic_b0360.wav,/mnt/deepspeech2_data/voxforge_dataset/txt/cmu_us_slt_arctic_arctic_b0360.txt
/mnt/deepspeech2_data/voxforge_dataset/wav/cmu_us_slt_arctic_arctic_b0104.wav,/mnt/deepspeech2_data/voxforge_dataset/txt/cmu_us_slt_arctic_arctic_b0104.txt
/mnt/deepspeech2_data/voxforge_dataset/wav/cmu_us_slt_arctic_arctic_a0527.wav,/mnt/deepspeech2_data/voxforge_dataset/txt/cmu_us_slt_arctic_arctic_a0527.txt
/mnt/deepspeech2_data/voxforge_dataset/wav/cmu_us_slt_arctic_arctic_a0561.wav,/mnt/deepspeech2_data/voxforge_dataset/txt/cmu_us_slt_arctic_arctic_a0561.txt
/mnt/deepspeech2_data/voxforge_dataset/wav/cmu_us_slt_arctic_arctic_b0039.wav,/mnt/deepspeech2_data/voxforge_dataset/txt/cmu_us_slt_arctic_arctic_b0039.txt
/mnt/deepspeech2_data/voxforge_dataset/wav/cmu_us_slt_arctic_arctic_a0398.wav,/mnt/deepspeech2_data/voxforge_dataset/txt/cmu_us_slt_arctic_arctic_a0398.txt
/mnt/deepspeech2_data/voxforge_dataset/wav/cmu_us_slt_arctic_arctic_a0477.wav,/mnt/deepspeech2_data/voxforge_dataset/txt/cmu_us_slt_arctic_arctic_a0477.txt
/mnt/deepspeech2_data/voxforge_dataset/wav/cmu_us_slt_arctic_arctic_a0147.wav,/mnt/deepspeech2_data/voxforge_dataset/txt/cmu_us_slt_arctic_arctic_a0147.txt
/mnt/deepspeech2_data/voxforge_dataset/wav/cmu_us_slt_arctic_arctic_b0374.wav,/mnt/deepspeech2_data/voxforge_dataset/txt/cmu_us_slt_arctic_arctic_b0374.txt
/mnt/deepspeech2_data/voxforge_dataset/wav/cmu_us_slt_arctic_arctic_a0380.wav,/mnt/deepspeech2_data/voxforge_dataset/txt/cmu_us_slt_arctic_arctic_a0380.txt
/mnt/deepspeech2_data/voxforge_dataset/wav/cmu_us_slt_arctic_arctic_a0525.wav,/mnt/deepspeech2_data/voxforge_dataset/txt/cmu_us_slt_arctic_arctic_a0525.txt
/mnt/deepspeech2_data/voxforge_dataset/wav/cmu_us_slt_arctic_arctic_a0577.wav,/mnt/deepspeech2_data/voxforge_dataset/txt/cmu_us_slt_arctic_arctic_a0577.txt
/mnt/deepspeech2_data/voxforge_dataset/wav/cmu_us_slt_arctic_arctic_b0460.wav,/mnt/deepspeech2_data/voxforge_dataset/txt/cmu_us_slt_arctic_arctic_b0460.txt
/mnt/deepspeech2_data/voxforge_dataset/wav/cmu_us_slt_arctic_arctic_a0570.wav,/mnt/deepspeech2_data/voxforge_dataset/txt/cmu_us_slt_arctic_arctic_a0570.txt
/mnt/deepspeech2_data/voxforge_dataset/wav/cmu_us_slt_arctic_arctic_a0407.wav,/mnt/deepspeech2_data/voxforge_dataset/txt/cmu_us_slt_arctic_arctic_a0407.txt
/mnt/deepspeech2_data/voxforge_dataset/wav/cmu_us_clb_arctic_arctic_b0043.wav,/mnt/deepspeech2_data/voxforge_dataset/txt/cmu_us_clb_arctic_arctic_b0043.txt
/mnt/deepspeech2_data/voxforge_dataset/wav/cmu_us_clb_arctic_arctic_b0354.wav,/mnt/deepspeech2_data/voxforge_dataset/txt/cmu_us_clb_arctic_arctic_b0354.txt
/mnt/deepspeech2_data/voxforge_dataset/wav/cmu_us_clb_arctic_arctic_b0166.wav,/mnt/deepspeech2_data/voxforge_dataset/txt/cmu_us_clb_arctic_arctic_b0166.txt
/mnt/deepspeech2_data/voxforge_dataset/wav/cmu_us_clb_arctic_arctic_a0102.wav,/mnt/deepspeech2_data/voxforge_dataset/txt/cmu_us_clb_arctic_arctic_a0102.txt
/mnt/deepspeech2_data/voxforge_dataset/wav/cmu_us_clb_arctic_arctic_b0232.wav,/mnt/deepspeech2_data/voxforge_dataset/txt/cmu_us_clb_arctic_arctic_b0232.txt
/mnt/deepspeech2_data/voxforge_dataset/wav/cmu_us_clb_arctic_arctic_b0033.wav,/mnt/deepspeech2_data/voxforge_dataset/txt/cmu_us_clb_arctic_arctic_b0033.txt
/mnt/deepspeech2_data/voxforge_dataset/wav/cmu_us_clb_arctic_arctic_a0195.wav,/mnt/deepspeech2_data/voxforge_dataset/txt/cmu_us_clb_arctic_arctic_a0195.txt
/mnt/deepspeech2_data/voxforge_dataset/wav/cmu_us_clb_arctic_arctic_b0239.wav,/mnt/deepspeech2_data/voxforge_dataset/txt/cmu_us_clb_arctic_arctic_b0239.txt
/mnt/deepspeech2_data/voxforge_dataset/wav/cmu_us_clb_arctic_arctic_a0015.wav,/mnt/deepspeech2_data/voxforge_dataset/txt/cmu_us_clb_arctic_arctic_a0015.txt
/mnt/deepspeech2_data/voxforge_dataset/wav/cmu_us_clb_arctic_arctic_b0015.wav,/mnt/deepspeech2_data/voxforge_dataset/txt/cmu_us_clb_arctic_arctic_b0015.txt
/mnt/deepspeech2_data/voxforge_dataset/wav/cmu_us_clb_arctic_arctic_b0337.wav,/mnt/deepspeech2_data/voxforge_dataset/txt/cmu_us_clb_arctic_arctic_b0337.txt
/mnt/deepspeech2_data/voxforge_dataset/wav/cmu_us_clb_arctic_arctic_b0270.wav,/mnt/deepspeech2_data/voxforge_dataset/txt/cmu_us_clb_arctic_arctic_b0270.txt
/mnt/deepspeech2_data/voxforge_dataset/wav/cmu_us_clb_arctic_arctic_a0590.wav,/mnt/deepspeech2_data/voxforge_dataset/txt/cmu_us_clb_arctic_arctic_a0590.txt
/mnt/deepspeech2_data/voxforge_dataset/wav/cmu_us_clb_arctic_arctic_a0480.wav,/mnt/deepspeech2_data/voxforge_dataset/txt/cmu_us_clb_arctic_arctic_a0480.txt
/mnt/deepspeech2_data/voxforge_dataset/wav/cmu_us_clb_arctic_arctic_b0311.wav,/mnt/deepspeech2_data/voxforge_dataset/txt/cmu_us_clb_arctic_arctic_b0311.txt
/mnt/deepspeech2_data/voxforge_dataset/wav/cmu_us_clb_arctic_arctic_b0040.wav,/mnt/deepspeech2_data/voxforge_dataset/txt/cmu_us_clb_arctic_arctic_b0040.txt
/mnt/deepspeech2_data/voxforge_dataset/wav/cmu_us_clb_arctic_arctic_a0460.wav,/mnt/deepspeech2_data/voxforge_dataset/txt/cmu_us_clb_arctic_arctic_a0460.txt
/mnt/deepspeech2_data/voxforge_dataset/wav/cmu_us_clb_arctic_arctic_b0475.wav,/mnt/deepspeech2_data/voxforge_dataset/txt/cmu_us_clb_arctic_arctic_b0475.txt
/mnt/deepspeech2_data/voxforge_dataset/wav/cmu_us_clb_arctic_arctic_b0058.wav,/mnt/deepspeech2_data/voxforge_dataset/txt/cmu_us_clb_arctic_arctic_b0058.txt
/mnt/deepspeech2_data/voxforge_dataset/wav/cmu_us_clb_arctic_arctic_b0134.wav,/mnt/deepspeech2_data/voxforge_dataset/txt/cmu_us_clb_arctic_arctic_b0134.txt
/mnt/deepspeech2_data/voxforge_dataset/wav/cmu_us_clb_arctic_arctic_b0267.wav,/mnt/deepspeech2_data/voxforge_dataset/txt/cmu_us_clb_arctic_arctic_b0267.txt
/mnt/deepspeech2_data/voxforge_dataset/wav/cmu_us_clb_arctic_arctic_b0245.wav,/mnt/deepspeech2_data/voxforge_dataset/txt/cmu_us_clb_arctic_arctic_b0245.txt
/mnt/deepspeech2_data/voxforge_dataset/wav/cmu_us_clb_arctic_arctic_b0278.wav,/mnt/deepspeech2_data/voxforge_dataset/txt/cmu_us_clb_arctic_arctic_b0278.txt
/mnt/deepspeech2_data/voxforge_dataset/wav/cmu_us_clb_arctic_arctic_a0309.wav,/mnt/deepspeech2_data/voxforge_dataset/txt/cmu_us_clb_arctic_arctic_a0309.txt
/mnt/deepspeech2_data/voxforge_dataset/wav/cmu_us_clb_arctic_arctic_b0268.wav,/mnt/deepspeech2_data/voxforge_dataset/txt/cmu_us_clb_arctic_arctic_b0268.txt
/mnt/deepspeech2_data/voxforge_dataset/wav/cmu_us_clb_arctic_arctic_b0338.wav,/mnt/deepspeech2_data/voxforge_dataset/txt/cmu_us_clb_arctic_arctic_b0338.txt
/mnt/deepspeech2_data/voxforge_dataset/wav/cmu_us_clb_arctic_arctic_b0335.wav,/mnt/deepspeech2_data/voxforge_dataset/txt/cmu_us_clb_arctic_arctic_b0335.txt
/mnt/deepspeech2_data/voxforge_dataset/wav/cmu_us_clb_arctic_arctic_b0353.wav,/mnt/deepspeech2_data/voxforge_dataset/txt/cmu_us_clb_arctic_arctic_b0353.txt
/mnt/deepspeech2_data/voxforge_dataset/wav/cmu_us_clb_arctic_arctic_a0118.wav,/mnt/deepspeech2_data/voxforge_dataset/txt/cmu_us_clb_arctic_arctic_a0118.txt
/mnt/deepspeech2_data/voxforge_dataset/wav/cmu_us_clb_arctic_arctic_a0505.wav,/mnt/deepspeech2_data/voxforge_dataset/txt/cmu_us_clb_arctic_arctic_a0505.txt
/mnt/deepspeech2_data/voxforge_dataset/wav/cmu_us_clb_arctic_arctic_a0313.wav,/mnt/deepspeech2_data/voxforge_dataset/txt/cmu_us_clb_arctic_arctic_a0313.txt
/mnt/deepspeech2_data/voxforge_dataset/wav/cmu_us_clb_arctic_arctic_b0401.wav,/mnt/deepspeech2_data/voxforge_dataset/txt/cmu_us_clb_arctic_arctic_b0401.txt
/mnt/deepspeech2_data/voxforge_dataset/wav/cmu_us_clb_arctic_arctic_b0344.wav,/mnt/deepspeech2_data/voxforge_dataset/txt/cmu_us_clb_arctic_arctic_b0344.txt
/mnt/deepspeech2_data/voxforge_dataset/wav/cmu_us_clb_arctic_arctic_a0223.wav,/mnt/deepspeech2_data/voxforge_dataset/txt/cmu_us_clb_arctic_arctic_a0223.txt
/mnt/deepspeech2_data/voxforge_dataset/wav/cmu_us_clb_arctic_arctic_b0147.wav,/mnt/deepspeech2_data/voxforge_dataset/txt/cmu_us_clb_arctic_arctic_b0147.txt
/mnt/deepspeech2_data/voxforge_dataset/wav/cmu_us_clb_arctic_arctic_b0070.wav,/mnt/deepspeech2_data/voxforge_dataset/txt/cmu_us_clb_arctic_arctic_b0070.txt
/mnt/deepspeech2_data/voxforge_dataset/wav/cmu_us_clb_arctic_arctic_b0521.wav,/mnt/deepspeech2_data/voxforge_dataset/txt/cmu_us_clb_arctic_arctic_b0521.txt
/mnt/deepspeech2_data/voxforge_dataset/wav/cmu_us_clb_arctic_arctic_b0019.wav,/mnt/deepspeech2_data/voxforge_dataset/txt/cmu_us_clb_arctic_arctic_b0019.txt
/mnt/deepspeech2_data/voxforge_dataset/wav/cmu_us_clb_arctic_arctic_a0281.wav,/mnt/deepspeech2_data/voxforge_dataset/txt/cmu_us_clb_arctic_arctic_a0281.txt
/mnt/deepspeech2_data/voxforge_dataset/wav/cmu_us_clb_arctic_arctic_a0099.wav,/mnt/deepspeech2_data/voxforge_dataset/txt/cmu_us_clb_arctic_arctic_a0099.txt
/mnt/deepspeech2_data/voxforge_dataset/wav/cmu_us_clb_arctic_arctic_a0270.wav,/mnt/deepspeech2_data/voxforge_dataset/txt/cmu_us_clb_arctic_arctic_a0270.txt
/mnt/deepspeech2_data/voxforge_dataset/wav/cmu_us_clb_arctic_arctic_a0396.wav,/mnt/deepspeech2_data/voxforge_dataset/txt/cmu_us_clb_arctic_arctic_a0396.txt
/mnt/deepspeech2_data/voxforge_dataset/wav/cmu_us_clb_arctic_arctic_b0136.wav,/mnt/deepspeech2_data/voxforge_dataset/txt/cmu_us_clb_arctic_arctic_b0136.txt
/mnt/deepspeech2_data/voxforge_dataset/wav/cmu_us_clb_arctic_arctic_a0187.wav,/mnt/deepspeech2_data/voxforge_dataset/txt/cmu_us_clb_arctic_arctic_a0187.txt
/mnt/deepspeech2_data/voxforge_dataset/wav/cmu_us_clb_arctic_arctic_a0271.wav,/mnt/deepspeech2_data/voxforge_dataset/txt/cmu_us_clb_arctic_arctic_a0271.txt
/mnt/deepspeech2_data/voxforge_dataset/wav/cmu_us_clb_arctic_arctic_a0083.wav,/mnt/deepspeech2_data/voxforge_dataset/txt/cmu_us_clb_arctic_arctic_a0083.txt
/mnt/deepspeech2_data/voxforge_dataset/wav/cmu_us_clb_arctic_arctic_a0185.wav,/mnt/deepspeech2_data/voxforge_dataset/txt/cmu_us_clb_arctic_arctic_a0185.txt
/mnt/deepspeech2_data/voxforge_dataset/wav/cmu_us_clb_arctic_arctic_a0049.wav,/mnt/deepspeech2_data/voxforge_dataset/txt/cmu_us_clb_arctic_arctic_a0049.txt
/mnt/deepspeech2_data/voxforge_dataset/wav/cmu_us_clb_arctic_arctic_b0068.wav,/mnt/deepspeech2_data/voxforge_dataset/txt/cmu_us_clb_arctic_arctic_b0068.txt
/mnt/deepspeech2_data/voxforge_dataset/wav/cmu_us_clb_arctic_arctic_b0022.wav,/mnt/deepspeech2_data/voxforge_dataset/txt/cmu_us_clb_arctic_arctic_b0022.txt
/mnt/deepspeech2_data/voxforge_dataset/wav/cmu_us_clb_arctic_arctic_a0574.wav,/mnt/deepspeech2_data/voxforge_dataset/txt/cmu_us_clb_arctic_arctic_a0574.txt
/mnt/deepspeech2_data/voxforge_dataset/wav/cmu_us_clb_arctic_arctic_a0427.wav,/mnt/deepspeech2_data/voxforge_dataset/txt/cmu_us_clb_arctic_arctic_a0427.txt
/mnt/deepspeech2_data/voxforge_dataset/wav/cmu_us_clb_arctic_arctic_a0274.wav,/mnt/deepspeech2_data/voxforge_dataset/txt/cmu_us_clb_arctic_arctic_a0274.txt
/mnt/deepspeech2_data/voxforge_dataset/wav/cmu_us_clb_arctic_arctic_a0403.wav,/mnt/deepspeech2_data/voxforge_dataset/txt/cmu_us_clb_arctic_arctic_a0403.txt
/mnt/deepspeech2_data/voxforge_dataset/wav/cmu_us_clb_arctic_arctic_b0185.wav,/mnt/deepspeech2_data/voxforge_dataset/txt/cmu_us_clb_arctic_arctic_b0185.txt
/mnt/deepspeech2_data/voxforge_dataset/wav/cmu_us_clb_arctic_arctic_b0528.wav,/mnt/deepspeech2_data/voxforge_dataset/txt/cmu_us_clb_arctic_arctic_b0528.txt
/mnt/deepspeech2_data/voxforge_dataset/wav/cmu_us_clb_arctic_arctic_b0223.wav,/mnt/deepspeech2_data/voxforge_dataset/txt/cmu_us_clb_arctic_arctic_b0223.txt
/mnt/deepspeech2_data/voxforge_dataset/wav/cmu_us_clb_arctic_arctic_a0264.wav,/mnt/deepspeech2_data/voxforge_dataset/txt/cmu_us_clb_arctic_arctic_a0264.txt
/mnt/deepspeech2_data/voxforge_dataset/wav/cmu_us_clb_arctic_arctic_b0013.wav,/mnt/deepspeech2_data/voxforge_dataset/txt/cmu_us_clb_arctic_arctic_b0013.txt
/mnt/deepspeech2_data/voxforge_dataset/wav/cmu_us_clb_arctic_arctic_a0378.wav,/mnt/deepspeech2_data/voxforge_dataset/txt/cmu_us_clb_arctic_arctic_a0378.txt
/mnt/deepspeech2_data/voxforge_dataset/wav/cmu_us_clb_arctic_arctic_a0542.wav,/mnt/deepspeech2_data/voxforge_dataset/txt/cmu_us_clb_arctic_arctic_a0542.txt
/mnt/deepspeech2_data/voxforge_dataset/wav/cmu_us_clb_arctic_arctic_b0280.wav,/mnt/deepspeech2_data/voxforge_dataset/txt/cmu_us_clb_arctic_arctic_b0280.txt
/mnt/deepspeech2_data/voxforge_dataset/wav/cmu_us_clb_arctic_arctic_b0437.wav,/mnt/deepspeech2_data/voxforge_dataset/txt/cmu_us_clb_arctic_arctic_b0437.txt
/mnt/deepspeech2_data/voxforge_dataset/wav/cmu_us_clb_arctic_arctic_b0445.wav,/mnt/deepspeech2_data/voxforge_dataset/txt/cmu_us_clb_arctic_arctic_b0445.txt
/mnt/deepspeech2_data/voxforge_dataset/wav/cmu_us_clb_arctic_arctic_b0330.wav,/mnt/deepspeech2_data/voxforge_dataset/txt/cmu_us_clb_arctic_arctic_b0330.txt
/mnt/deepspeech2_data/voxforge_dataset/wav/cmu_us_clb_arctic_arctic_a0199.wav,/mnt/deepspeech2_data/voxforge_dataset/txt/cmu_us_clb_arctic_arctic_a0199.txt
/mnt/deepspeech2_data/voxforge_dataset/wav/cmu_us_clb_arctic_arctic_a0552.wav,/mnt/deepspeech2_data/voxforge_dataset/txt/cmu_us_clb_arctic_arctic_a0552.txt
/mnt/deepspeech2_data/voxforge_dataset/wav/cmu_us_clb_arctic_arctic_b0089.wav,/mnt/deepspeech2_data/voxforge_dataset/txt/cmu_us_clb_arctic_arctic_b0089.txt
/mnt/deepspeech2_data/voxforge_dataset/wav/cmu_us_clb_arctic_arctic_a0208.wav,/mnt/deepspeech2_data/voxforge_dataset/txt/cmu_us_clb_arctic_arctic_a0208.txt
/mnt/deepspeech2_data/voxforge_dataset/wav/cmu_us_clb_arctic_arctic_b0361.wav,/mnt/deepspeech2_data/voxforge_dataset/txt/cmu_us_clb_arctic_arctic_b0361.txt
/mnt/deepspeech2_data/voxforge_dataset/wav/cmu_us_clb_arctic_arctic_a0012.wav,/mnt/deepspeech2_data/voxforge_dataset/txt/cmu_us_clb_arctic_arctic_a0012.txt
/mnt/deepspeech2_data/voxforge_dataset/wav/cmu_us_clb_arctic_arctic_a0523.wav,/mnt/deepspeech2_data/voxforge_dataset/txt/cmu_us_clb_arctic_arctic_a0523.txt
/mnt/deepspeech2_data/voxforge_dataset/wav/cmu_us_clb_arctic_arctic_a0357.wav,/mnt/deepspeech2_data/voxforge_dataset/txt/cmu_us_clb_arctic_arctic_a0357.txt
/mnt/deepspeech2_data/voxforge_dataset/wav/cmu_us_clb_arctic_arctic_a0418.wav,/mnt/deepspeech2_data/voxforge_dataset/txt/cmu_us_clb_arctic_arctic_a0418.txt
/mnt/deepspeech2_data/voxforge_dataset/wav/cmu_us_clb_arctic_arctic_a0265.wav,/mnt/deepspeech2_data/voxforge_dataset/txt/cmu_us_clb_arctic_arctic_a0265.txt
/mnt/deepspeech2_data/voxforge_dataset/wav/cmu_us_clb_arctic_arctic_a0529.wav,/mnt/deepspeech2_data/voxforge_dataset/txt/cmu_us_clb_arctic_arctic_a0529.txt
/mnt/deepspeech2_data/voxforge_dataset/wav/cmu_us_clb_arctic_arctic_a0545.wav,/mnt/deepspeech2_data/voxforge_dataset/txt/cmu_us_clb_arctic_arctic_a0545.txt
/mnt/deepspeech2_data/voxforge_dataset/wav/cmu_us_clb_arctic_arctic_b0348.wav,/mnt/deepspeech2_data/voxforge_dataset/txt/cmu_us_clb_arctic_arctic_b0348.txt
/mnt/deepspeech2_data/voxforge_dataset/wav/cmu_us_clb_arctic_arctic_b0458.wav,/mnt/deepspeech2_data/voxforge_dataset/txt/cmu_us_clb_arctic_arctic_b0458.txt
/mnt/deepspeech2_data/voxforge_dataset/wav/cmu_us_clb_arctic_arctic_a0197.wav,/mnt/deepspeech2_data/voxforge_dataset/txt/cmu_us_clb_arctic_arctic_a0197.txt
/mnt/deepspeech2_data/voxforge_dataset/wav/cmu_us_clb_arctic_arctic_a0554.wav,/mnt/deepspeech2_data/voxforge_dataset/txt/cmu_us_clb_arctic_arctic_a0554.txt
/mnt/deepspeech2_data/voxforge_dataset/wav/cmu_us_clb_arctic_arctic_b0078.wav,/mnt/deepspeech2_data/voxforge_dataset/txt/cmu_us_clb_arctic_arctic_b0078.txt
/mnt/deepspeech2_data/voxforge_dataset/wav/cmu_us_clb_arctic_arctic_a0166.wav,/mnt/deepspeech2_data/voxforge_dataset/txt/cmu_us_clb_arctic_arctic_a0166.txt
/mnt/deepspeech2_data/voxforge_dataset/wav/cmu_us_clb_arctic_arctic_a0087.wav,/mnt/deepspeech2_data/voxforge_dataset/txt/cmu_us_clb_arctic_arctic_a0087.txt
/mnt/deepspeech2_data/voxforge_dataset/wav/cmu_us_clb_arctic_arctic_b0162.wav,/mnt/deepspeech2_data/voxforge_dataset/txt/cmu_us_clb_arctic_arctic_b0162.txt
/mnt/deepspeech2_data/voxforge_dataset/wav/cmu_us_clb_arctic_arctic_b0122.wav,/mnt/deepspeech2_data/voxforge_dataset/txt/cmu_us_clb_arctic_arctic_b0122.txt
/mnt/deepspeech2_data/voxforge_dataset/wav/cmu_us_clb_arctic_arctic_b0307.wav,/mnt/deepspeech2_data/voxforge_dataset/txt/cmu_us_clb_arctic_arctic_b0307.txt
/mnt/deepspeech2_data/voxforge_dataset/wav/cmu_us_clb_arctic_arctic_b0048.wav,/mnt/deepspeech2_data/voxforge_dataset/txt/cmu_us_clb_arctic_arctic_b0048.txt
/mnt/deepspeech2_data/voxforge_dataset/wav/cmu_us_clb_arctic_arctic_a0416.wav,/mnt/deepspeech2_data/voxforge_dataset/txt/cmu_us_clb_arctic_arctic_a0416.txt
/mnt/deepspeech2_data/voxforge_dataset/wav/cmu_us_clb_arctic_arctic_a0308.wav,/mnt/deepspeech2_data/voxforge_dataset/txt/cmu_us_clb_arctic_arctic_a0308.txt
/mnt/deepspeech2_data/voxforge_dataset/wav/cmu_us_clb_arctic_arctic_a0268.wav,/mnt/deepspeech2_data/voxforge_dataset/txt/cmu_us_clb_arctic_arctic_a0268.txt
/mnt/deepspeech2_data/voxforge_dataset/wav/cmu_us_clb_arctic_arctic_a0254.wav,/mnt/deepspeech2_data/voxforge_dataset/txt/cmu_us_clb_arctic_arctic_a0254.txt
/mnt/deepspeech2_data/voxforge_dataset/wav/cmu_us_clb_arctic_arctic_a0138.wav,/mnt/deepspeech2_data/voxforge_dataset/txt/cmu_us_clb_arctic_arctic_a0138.txt
/mnt/deepspeech2_data/voxforge_dataset/wav/cmu_us_clb_arctic_arctic_a0464.wav,/mnt/deepspeech2_data/voxforge_dataset/txt/cmu_us_clb_arctic_arctic_a0464.txt
/mnt/deepspeech2_data/voxforge_dataset/wav/cmu_us_clb_arctic_arctic_a0337.wav,/mnt/deepspeech2_data/voxforge_dataset/txt/cmu_us_clb_arctic_arctic_a0337.txt
/mnt/deepspeech2_data/voxforge_dataset/wav/cmu_us_clb_arctic_arctic_a0481.wav,/mnt/deepspeech2_data/voxforge_dataset/txt/cmu_us_clb_arctic_arctic_a0481.txt
/mnt/deepspeech2_data/voxforge_dataset/wav/cmu_us_clb_arctic_arctic_b0281.wav,/mnt/deepspeech2_data/voxforge_dataset/txt/cmu_us_clb_arctic_arctic_b0281.txt
/mnt/deepspeech2_data/voxforge_dataset/wav/cmu_us_clb_arctic_arctic_a0398.wav,/mnt/deepspeech2_data/voxforge_dataset/txt/cmu_us_clb_arctic_arctic_a0398.txt
/mnt/deepspeech2_data/voxforge_dataset/wav/cmu_us_clb_arctic_arctic_a0382.wav,/mnt/deepspeech2_data/voxforge_dataset/txt/cmu_us_clb_arctic_arctic_a0382.txt
/mnt/deepspeech2_data/voxforge_dataset/wav/cmu_us_clb_arctic_arctic_b0484.wav,/mnt/deepspeech2_data/voxforge_dataset/txt/cmu_us_clb_arctic_arctic_b0484.txt
/mnt/deepspeech2_data/voxforge_dataset/wav/cmu_us_clb_arctic_arctic_a0569.wav,/mnt/deepspeech2_data/voxforge_dataset/txt/cmu_us_clb_arctic_arctic_a0569.txt
/mnt/deepspeech2_data/voxforge_dataset/wav/cmu_us_clb_arctic_arctic_b0167.wav,/mnt/deepspeech2_data/voxforge_dataset/txt/cmu_us_clb_arctic_arctic_b0167.txt
/mnt/deepspeech2_data/voxforge_dataset/wav/cmu_us_clb_arctic_arctic_a0347.wav,/mnt/deepspeech2_data/voxforge_dataset/txt/cmu_us_clb_arctic_arctic_a0347.txt
/mnt/deepspeech2_data/voxforge_dataset/wav/cmu_us_clb_arctic_arctic_b0123.wav,/mnt/deepspeech2_data/voxforge_dataset/txt/cmu_us_clb_arctic_arctic_b0123.txt
/mnt/deepspeech2_data/voxforge_dataset/wav/cmu_us_clb_arctic_arctic_a0153.wav,/mnt/deepspeech2_data/voxforge_dataset/txt/cmu_us_clb_arctic_arctic_a0153.txt
/mnt/deepspeech2_data/voxforge_dataset/wav/cmu_us_clb_arctic_arctic_b0524.wav,/mnt/deepspeech2_data/voxforge_dataset/txt/cmu_us_clb_arctic_arctic_b0524.txt
/mnt/deepspeech2_data/voxforge_dataset/wav/cmu_us_clb_arctic_arctic_a0437.wav,/mnt/deepspeech2_data/voxforge_dataset/txt/cmu_us_clb_arctic_arctic_a0437.txt
/mnt/deepspeech2_data/voxforge_dataset/wav/cmu_us_clb_arctic_arctic_a0422.wav,/mnt/deepspeech2_data/voxforge_dataset/txt/cmu_us_clb_arctic_arctic_a0422.txt
/mnt/deepspeech2_data/voxforge_dataset/wav/cmu_us_clb_arctic_arctic_b0498.wav,/mnt/deepspeech2_data/voxforge_dataset/txt/cmu_us_clb_arctic_arctic_b0498.txt
/mnt/deepspeech2_data/voxforge_dataset/wav/cmu_us_clb_arctic_arctic_a0487.wav,/mnt/deepspeech2_data/voxforge_dataset/txt/cmu_us_clb_arctic_arctic_a0487.txt
/mnt/deepspeech2_data/voxforge_dataset/wav/cmu_us_clb_arctic_arctic_a0298.wav,/mnt/deepspeech2_data/voxforge_dataset/txt/cmu_us_clb_arctic_arctic_a0298.txt
/mnt/deepspeech2_data/voxforge_dataset/wav/cmu_us_clb_arctic_arctic_b0487.wav,/mnt/deepspeech2_data/voxforge_dataset/txt/cmu_us_clb_arctic_arctic_b0487.txt
/mnt/deepspeech2_data/voxforge_dataset/wav/cmu_us_clb_arctic_arctic_b0242.wav,/mnt/deepspeech2_data/voxforge_dataset/txt/cmu_us_clb_arctic_arctic_b0242.txt
/mnt/deepspeech2_data/voxforge_dataset/wav/cmu_us_rms_arctic_arctic_a0030.wav,/mnt/deepspeech2_data/voxforge_dataset/txt/cmu_us_rms_arctic_arctic_a0030.txt
/mnt/deepspeech2_data/voxforge_dataset/wav/cmu_us_rms_arctic_arctic_a0379.wav,/mnt/deepspeech2_data/voxforge_dataset/txt/cmu_us_rms_arctic_arctic_a0379.txt
/mnt/deepspeech2_data/voxforge_dataset/wav/cmu_us_rms_arctic_arctic_a0193.wav,/mnt/deepspeech2_data/voxforge_dataset/txt/cmu_us_rms_arctic_arctic_a0193.txt
/mnt/deepspeech2_data/voxforge_dataset/wav/cmu_us_rms_arctic_arctic_a0015.wav,/mnt/deepspeech2_data/voxforge_dataset/txt/cmu_us_rms_arctic_arctic_a0015.txt
/mnt/deepspeech2_data/voxforge_dataset/wav/cmu_us_rms_arctic_arctic_b0336.wav,/mnt/deepspeech2_data/voxforge_dataset/txt/cmu_us_rms_arctic_arctic_b0336.txt
/mnt/deepspeech2_data/voxforge_dataset/wav/cmu_us_rms_arctic_arctic_a0240.wav,/mnt/deepspeech2_data/voxforge_dataset/txt/cmu_us_rms_arctic_arctic_a0240.txt
/mnt/deepspeech2_data/voxforge_dataset/wav/cmu_us_rms_arctic_arctic_a0579.wav,/mnt/deepspeech2_data/voxforge_dataset/txt/cmu_us_rms_arctic_arctic_a0579.txt
/mnt/deepspeech2_data/voxforge_dataset/wav/cmu_us_rms_arctic_arctic_a0100.wav,/mnt/deepspeech2_data/voxforge_dataset/txt/cmu_us_rms_arctic_arctic_a0100.txt
/mnt/deepspeech2_data/voxforge_dataset/wav/cmu_us_rms_arctic_arctic_a0589.wav,/mnt/deepspeech2_data/voxforge_dataset/txt/cmu_us_rms_arctic_arctic_a0589.txt
/mnt/deepspeech2_data/voxforge_dataset/wav/cmu_us_rms_arctic_arctic_b0511.wav,/mnt/deepspeech2_data/voxforge_dataset/txt/cmu_us_rms_arctic_arctic_b0511.txt
/mnt/deepspeech2_data/voxforge_dataset/wav/cmu_us_rms_arctic_arctic_b0500.wav,/mnt/deepspeech2_data/voxforge_dataset/txt/cmu_us_rms_arctic_arctic_b0500.txt
/mnt/deepspeech2_data/voxforge_dataset/wav/cmu_us_rms_arctic_arctic_b0311.wav,/mnt/deepspeech2_data/voxforge_dataset/txt/cmu_us_rms_arctic_arctic_b0311.txt
/mnt/deepspeech2_data/voxforge_dataset/wav/cmu_us_rms_arctic_arctic_a0041.wav,/mnt/deepspeech2_data/voxforge_dataset/txt/cmu_us_rms_arctic_arctic_a0041.txt
/mnt/deepspeech2_data/voxforge_dataset/wav/cmu_us_rms_arctic_arctic_a0259.wav,/mnt/deepspeech2_data/voxforge_dataset/txt/cmu_us_rms_arctic_arctic_a0259.txt
/mnt/deepspeech2_data/voxforge_dataset/wav/cmu_us_rms_arctic_arctic_a0194.wav,/mnt/deepspeech2_data/voxforge_dataset/txt/cmu_us_rms_arctic_arctic_a0194.txt
/mnt/deepspeech2_data/voxforge_dataset/wav/cmu_us_rms_arctic_arctic_b0062.wav,/mnt/deepspeech2_data/voxforge_dataset/txt/cmu_us_rms_arctic_arctic_b0062.txt
/mnt/deepspeech2_data/voxforge_dataset/wav/cmu_us_rms_arctic_arctic_a0290.wav,/mnt/deepspeech2_data/voxforge_dataset/txt/cmu_us_rms_arctic_arctic_a0290.txt
/mnt/deepspeech2_data/voxforge_dataset/wav/cmu_us_rms_arctic_arctic_a0067.wav,/mnt/deepspeech2_data/voxforge_dataset/txt/cmu_us_rms_arctic_arctic_a0067.txt
/mnt/deepspeech2_data/voxforge_dataset/wav/cmu_us_rms_arctic_arctic_b0079.wav,/mnt/deepspeech2_data/voxforge_dataset/txt/cmu_us_rms_arctic_arctic_b0079.txt
/mnt/deepspeech2_data/voxforge_dataset/wav/cmu_us_rms_arctic_arctic_a0228.wav,/mnt/deepspeech2_data/voxforge_dataset/txt/cmu_us_rms_arctic_arctic_a0228.txt
/mnt/deepspeech2_data/voxforge_dataset/wav/cmu_us_rms_arctic_arctic_a0516.wav,/mnt/deepspeech2_data/voxforge_dataset/txt/cmu_us_rms_arctic_arctic_a0516.txt
/mnt/deepspeech2_data/voxforge_dataset/wav/cmu_us_rms_arctic_arctic_b0097.wav,/mnt/deepspeech2_data/voxforge_dataset/txt/cmu_us_rms_arctic_arctic_b0097.txt
/mnt/deepspeech2_data/voxforge_dataset/wav/cmu_us_rms_arctic_arctic_a0296.wav,/mnt/deepspeech2_data/voxforge_dataset/txt/cmu_us_rms_arctic_arctic_a0296.txt
/mnt/deepspeech2_data/voxforge_dataset/wav/cmu_us_rms_arctic_arctic_b0443.wav,/mnt/deepspeech2_data/voxforge_dataset/txt/cmu_us_rms_arctic_arctic_b0443.txt
/mnt/deepspeech2_data/voxforge_dataset/wav/cmu_us_rms_arctic_arctic_a0338.wav,/mnt/deepspeech2_data/voxforge_dataset/txt/cmu_us_rms_arctic_arctic_a0338.txt
/mnt/deepspeech2_data/voxforge_dataset/wav/cmu_us_rms_arctic_arctic_b0213.wav,/mnt/deepspeech2_data/voxforge_dataset/txt/cmu_us_rms_arctic_arctic_b0213.txt
/mnt/deepspeech2_data/voxforge_dataset/wav/cmu_us_rms_arctic_arctic_b0325.wav,/mnt/deepspeech2_data/voxforge_dataset/txt/cmu_us_rms_arctic_arctic_b0325.txt
/mnt/deepspeech2_data/voxforge_dataset/wav/cmu_us_rms_arctic_arctic_b0198.wav,/mnt/deepspeech2_data/voxforge_dataset/txt/cmu_us_rms_arctic_arctic_b0198.txt
/mnt/deepspeech2_data/voxforge_dataset/wav/cmu_us_rms_arctic_arctic_a0173.wav,/mnt/deepspeech2_data/voxforge_dataset/txt/cmu_us_rms_arctic_arctic_a0173.txt
/mnt/deepspeech2_data/voxforge_dataset/wav/cmu_us_rms_arctic_arctic_a0078.wav,/mnt/deepspeech2_data/voxforge_dataset/txt/cmu_us_rms_arctic_arctic_a0078.txt
/mnt/deepspeech2_data/voxforge_dataset/wav/cmu_us_rms_arctic_arctic_a0432.wav,/mnt/deepspeech2_data/voxforge_dataset/txt/cmu_us_rms_arctic_arctic_a0432.txt
/mnt/deepspeech2_data/voxforge_dataset/wav/cmu_us_rms_arctic_arctic_a0056.wav,/mnt/deepspeech2_data/voxforge_dataset/txt/cmu_us_rms_arctic_arctic_a0056.txt
/mnt/deepspeech2_data/voxforge_dataset/wav/cmu_us_rms_arctic_arctic_a0496.wav,/mnt/deepspeech2_data/voxforge_dataset/txt/cmu_us_rms_arctic_arctic_a0496.txt
/mnt/deepspeech2_data/voxforge_dataset/wav/cmu_us_rms_arctic_arctic_b0381.wav,/mnt/deepspeech2_data/voxforge_dataset/txt/cmu_us_rms_arctic_arctic_b0381.txt
/mnt/deepspeech2_data/voxforge_dataset/wav/cmu_us_rms_arctic_arctic_b0107.wav,/mnt/deepspeech2_data/voxforge_dataset/txt/cmu_us_rms_arctic_arctic_b0107.txt
/mnt/deepspeech2_data/voxforge_dataset/wav/cmu_us_rms_arctic_arctic_a0103.wav,/mnt/deepspeech2_data/voxforge_dataset/txt/cmu_us_rms_arctic_arctic_a0103.txt
/mnt/deepspeech2_data/voxforge_dataset/wav/cmu_us_rms_arctic_arctic_a0229.wav,/mnt/deepspeech2_data/voxforge_dataset/txt/cmu_us_rms_arctic_arctic_a0229.txt
/mnt/deepspeech2_data/voxforge_dataset/wav/cmu_us_rms_arctic_arctic_a0270.wav,/mnt/deepspeech2_data/voxforge_dataset/txt/cmu_us_rms_arctic_arctic_a0270.txt
/mnt/deepspeech2_data/voxforge_dataset/wav/cmu_us_rms_arctic_arctic_a0301.wav,/mnt/deepspeech2_data/voxforge_dataset/txt/cmu_us_rms_arctic_arctic_a0301.txt
/mnt/deepspeech2_data/voxforge_dataset/wav/cmu_us_rms_arctic_arctic_a0493.wav,/mnt/deepspeech2_data/voxforge_dataset/txt/cmu_us_rms_arctic_arctic_a0493.txt
/mnt/deepspeech2_data/voxforge_dataset/wav/cmu_us_rms_arctic_arctic_a0435.wav,/mnt/deepspeech2_data/voxforge_dataset/txt/cmu_us_rms_arctic_arctic_a0435.txt
/mnt/deepspeech2_data/voxforge_dataset/wav/cmu_us_rms_arctic_arctic_a0331.wav,/mnt/deepspeech2_data/voxforge_dataset/txt/cmu_us_rms_arctic_arctic_a0331.txt
/mnt/deepspeech2_data/voxforge_dataset/wav/cmu_us_rms_arctic_arctic_b0267.wav,/mnt/deepspeech2_data/voxforge_dataset/txt/cmu_us_rms_arctic_arctic_b0267.txt
/mnt/deepspeech2_data/voxforge_dataset/wav/cmu_us_rms_arctic_arctic_a0010.wav,/mnt/deepspeech2_data/voxforge_dataset/txt/cmu_us_rms_arctic_arctic_a0010.txt
/mnt/deepspeech2_data/voxforge_dataset/wav/cmu_us_rms_arctic_arctic_a0142.wav,/mnt/deepspeech2_data/voxforge_dataset/txt/cmu_us_rms_arctic_arctic_a0142.txt
/mnt/deepspeech2_data/voxforge_dataset/wav/cmu_us_rms_arctic_arctic_a0126.wav,/mnt/deepspeech2_data/voxforge_dataset/txt/cmu_us_rms_arctic_arctic_a0126.txt
/mnt/deepspeech2_data/voxforge_dataset/wav/cmu_us_rms_arctic_arctic_b0219.wav,/mnt/deepspeech2_data/voxforge_dataset/txt/cmu_us_rms_arctic_arctic_b0219.txt
/mnt/deepspeech2_data/voxforge_dataset/wav/cmu_us_rms_arctic_arctic_b0197.wav,/mnt/deepspeech2_data/voxforge_dataset/txt/cmu_us_rms_arctic_arctic_b0197.txt
/mnt/deepspeech2_data/voxforge_dataset/wav/cmu_us_rms_arctic_arctic_b0474.wav,/mnt/deepspeech2_data/voxforge_dataset/txt/cmu_us_rms_arctic_arctic_b0474.txt
/mnt/deepspeech2_data/voxforge_dataset/wav/cmu_us_rms_arctic_arctic_a0344.wav,/mnt/deepspeech2_data/voxforge_dataset/txt/cmu_us_rms_arctic_arctic_a0344.txt
/mnt/deepspeech2_data/voxforge_dataset/wav/cmu_us_rms_arctic_arctic_b0116.wav,/mnt/deepspeech2_data/voxforge_dataset/txt/cmu_us_rms_arctic_arctic_b0116.txt
/mnt/deepspeech2_data/voxforge_dataset/wav/cmu_us_rms_arctic_arctic_b0416.wav,/mnt/deepspeech2_data/voxforge_dataset/txt/cmu_us_rms_arctic_arctic_b0416.txt
/mnt/deepspeech2_data/voxforge_dataset/wav/cmu_us_rms_arctic_arctic_b0240.wav,/mnt/deepspeech2_data/voxforge_dataset/txt/cmu_us_rms_arctic_arctic_b0240.txt
/mnt/deepspeech2_data/voxforge_dataset/wav/cmu_us_rms_arctic_arctic_a0148.wav,/mnt/deepspeech2_data/voxforge_dataset/txt/cmu_us_rms_arctic_arctic_a0148.txt
/mnt/deepspeech2_data/voxforge_dataset/wav/cmu_us_rms_arctic_arctic_a0587.wav,/mnt/deepspeech2_data/voxforge_dataset/txt/cmu_us_rms_arctic_arctic_a0587.txt
/mnt/deepspeech2_data/voxforge_dataset/wav/cmu_us_rms_arctic_arctic_a0585.wav,/mnt/deepspeech2_data/voxforge_dataset/txt/cmu_us_rms_arctic_arctic_a0585.txt
/mnt/deepspeech2_data/voxforge_dataset/wav/cmu_us_rms_arctic_arctic_a0361.wav,/mnt/deepspeech2_data/voxforge_dataset/txt/cmu_us_rms_arctic_arctic_a0361.txt
/mnt/deepspeech2_data/voxforge_dataset/wav/cmu_us_rms_arctic_arctic_a0170.wav,/mnt/deepspeech2_data/voxforge_dataset/txt/cmu_us_rms_arctic_arctic_a0170.txt
/mnt/deepspeech2_data/voxforge_dataset/wav/cmu_us_rms_arctic_arctic_b0094.wav,/mnt/deepspeech2_data/voxforge_dataset/txt/cmu_us_rms_arctic_arctic_b0094.txt
/mnt/deepspeech2_data/voxforge_dataset/wav/cmu_us_rms_arctic_arctic_a0172.wav,/mnt/deepspeech2_data/voxforge_dataset/txt/cmu_us_rms_arctic_arctic_a0172.txt
/mnt/deepspeech2_data/voxforge_dataset/wav/cmu_us_rms_arctic_arctic_b0144.wav,/mnt/deepspeech2_data/voxforge_dataset/txt/cmu_us_rms_arctic_arctic_b0144.txt
/mnt/deepspeech2_data/voxforge_dataset/wav/cmu_us_rms_arctic_arctic_a0013.wav,/mnt/deepspeech2_data/voxforge_dataset/txt/cmu_us_rms_arctic_arctic_a0013.txt
/mnt/deepspeech2_data/voxforge_dataset/wav/cmu_us_rms_arctic_arctic_b0187.wav,/mnt/deepspeech2_data/voxforge_dataset/txt/cmu_us_rms_arctic_arctic_b0187.txt
/mnt/deepspeech2_data/voxforge_dataset/wav/cmu_us_rms_arctic_arctic_b0466.wav,/mnt/deepspeech2_data/voxforge_dataset/txt/cmu_us_rms_arctic_arctic_b0466.txt
/mnt/deepspeech2_data/voxforge_dataset/wav/cmu_us_rms_arctic_arctic_b0461.wav,/mnt/deepspeech2_data/voxforge_dataset/txt/cmu_us_rms_arctic_arctic_b0461.txt
/mnt/deepspeech2_data/voxforge_dataset/wav/cmu_us_rms_arctic_arctic_a0513.wav,/mnt/deepspeech2_data/voxforge_dataset/txt/cmu_us_rms_arctic_arctic_a0513.txt
/mnt/deepspeech2_data/voxforge_dataset/wav/cmu_us_rms_arctic_arctic_a0417.wav,/mnt/deepspeech2_data/voxforge_dataset/txt/cmu_us_rms_arctic_arctic_a0417.txt
/mnt/deepspeech2_data/voxforge_dataset/wav/cmu_us_rms_arctic_arctic_b0177.wav,/mnt/deepspeech2_data/voxforge_dataset/txt/cmu_us_rms_arctic_arctic_b0177.txt
/mnt/deepspeech2_data/voxforge_dataset/wav/cmu_us_rms_arctic_arctic_a0265.wav,/mnt/deepspeech2_data/voxforge_dataset/txt/cmu_us_rms_arctic_arctic_a0265.txt
/mnt/deepspeech2_data/voxforge_dataset/wav/cmu_us_rms_arctic_arctic_a0501.wav,/mnt/deepspeech2_data/voxforge_dataset/txt/cmu_us_rms_arctic_arctic_a0501.txt
/mnt/deepspeech2_data/voxforge_dataset/wav/cmu_us_rms_arctic_arctic_b0332.wav,/mnt/deepspeech2_data/voxforge_dataset/txt/cmu_us_rms_arctic_arctic_b0332.txt
/mnt/deepspeech2_data/voxforge_dataset/wav/cmu_us_rms_arctic_arctic_b0518.wav,/mnt/deepspeech2_data/voxforge_dataset/txt/cmu_us_rms_arctic_arctic_b0518.txt
/mnt/deepspeech2_data/voxforge_dataset/wav/cmu_us_rms_arctic_arctic_a0047.wav,/mnt/deepspeech2_data/voxforge_dataset/txt/cmu_us_rms_arctic_arctic_a0047.txt
/mnt/deepspeech2_data/voxforge_dataset/wav/cmu_us_rms_arctic_arctic_b0171.wav,/mnt/deepspeech2_data/voxforge_dataset/txt/cmu_us_rms_arctic_arctic_b0171.txt
/mnt/deepspeech2_data/voxforge_dataset/wav/cmu_us_rms_arctic_arctic_a0372.wav,/mnt/deepspeech2_data/voxforge_dataset/txt/cmu_us_rms_arctic_arctic_a0372.txt
/mnt/deepspeech2_data/voxforge_dataset/wav/cmu_us_rms_arctic_arctic_a0477.wav,/mnt/deepspeech2_data/voxforge_dataset/txt/cmu_us_rms_arctic_arctic_a0477.txt
/mnt/deepspeech2_data/voxforge_dataset/wav/cmu_us_rms_arctic_arctic_b0534.wav,/mnt/deepspeech2_data/voxforge_dataset/txt/cmu_us_rms_arctic_arctic_b0534.txt
/mnt/deepspeech2_data/voxforge_dataset/wav/cmu_us_rms_arctic_arctic_a0529.wav,/mnt/deepspeech2_data/voxforge_dataset/txt/cmu_us_rms_arctic_arctic_a0529.txt
/mnt/deepspeech2_data/voxforge_dataset/wav/cmu_us_rms_arctic_arctic_b0006.wav,/mnt/deepspeech2_data/voxforge_dataset/txt/cmu_us_rms_arctic_arctic_b0006.txt
/mnt/deepspeech2_data/voxforge_dataset/wav/cmu_us_rms_arctic_arctic_a0416.wav,/mnt/deepspeech2_data/voxforge_dataset/txt/cmu_us_rms_arctic_arctic_a0416.txt
/mnt/deepspeech2_data/voxforge_dataset/wav/cmu_us_rms_arctic_arctic_a0033.wav,/mnt/deepspeech2_data/voxforge_dataset/txt/cmu_us_rms_arctic_arctic_a0033.txt
/mnt/deepspeech2_data/voxforge_dataset/wav/cmu_us_rms_arctic_arctic_a0324.wav,/mnt/deepspeech2_data/voxforge_dataset/txt/cmu_us_rms_arctic_arctic_a0324.txt
/mnt/deepspeech2_data/voxforge_dataset/wav/cmu_us_rms_arctic_arctic_b0315.wav,/mnt/deepspeech2_data/voxforge_dataset/txt/cmu_us_rms_arctic_arctic_b0315.txt
/mnt/deepspeech2_data/voxforge_dataset/wav/cmu_us_rms_arctic_arctic_b0016.wav,/mnt/deepspeech2_data/voxforge_dataset/txt/cmu_us_rms_arctic_arctic_b0016.txt
/mnt/deepspeech2_data/voxforge_dataset/wav/cmu_us_rms_arctic_arctic_a0438.wav,/mnt/deepspeech2_data/voxforge_dataset/txt/cmu_us_rms_arctic_arctic_a0438.txt
/mnt/deepspeech2_data/voxforge_dataset/wav/cmu_us_rms_arctic_arctic_b0238.wav,/mnt/deepspeech2_data/voxforge_dataset/txt/cmu_us_rms_arctic_arctic_b0238.txt
/mnt/deepspeech2_data/voxforge_dataset/wav/cmu_us_rms_arctic_arctic_a0401.wav,/mnt/deepspeech2_data/voxforge_dataset/txt/cmu_us_rms_arctic_arctic_a0401.txt
/mnt/deepspeech2_data/voxforge_dataset/wav/cmu_us_rms_arctic_arctic_a0549.wav,/mnt/deepspeech2_data/voxforge_dataset/txt/cmu_us_rms_arctic_arctic_a0549.txt
/mnt/deepspeech2_data/voxforge_dataset/wav/cmu_us_rms_arctic_arctic_a0455.wav,/mnt/deepspeech2_data/voxforge_dataset/txt/cmu_us_rms_arctic_arctic_a0455.txt
/mnt/deepspeech2_data/voxforge_dataset/wav/cmu_us_rms_arctic_arctic_b0049.wav,/mnt/deepspeech2_data/voxforge_dataset/txt/cmu_us_rms_arctic_arctic_b0049.txt
/mnt/deepspeech2_data/voxforge_dataset/wav/cmu_us_rms_arctic_arctic_a0527.wav,/mnt/deepspeech2_data/voxforge_dataset/txt/cmu_us_rms_arctic_arctic_a0527.txt
/mnt/deepspeech2_data/voxforge_dataset/wav/cmu_us_rms_arctic_arctic_b0316.wav,/mnt/deepspeech2_data/voxforge_dataset/txt/cmu_us_rms_arctic_arctic_b0316.txt
/mnt/deepspeech2_data/voxforge_dataset/wav/cmu_us_rms_arctic_arctic_a0186.wav,/mnt/deepspeech2_data/voxforge_dataset/txt/cmu_us_rms_arctic_arctic_a0186.txt
/mnt/deepspeech2_data/voxforge_dataset/wav/cmu_us_rms_arctic_arctic_a0566.wav,/mnt/deepspeech2_data/voxforge_dataset/txt/cmu_us_rms_arctic_arctic_a0566.txt
/mnt/deepspeech2_data/voxforge_dataset/wav/cmu_us_rms_arctic_arctic_b0122.wav,/mnt/deepspeech2_data/voxforge_dataset/txt/cmu_us_rms_arctic_arctic_b0122.txt
/mnt/deepspeech2_data/voxforge_dataset/wav/cmu_us_rms_arctic_arctic_b0458.wav,/mnt/deepspeech2_data/voxforge_dataset/txt/cmu_us_rms_arctic_arctic_b0458.txt
/mnt/deepspeech2_data/voxforge_dataset/wav/cmu_us_rms_arctic_arctic_a0268.wav,/mnt/deepspeech2_data/voxforge_dataset/txt/cmu_us_rms_arctic_arctic_a0268.txt
/mnt/deepspeech2_data/voxforge_dataset/wav/cmu_us_rms_arctic_arctic_b0029.wav,/mnt/deepspeech2_data/voxforge_dataset/txt/cmu_us_rms_arctic_arctic_b0029.txt
/mnt/deepspeech2_data/voxforge_dataset/wav/cmu_us_rms_arctic_arctic_a0466.wav,/mnt/deepspeech2_data/voxforge_dataset/txt/cmu_us_rms_arctic_arctic_a0466.txt
/mnt/deepspeech2_data/voxforge_dataset/wav/cmu_us_rms_arctic_arctic_b0011.wav,/mnt/deepspeech2_data/voxforge_dataset/txt/cmu_us_rms_arctic_arctic_b0011.txt
/mnt/deepspeech2_data/voxforge_dataset/wav/cmu_us_rms_arctic_arctic_a0368.wav,/mnt/deepspeech2_data/voxforge_dataset/txt/cmu_us_rms_arctic_arctic_a0368.txt
/mnt/deepspeech2_data/voxforge_dataset/wav/cmu_us_rms_arctic_arctic_b0508.wav,/mnt/deepspeech2_data/voxforge_dataset/txt/cmu_us_rms_arctic_arctic_b0508.txt
/mnt/deepspeech2_data/voxforge_dataset/wav/cmu_us_rms_arctic_arctic_b0210.wav,/mnt/deepspeech2_data/voxforge_dataset/txt/cmu_us_rms_arctic_arctic_b0210.txt
/mnt/deepspeech2_data/voxforge_dataset/wav/cmu_us_rms_arctic_arctic_b0305.wav,/mnt/deepspeech2_data/voxforge_dataset/txt/cmu_us_rms_arctic_arctic_b0305.txt
/mnt/deepspeech2_data/voxforge_dataset/wav/cmu_us_rms_arctic_arctic_a0576.wav,/mnt/deepspeech2_data/voxforge_dataset/txt/cmu_us_rms_arctic_arctic_a0576.txt
/mnt/deepspeech2_data/voxforge_dataset/wav/cmu_us_rms_arctic_arctic_b0073.wav,/mnt/deepspeech2_data/voxforge_dataset/txt/cmu_us_rms_arctic_arctic_b0073.txt
/mnt/deepspeech2_data/voxforge_dataset/wav/cmu_us_rms_arctic_arctic_a0283.wav,/mnt/deepspeech2_data/voxforge_dataset/txt/cmu_us_rms_arctic_arctic_a0283.txt
/mnt/deepspeech2_data/voxforge_dataset/wav/cmu_us_rms_arctic_arctic_b0421.wav,/mnt/deepspeech2_data/voxforge_dataset/txt/cmu_us_rms_arctic_arctic_b0421.txt
/mnt/deepspeech2_data/voxforge_dataset/wav/cmu_us_rms_arctic_arctic_b0447.wav,/mnt/deepspeech2_data/voxforge_dataset/txt/cmu_us_rms_arctic_arctic_b0447.txt
/mnt/deepspeech2_data/voxforge_dataset/wav/cmu_us_rms_arctic_arctic_b0501.wav,/mnt/deepspeech2_data/voxforge_dataset/txt/cmu_us_rms_arctic_arctic_b0501.txt
/mnt/deepspeech2_data/voxforge_dataset/wav/cmu_us_rms_arctic_arctic_b0487.wav,/mnt/deepspeech2_data/voxforge_dataset/txt/cmu_us_rms_arctic_arctic_b0487.txt
/mnt/deepspeech2_data/voxforge_dataset/wav/cmu_us_rms_arctic_arctic_b0292.wav,/mnt/deepspeech2_data/voxforge_dataset/txt/cmu_us_rms_arctic_arctic_b0292.txt
/mnt/deepspeech2_data/voxforge_dataset/wav/cmu_us_rms_arctic_arctic_b0520.wav,/mnt/deepspeech2_data/voxforge_dataset/txt/cmu_us_rms_arctic_arctic_b0520.txt
/mnt/deepspeech2_data/voxforge_dataset/wav/cmu_us_bdl_arctic_arctic_a0484.wav,/mnt/deepspeech2_data/voxforge_dataset/txt/cmu_us_bdl_arctic_arctic_a0484.txt
/mnt/deepspeech2_data/voxforge_dataset/wav/cmu_us_bdl_arctic_arctic_b0166.wav,/mnt/deepspeech2_data/voxforge_dataset/txt/cmu_us_bdl_arctic_arctic_b0166.txt
/mnt/deepspeech2_data/voxforge_dataset/wav/cmu_us_bdl_arctic_arctic_b0473.wav,/mnt/deepspeech2_data/voxforge_dataset/txt/cmu_us_bdl_arctic_arctic_b0473.txt
/mnt/deepspeech2_data/voxforge_dataset/wav/cmu_us_bdl_arctic_arctic_b0176.wav,/mnt/deepspeech2_data/voxforge_dataset/txt/cmu_us_bdl_arctic_arctic_b0176.txt
/mnt/deepspeech2_data/voxforge_dataset/wav/cmu_us_bdl_arctic_arctic_a0079.wav,/mnt/deepspeech2_data/voxforge_dataset/txt/cmu_us_bdl_arctic_arctic_a0079.txt
/mnt/deepspeech2_data/voxforge_dataset/wav/cmu_us_bdl_arctic_arctic_a0580.wav,/mnt/deepspeech2_data/voxforge_dataset/txt/cmu_us_bdl_arctic_arctic_a0580.txt
/mnt/deepspeech2_data/voxforge_dataset/wav/cmu_us_bdl_arctic_arctic_b0032.wav,/mnt/deepspeech2_data/voxforge_dataset/txt/cmu_us_bdl_arctic_arctic_b0032.txt
/mnt/deepspeech2_data/voxforge_dataset/wav/cmu_us_bdl_arctic_arctic_b0062.wav,/mnt/deepspeech2_data/voxforge_dataset/txt/cmu_us_bdl_arctic_arctic_b0062.txt
/mnt/deepspeech2_data/voxforge_dataset/wav/cmu_us_bdl_arctic_arctic_a0473.wav,/mnt/deepspeech2_data/voxforge_dataset/txt/cmu_us_bdl_arctic_arctic_a0473.txt
/mnt/deepspeech2_data/voxforge_dataset/wav/cmu_us_bdl_arctic_arctic_a0036.wav,/mnt/deepspeech2_data/voxforge_dataset/txt/cmu_us_bdl_arctic_arctic_a0036.txt
/mnt/deepspeech2_data/voxforge_dataset/wav/cmu_us_bdl_arctic_arctic_a0174.wav,/mnt/deepspeech2_data/voxforge_dataset/txt/cmu_us_bdl_arctic_arctic_a0174.txt
/mnt/deepspeech2_data/voxforge_dataset/wav/cmu_us_bdl_arctic_arctic_a0590.wav,/mnt/deepspeech2_data/voxforge_dataset/txt/cmu_us_bdl_arctic_arctic_a0590.txt
/mnt/deepspeech2_data/voxforge_dataset/wav/cmu_us_bdl_arctic_arctic_a0443.wav,/mnt/deepspeech2_data/voxforge_dataset/txt/cmu_us_bdl_arctic_arctic_a0443.txt
/mnt/deepspeech2_data/voxforge_dataset/wav/cmu_us_bdl_arctic_arctic_b0270.wav,/mnt/deepspeech2_data/voxforge_dataset/txt/cmu_us_bdl_arctic_arctic_b0270.txt
/mnt/deepspeech2_data/voxforge_dataset/wav/cmu_us_bdl_arctic_arctic_a0221.wav,/mnt/deepspeech2_data/voxforge_dataset/txt/cmu_us_bdl_arctic_arctic_a0221.txt
/mnt/deepspeech2_data/voxforge_dataset/wav/cmu_us_bdl_arctic_arctic_a0532.wav,/mnt/deepspeech2_data/voxforge_dataset/txt/cmu_us_bdl_arctic_arctic_a0532.txt
/mnt/deepspeech2_data/voxforge_dataset/wav/cmu_us_bdl_arctic_arctic_a0388.wav,/mnt/deepspeech2_data/voxforge_dataset/txt/cmu_us_bdl_arctic_arctic_a0388.txt
/mnt/deepspeech2_data/voxforge_dataset/wav/cmu_us_bdl_arctic_arctic_a0444.wav,/mnt/deepspeech2_data/voxforge_dataset/txt/cmu_us_bdl_arctic_arctic_a0444.txt
/mnt/deepspeech2_data/voxforge_dataset/wav/cmu_us_bdl_arctic_arctic_b0267.wav,/mnt/deepspeech2_data/voxforge_dataset/txt/cmu_us_bdl_arctic_arctic_b0267.txt
/mnt/deepspeech2_data/voxforge_dataset/wav/cmu_us_bdl_arctic_arctic_a0432.wav,/mnt/deepspeech2_data/voxforge_dataset/txt/cmu_us_bdl_arctic_arctic_a0432.txt
/mnt/deepspeech2_data/voxforge_dataset/wav/cmu_us_bdl_arctic_arctic_a0272.wav,/mnt/deepspeech2_data/voxforge_dataset/txt/cmu_us_bdl_arctic_arctic_a0272.txt
/mnt/deepspeech2_data/voxforge_dataset/wav/cmu_us_bdl_arctic_arctic_b0180.wav,/mnt/deepspeech2_data/voxforge_dataset/txt/cmu_us_bdl_arctic_arctic_b0180.txt
/mnt/deepspeech2_data/voxforge_dataset/wav/cmu_us_bdl_arctic_arctic_b0079.wav,/mnt/deepspeech2_data/voxforge_dataset/txt/cmu_us_bdl_arctic_arctic_b0079.txt
/mnt/deepspeech2_data/voxforge_dataset/wav/cmu_us_bdl_arctic_arctic_a0059.wav,/mnt/deepspeech2_data/voxforge_dataset/txt/cmu_us_bdl_arctic_arctic_a0059.txt
/mnt/deepspeech2_data/voxforge_dataset/wav/cmu_us_bdl_arctic_arctic_a0134.wav,/mnt/deepspeech2_data/voxforge_dataset/txt/cmu_us_bdl_arctic_arctic_a0134.txt
/mnt/deepspeech2_data/voxforge_dataset/wav/cmu_us_bdl_arctic_arctic_b0214.wav,/mnt/deepspeech2_data/voxforge_dataset/txt/cmu_us_bdl_arctic_arctic_b0214.txt
/mnt/deepspeech2_data/voxforge_dataset/wav/cmu_us_bdl_arctic_arctic_b0278.wav,/mnt/deepspeech2_data/voxforge_dataset/txt/cmu_us_bdl_arctic_arctic_b0278.txt
/mnt/deepspeech2_data/voxforge_dataset/wav/cmu_us_bdl_arctic_arctic_b0083.wav,/mnt/deepspeech2_data/voxforge_dataset/txt/cmu_us_bdl_arctic_arctic_b0083.txt
/mnt/deepspeech2_data/voxforge_dataset/wav/cmu_us_bdl_arctic_arctic_a0492.wav,/mnt/deepspeech2_data/voxforge_dataset/txt/cmu_us_bdl_arctic_arctic_a0492.txt
/mnt/deepspeech2_data/voxforge_dataset/wav/cmu_us_bdl_arctic_arctic_a0544.wav,/mnt/deepspeech2_data/voxforge_dataset/txt/cmu_us_bdl_arctic_arctic_a0544.txt
/mnt/deepspeech2_data/voxforge_dataset/wav/cmu_us_bdl_arctic_arctic_b0334.wav,/mnt/deepspeech2_data/voxforge_dataset/txt/cmu_us_bdl_arctic_arctic_b0334.txt
/mnt/deepspeech2_data/voxforge_dataset/wav/cmu_us_bdl_arctic_arctic_a0008.wav,/mnt/deepspeech2_data/voxforge_dataset/txt/cmu_us_bdl_arctic_arctic_a0008.txt
/mnt/deepspeech2_data/voxforge_dataset/wav/cmu_us_bdl_arctic_arctic_a0218.wav,/mnt/deepspeech2_data/voxforge_dataset/txt/cmu_us_bdl_arctic_arctic_a0218.txt
/mnt/deepspeech2_data/voxforge_dataset/wav/cmu_us_bdl_arctic_arctic_b0213.wav,/mnt/deepspeech2_data/voxforge_dataset/txt/cmu_us_bdl_arctic_arctic_b0213.txt
/mnt/deepspeech2_data/voxforge_dataset/wav/cmu_us_bdl_arctic_arctic_a0182.wav,/mnt/deepspeech2_data/voxforge_dataset/txt/cmu_us_bdl_arctic_arctic_a0182.txt
/mnt/deepspeech2_data/voxforge_dataset/wav/cmu_us_bdl_arctic_arctic_b0240.wav,/mnt/deepspeech2_data/voxforge_dataset/txt/cmu_us_bdl_arctic_arctic_b0240.txt
/mnt/deepspeech2_data/voxforge_dataset/wav/cmu_us_bdl_arctic_arctic_b0197.wav,/mnt/deepspeech2_data/voxforge_dataset/txt/cmu_us_bdl_arctic_arctic_b0197.txt
/mnt/deepspeech2_data/voxforge_dataset/wav/cmu_us_bdl_arctic_arctic_b0291.wav,/mnt/deepspeech2_data/voxforge_dataset/txt/cmu_us_bdl_arctic_arctic_b0291.txt
/mnt/deepspeech2_data/voxforge_dataset/wav/cmu_us_bdl_arctic_arctic_a0386.wav,/mnt/deepspeech2_data/voxforge_dataset/txt/cmu_us_bdl_arctic_arctic_a0386.txt
/mnt/deepspeech2_data/voxforge_dataset/wav/cmu_us_bdl_arctic_arctic_b0455.wav,/mnt/deepspeech2_data/voxforge_dataset/txt/cmu_us_bdl_arctic_arctic_b0455.txt
/mnt/deepspeech2_data/voxforge_dataset/wav/cmu_us_bdl_arctic_arctic_a0419.wav,/mnt/deepspeech2_data/voxforge_dataset/txt/cmu_us_bdl_arctic_arctic_a0419.txt
/mnt/deepspeech2_data/voxforge_dataset/wav/cmu_us_bdl_arctic_arctic_b0452.wav,/mnt/deepspeech2_data/voxforge_dataset/txt/cmu_us_bdl_arctic_arctic_b0452.txt
/mnt/deepspeech2_data/voxforge_dataset/wav/cmu_us_bdl_arctic_arctic_b0215.wav,/mnt/deepspeech2_data/voxforge_dataset/txt/cmu_us_bdl_arctic_arctic_b0215.txt
/mnt/deepspeech2_data/voxforge_dataset/wav/cmu_us_bdl_arctic_arctic_a0348.wav,/mnt/deepspeech2_data/voxforge_dataset/txt/cmu_us_bdl_arctic_arctic_a0348.txt
/mnt/deepspeech2_data/voxforge_dataset/wav/cmu_us_bdl_arctic_arctic_a0342.wav,/mnt/deepspeech2_data/voxforge_dataset/txt/cmu_us_bdl_arctic_arctic_a0342.txt
/mnt/deepspeech2_data/voxforge_dataset/wav/cmu_us_bdl_arctic_arctic_a0048.wav,/mnt/deepspeech2_data/voxforge_dataset/txt/cmu_us_bdl_arctic_arctic_a0048.txt
/mnt/deepspeech2_data/voxforge_dataset/wav/cmu_us_bdl_arctic_arctic_a0313.wav,/mnt/deepspeech2_data/voxforge_dataset/txt/cmu_us_bdl_arctic_arctic_a0313.txt
/mnt/deepspeech2_data/voxforge_dataset/wav/cmu_us_bdl_arctic_arctic_b0330.wav,/mnt/deepspeech2_data/voxforge_dataset/txt/cmu_us_bdl_arctic_arctic_b0330.txt
/mnt/deepspeech2_data/voxforge_dataset/wav/cmu_us_bdl_arctic_arctic_a0415.wav,/mnt/deepspeech2_data/voxforge_dataset/txt/cmu_us_bdl_arctic_arctic_a0415.txt
/mnt/deepspeech2_data/voxforge_dataset/wav/cmu_us_bdl_arctic_arctic_a0427.wav,/mnt/deepspeech2_data/voxforge_dataset/txt/cmu_us_bdl_arctic_arctic_a0427.txt
/mnt/deepspeech2_data/voxforge_dataset/wav/cmu_us_bdl_arctic_arctic_b0350.wav,/mnt/deepspeech2_data/voxforge_dataset/txt/cmu_us_bdl_arctic_arctic_b0350.txt
/mnt/deepspeech2_data/voxforge_dataset/wav/cmu_us_bdl_arctic_arctic_b0410.wav,/mnt/deepspeech2_data/voxforge_dataset/txt/cmu_us_bdl_arctic_arctic_b0410.txt
/mnt/deepspeech2_data/voxforge_dataset/wav/cmu_us_bdl_arctic_arctic_b0014.wav,/mnt/deepspeech2_data/voxforge_dataset/txt/cmu_us_bdl_arctic_arctic_b0014.txt
/mnt/deepspeech2_data/voxforge_dataset/wav/cmu_us_bdl_arctic_arctic_a0374.wav,/mnt/deepspeech2_data/voxforge_dataset/txt/cmu_us_bdl_arctic_arctic_a0374.txt
/mnt/deepspeech2_data/voxforge_dataset/wav/cmu_us_bdl_arctic_arctic_a0406.wav,/mnt/deepspeech2_data/voxforge_dataset/txt/cmu_us_bdl_arctic_arctic_a0406.txt
/mnt/deepspeech2_data/voxforge_dataset/wav/cmu_us_bdl_arctic_arctic_a0500.wav,/mnt/deepspeech2_data/voxforge_dataset/txt/cmu_us_bdl_arctic_arctic_a0500.txt
/mnt/deepspeech2_data/voxforge_dataset/wav/cmu_us_bdl_arctic_arctic_a0184.wav,/mnt/deepspeech2_data/voxforge_dataset/txt/cmu_us_bdl_arctic_arctic_a0184.txt
/mnt/deepspeech2_data/voxforge_dataset/wav/cmu_us_bdl_arctic_arctic_b0223.wav,/mnt/deepspeech2_data/voxforge_dataset/txt/cmu_us_bdl_arctic_arctic_b0223.txt
/mnt/deepspeech2_data/voxforge_dataset/wav/cmu_us_bdl_arctic_arctic_b0380.wav,/mnt/deepspeech2_data/voxforge_dataset/txt/cmu_us_bdl_arctic_arctic_b0380.txt
/mnt/deepspeech2_data/voxforge_dataset/wav/cmu_us_bdl_arctic_arctic_b0234.wav,/mnt/deepspeech2_data/voxforge_dataset/txt/cmu_us_bdl_arctic_arctic_b0234.txt
/mnt/deepspeech2_data/voxforge_dataset/wav/cmu_us_bdl_arctic_arctic_b0468.wav,/mnt/deepspeech2_data/voxforge_dataset/txt/cmu_us_bdl_arctic_arctic_b0468.txt
/mnt/deepspeech2_data/voxforge_dataset/wav/cmu_us_bdl_arctic_arctic_b0055.wav,/mnt/deepspeech2_data/voxforge_dataset/txt/cmu_us_bdl_arctic_arctic_b0055.txt
/mnt/deepspeech2_data/voxforge_dataset/wav/cmu_us_bdl_arctic_arctic_b0008.wav,/mnt/deepspeech2_data/voxforge_dataset/txt/cmu_us_bdl_arctic_arctic_b0008.txt
/mnt/deepspeech2_data/voxforge_dataset/wav/cmu_us_bdl_arctic_arctic_a0418.wav,/mnt/deepspeech2_data/voxforge_dataset/txt/cmu_us_bdl_arctic_arctic_a0418.txt
/mnt/deepspeech2_data/voxforge_dataset/wav/cmu_us_bdl_arctic_arctic_b0162.wav,/mnt/deepspeech2_data/voxforge_dataset/txt/cmu_us_bdl_arctic_arctic_b0162.txt
/mnt/deepspeech2_data/voxforge_dataset/wav/cmu_us_bdl_arctic_arctic_a0574.wav,/mnt/deepspeech2_data/voxforge_dataset/txt/cmu_us_bdl_arctic_arctic_a0574.txt
/mnt/deepspeech2_data/voxforge_dataset/wav/cmu_us_bdl_arctic_arctic_a0204.wav,/mnt/deepspeech2_data/voxforge_dataset/txt/cmu_us_bdl_arctic_arctic_a0204.txt
/mnt/deepspeech2_data/voxforge_dataset/wav/cmu_us_bdl_arctic_arctic_b0469.wav,/mnt/deepspeech2_data/voxforge_dataset/txt/cmu_us_bdl_arctic_arctic_b0469.txt
/mnt/deepspeech2_data/voxforge_dataset/wav/cmu_us_bdl_arctic_arctic_b0317.wav,/mnt/deepspeech2_data/voxforge_dataset/txt/cmu_us_bdl_arctic_arctic_b0317.txt
/mnt/deepspeech2_data/voxforge_dataset/wav/cmu_us_bdl_arctic_arctic_a0267.wav,/mnt/deepspeech2_data/voxforge_dataset/txt/cmu_us_bdl_arctic_arctic_a0267.txt
/mnt/deepspeech2_data/voxforge_dataset/wav/cmu_us_bdl_arctic_arctic_a0140.wav,/mnt/deepspeech2_data/voxforge_dataset/txt/cmu_us_bdl_arctic_arctic_a0140.txt
/mnt/deepspeech2_data/voxforge_dataset/wav/cmu_us_bdl_arctic_arctic_a0556.wav,/mnt/deepspeech2_data/voxforge_dataset/txt/cmu_us_bdl_arctic_arctic_a0556.txt
/mnt/deepspeech2_data/voxforge_dataset/wav/cmu_us_bdl_arctic_arctic_a0210.wav,/mnt/deepspeech2_data/voxforge_dataset/txt/cmu_us_bdl_arctic_arctic_a0210.txt
/mnt/deepspeech2_data/voxforge_dataset/wav/cmu_us_bdl_arctic_arctic_a0434.wav,/mnt/deepspeech2_data/voxforge_dataset/txt/cmu_us_bdl_arctic_arctic_a0434.txt
/mnt/deepspeech2_data/voxforge_dataset/wav/cmu_us_bdl_arctic_arctic_b0030.wav,/mnt/deepspeech2_data/voxforge_dataset/txt/cmu_us_bdl_arctic_arctic_b0030.txt
/mnt/deepspeech2_data/voxforge_dataset/wav/cmu_us_bdl_arctic_arctic_a0113.wav,/mnt/deepspeech2_data/voxforge_dataset/txt/cmu_us_bdl_arctic_arctic_a0113.txt
/mnt/deepspeech2_data/voxforge_dataset/wav/cmu_us_bdl_arctic_arctic_b0177.wav,/mnt/deepspeech2_data/voxforge_dataset/txt/cmu_us_bdl_arctic_arctic_b0177.txt
/mnt/deepspeech2_data/voxforge_dataset/wav/cmu_us_bdl_arctic_arctic_a0006.wav,/mnt/deepspeech2_data/voxforge_dataset/txt/cmu_us_bdl_arctic_arctic_a0006.txt
/mnt/deepspeech2_data/voxforge_dataset/wav/cmu_us_bdl_arctic_arctic_a0061.wav,/mnt/deepspeech2_data/voxforge_dataset/txt/cmu_us_bdl_arctic_arctic_a0061.txt
/mnt/deepspeech2_data/voxforge_dataset/wav/cmu_us_bdl_arctic_arctic_a0128.wav,/mnt/deepspeech2_data/voxforge_dataset/txt/cmu_us_bdl_arctic_arctic_a0128.txt
/mnt/deepspeech2_data/voxforge_dataset/wav/cmu_us_bdl_arctic_arctic_b0434.wav,/mnt/deepspeech2_data/voxforge_dataset/txt/cmu_us_bdl_arctic_arctic_b0434.txt
/mnt/deepspeech2_data/voxforge_dataset/wav/cmu_us_bdl_arctic_arctic_a0555.wav,/mnt/deepspeech2_data/voxforge_dataset/txt/cmu_us_bdl_arctic_arctic_a0555.txt
/mnt/deepspeech2_data/voxforge_dataset/wav/cmu_us_bdl_arctic_arctic_a0367.wav,/mnt/deepspeech2_data/voxforge_dataset/txt/cmu_us_bdl_arctic_arctic_a0367.txt
/mnt/deepspeech2_data/voxforge_dataset/wav/cmu_us_bdl_arctic_arctic_a0154.wav,/mnt/deepspeech2_data/voxforge_dataset/txt/cmu_us_bdl_arctic_arctic_a0154.txt
/mnt/deepspeech2_data/voxforge_dataset/wav/cmu_us_bdl_arctic_arctic_b0046.wav,/mnt/deepspeech2_data/voxforge_dataset/txt/cmu_us_bdl_arctic_arctic_b0046.txt
/mnt/deepspeech2_data/voxforge_dataset/wav/cmu_us_bdl_arctic_arctic_b0523.wav,/mnt/deepspeech2_data/voxforge_dataset/txt/cmu_us_bdl_arctic_arctic_b0523.txt
/mnt/deepspeech2_data/voxforge_dataset/wav/cmu_us_bdl_arctic_arctic_b0132.wav,/mnt/deepspeech2_data/voxforge_dataset/txt/cmu_us_bdl_arctic_arctic_b0132.txt
/mnt/deepspeech2_data/voxforge_dataset/wav/cmu_us_bdl_arctic_arctic_b0031.wav,/mnt/deepspeech2_data/voxforge_dataset/txt/cmu_us_bdl_arctic_arctic_b0031.txt
/mnt/deepspeech2_data/voxforge_dataset/wav/cmu_us_bdl_arctic_arctic_b0503.wav,/mnt/deepspeech2_data/voxforge_dataset/txt/cmu_us_bdl_arctic_arctic_b0503.txt
/mnt/deepspeech2_data/voxforge_dataset/wav/cmu_us_bdl_arctic_arctic_a0246.wav,/mnt/deepspeech2_data/voxforge_dataset/txt/cmu_us_bdl_arctic_arctic_a0246.txt
/mnt/deepspeech2_data/voxforge_dataset/wav/cmu_us_bdl_arctic_arctic_b0253.wav,/mnt/deepspeech2_data/voxforge_dataset/txt/cmu_us_bdl_arctic_arctic_b0253.txt
/mnt/deepspeech2_data/voxforge_dataset/wav/cmu_us_bdl_arctic_arctic_a0377.wav,/mnt/deepspeech2_data/voxforge_dataset/txt/cmu_us_bdl_arctic_arctic_a0377.txt
/mnt/deepspeech2_data/voxforge_dataset/wav/cmu_us_bdl_arctic_arctic_a0360.wav,/mnt/deepspeech2_data/voxforge_dataset/txt/cmu_us_bdl_arctic_arctic_a0360.txt
/mnt/deepspeech2_data/voxforge_dataset/wav/cmu_us_bdl_arctic_arctic_a0474.wav,/mnt/deepspeech2_data/voxforge_dataset/txt/cmu_us_bdl_arctic_arctic_a0474.txt
/mnt/deepspeech2_data/voxforge_dataset/wav/cmu_us_bdl_arctic_arctic_b0252.wav,/mnt/deepspeech2_data/voxforge_dataset/txt/cmu_us_bdl_arctic_arctic_b0252.txt
/mnt/deepspeech2_data/voxforge_dataset/wav/cmu_us_bdl_arctic_arctic_a0371.wav,/mnt/deepspeech2_data/voxforge_dataset/txt/cmu_us_bdl_arctic_arctic_a0371.txt
/mnt/deepspeech2_data/voxforge_dataset/wav/cmu_us_bdl_arctic_arctic_b0320.wav,/mnt/deepspeech2_data/voxforge_dataset/txt/cmu_us_bdl_arctic_arctic_b0320.txt
/mnt/deepspeech2_data/voxforge_dataset/wav/cmu_us_bdl_arctic_arctic_a0336.wav,/mnt/deepspeech2_data/voxforge_dataset/txt/cmu_us_bdl_arctic_arctic_a0336.txt
/mnt/deepspeech2_data/voxforge_dataset/wav/cmu_us_bdl_arctic_arctic_a0291.wav,/mnt/deepspeech2_data/voxforge_dataset/txt/cmu_us_bdl_arctic_arctic_a0291.txt
/mnt/deepspeech2_data/voxforge_dataset/wav/cmu_us_bdl_arctic_arctic_a0561.wav,/mnt/deepspeech2_data/voxforge_dataset/txt/cmu_us_bdl_arctic_arctic_a0561.txt
/mnt/deepspeech2_data/voxforge_dataset/wav/cmu_us_bdl_arctic_arctic_a0416.wav,/mnt/deepspeech2_data/voxforge_dataset/txt/cmu_us_bdl_arctic_arctic_a0416.txt
/mnt/deepspeech2_data/voxforge_dataset/wav/cmu_us_bdl_arctic_arctic_a0097.wav,/mnt/deepspeech2_data/voxforge_dataset/txt/cmu_us_bdl_arctic_arctic_a0097.txt
/mnt/deepspeech2_data/voxforge_dataset/wav/cmu_us_bdl_arctic_arctic_b0174.wav,/mnt/deepspeech2_data/voxforge_dataset/txt/cmu_us_bdl_arctic_arctic_b0174.txt
/mnt/deepspeech2_data/voxforge_dataset/wav/cmu_us_bdl_arctic_arctic_a0337.wav,/mnt/deepspeech2_data/voxforge_dataset/txt/cmu_us_bdl_arctic_arctic_a0337.txt
/mnt/deepspeech2_data/voxforge_dataset/wav/cmu_us_bdl_arctic_arctic_a0299.wav,/mnt/deepspeech2_data/voxforge_dataset/txt/cmu_us_bdl_arctic_arctic_a0299.txt
/mnt/deepspeech2_data/voxforge_dataset/wav/cmu_us_bdl_arctic_arctic_b0478.wav,/mnt/deepspeech2_data/voxforge_dataset/txt/cmu_us_bdl_arctic_arctic_b0478.txt
/mnt/deepspeech2_data/voxforge_dataset/wav/cmu_us_bdl_arctic_arctic_b0479.wav,/mnt/deepspeech2_data/voxforge_dataset/txt/cmu_us_bdl_arctic_arctic_b0479.txt
/mnt/deepspeech2_data/voxforge_dataset/wav/cmu_us_bdl_arctic_arctic_b0487.wav,/mnt/deepspeech2_data/voxforge_dataset/txt/cmu_us_bdl_arctic_arctic_b0487.txt
/mnt/deepspeech2_data/voxforge_dataset/wav/cmu_us_bdl_arctic_arctic_a0487.wav,/mnt/deepspeech2_data/voxforge_dataset/txt/cmu_us_bdl_arctic_arctic_a0487.txt
/mnt/deepspeech2_data/voxforge_dataset/wav/cmu_us_bdl_arctic_arctic_a0531.wav,/mnt/deepspeech2_data/voxforge_dataset/txt/cmu_us_bdl_arctic_arctic_a0531.txt
/mnt/deepspeech2_data/voxforge_dataset/wav/cmu_us_bdl_arctic_arctic_a0395.wav,/mnt/deepspeech2_data/voxforge_dataset/txt/cmu_us_bdl_arctic_arctic_a0395.txt
/mnt/deepspeech2_data/voxforge_dataset/wav/cmu_us_bdl_arctic_arctic_a0022.wav,/mnt/deepspeech2_data/voxforge_dataset/txt/cmu_us_bdl_arctic_arctic_a0022.txt
/mnt/deepspeech2_data/voxforge_dataset/wav/cmu_us_bdl_arctic_arctic_a0380.wav,/mnt/deepspeech2_data/voxforge_dataset/txt/cmu_us_bdl_arctic_arctic_a0380.txt
/mnt/deepspeech2_data/voxforge_dataset/wav/cmu_us_slt_arctic_arctic_b0228.wav,/mnt/deepspeech2_data/voxforge_dataset/txt/cmu_us_slt_arctic_arctic_b0228.txt
/mnt/deepspeech2_data/voxforge_dataset/wav/cmu_us_slt_arctic_arctic_a0381.wav,/mnt/deepspeech2_data/voxforge_dataset/txt/cmu_us_slt_arctic_arctic_a0381.txt
/mnt/deepspeech2_data/voxforge_dataset/wav/cmu_us_slt_arctic_arctic_b0336.wav,/mnt/deepspeech2_data/voxforge_dataset/txt/cmu_us_slt_arctic_arctic_b0336.txt
/mnt/deepspeech2_data/voxforge_dataset/wav/cmu_us_slt_arctic_arctic_b0327.wav,/mnt/deepspeech2_data/voxforge_dataset/txt/cmu_us_slt_arctic_arctic_b0327.txt
/mnt/deepspeech2_data/voxforge_dataset/wav/cmu_us_slt_arctic_arctic_b0077.wav,/mnt/deepspeech2_data/voxforge_dataset/txt/cmu_us_slt_arctic_arctic_b0077.txt
/mnt/deepspeech2_data/voxforge_dataset/wav/cmu_us_slt_arctic_arctic_b0261.wav,/mnt/deepspeech2_data/voxforge_dataset/txt/cmu_us_slt_arctic_arctic_b0261.txt
/mnt/deepspeech2_data/voxforge_dataset/wav/cmu_us_slt_arctic_arctic_b0329.wav,/mnt/deepspeech2_data/voxforge_dataset/txt/cmu_us_slt_arctic_arctic_b0329.txt
/mnt/deepspeech2_data/voxforge_dataset/wav/cmu_us_slt_arctic_arctic_a0150.wav,/mnt/deepspeech2_data/voxforge_dataset/txt/cmu_us_slt_arctic_arctic_a0150.txt
/mnt/deepspeech2_data/voxforge_dataset/wav/cmu_us_slt_arctic_arctic_b0025.wav,/mnt/deepspeech2_data/voxforge_dataset/txt/cmu_us_slt_arctic_arctic_b0025.txt
/mnt/deepspeech2_data/voxforge_dataset/wav/cmu_us_slt_arctic_arctic_a0578.wav,/mnt/deepspeech2_data/voxforge_dataset/txt/cmu_us_slt_arctic_arctic_a0578.txt
/mnt/deepspeech2_data/voxforge_dataset/wav/cmu_us_slt_arctic_arctic_b0337.wav,/mnt/deepspeech2_data/voxforge_dataset/txt/cmu_us_slt_arctic_arctic_b0337.txt
/mnt/deepspeech2_data/voxforge_dataset/wav/cmu_us_slt_arctic_arctic_b0275.wav,/mnt/deepspeech2_data/voxforge_dataset/txt/cmu_us_slt_arctic_arctic_b0275.txt
/mnt/deepspeech2_data/voxforge_dataset/wav/cmu_us_slt_arctic_arctic_b0088.wav,/mnt/deepspeech2_data/voxforge_dataset/txt/cmu_us_slt_arctic_arctic_b0088.txt
/mnt/deepspeech2_data/voxforge_dataset/wav/cmu_us_slt_arctic_arctic_b0245.wav,/mnt/deepspeech2_data/voxforge_dataset/txt/cmu_us_slt_arctic_arctic_b0245.txt
/mnt/deepspeech2_data/voxforge_dataset/wav/cmu_us_slt_arctic_arctic_a0443.wav,/mnt/deepspeech2_data/voxforge_dataset/txt/cmu_us_slt_arctic_arctic_a0443.txt
/mnt/deepspeech2_data/voxforge_dataset/wav/cmu_us_slt_arctic_arctic_a0534.wav,/mnt/deepspeech2_data/voxforge_dataset/txt/cmu_us_slt_arctic_arctic_a0534.txt
/mnt/deepspeech2_data/voxforge_dataset/wav/cmu_us_slt_arctic_arctic_a0290.wav,/mnt/deepspeech2_data/voxforge_dataset/txt/cmu_us_slt_arctic_arctic_a0290.txt
/mnt/deepspeech2_data/voxforge_dataset/wav/cmu_us_slt_arctic_arctic_a0413.wav,/mnt/deepspeech2_data/voxforge_dataset/txt/cmu_us_slt_arctic_arctic_a0413.txt
/mnt/deepspeech2_data/voxforge_dataset/wav/cmu_us_slt_arctic_arctic_b0045.wav,/mnt/deepspeech2_data/voxforge_dataset/txt/cmu_us_slt_arctic_arctic_b0045.txt
/mnt/deepspeech2_data/voxforge_dataset/wav/cmu_us_slt_arctic_arctic_a0008.wav,/mnt/deepspeech2_data/voxforge_dataset/txt/cmu_us_slt_arctic_arctic_a0008.txt
/mnt/deepspeech2_data/voxforge_dataset/wav/cmu_us_slt_arctic_arctic_b0356.wav,/mnt/deepspeech2_data/voxforge_dataset/txt/cmu_us_slt_arctic_arctic_b0356.txt
/mnt/deepspeech2_data/voxforge_dataset/wav/cmu_us_slt_arctic_arctic_b0058.wav,/mnt/deepspeech2_data/voxforge_dataset/txt/cmu_us_slt_arctic_arctic_b0058.txt
/mnt/deepspeech2_data/voxforge_dataset/wav/cmu_us_slt_arctic_arctic_a0226.wav,/mnt/deepspeech2_data/voxforge_dataset/txt/cmu_us_slt_arctic_arctic_a0226.txt
/mnt/deepspeech2_data/voxforge_dataset/wav/cmu_us_slt_arctic_arctic_a0586.wav,/mnt/deepspeech2_data/voxforge_dataset/txt/cmu_us_slt_arctic_arctic_a0586.txt
/mnt/deepspeech2_data/voxforge_dataset/wav/cmu_us_slt_arctic_arctic_a0322.wav,/mnt/deepspeech2_data/voxforge_dataset/txt/cmu_us_slt_arctic_arctic_a0322.txt
/mnt/deepspeech2_data/voxforge_dataset/wav/cmu_us_slt_arctic_arctic_b0456.wav,/mnt/deepspeech2_data/voxforge_dataset/txt/cmu_us_slt_arctic_arctic_b0456.txt
/mnt/deepspeech2_data/voxforge_dataset/wav/cmu_us_slt_arctic_arctic_a0528.wav,/mnt/deepspeech2_data/voxforge_dataset/txt/cmu_us_slt_arctic_arctic_a0528.txt
/mnt/deepspeech2_data/voxforge_dataset/wav/cmu_us_slt_arctic_arctic_b0322.wav,/mnt/deepspeech2_data/voxforge_dataset/txt/cmu_us_slt_arctic_arctic_b0322.txt
/mnt/deepspeech2_data/voxforge_dataset/wav/cmu_us_slt_arctic_arctic_a0167.wav,/mnt/deepspeech2_data/voxforge_dataset/txt/cmu_us_slt_arctic_arctic_a0167.txt
/mnt/deepspeech2_data/voxforge_dataset/wav/cmu_us_slt_arctic_arctic_b0257.wav,/mnt/deepspeech2_data/voxforge_dataset/txt/cmu_us_slt_arctic_arctic_b0257.txt
/mnt/deepspeech2_data/voxforge_dataset/wav/cmu_us_slt_arctic_arctic_b0288.wav,/mnt/deepspeech2_data/voxforge_dataset/txt/cmu_us_slt_arctic_arctic_b0288.txt
/mnt/deepspeech2_data/voxforge_dataset/wav/cmu_us_slt_arctic_arctic_a0589.wav,/mnt/deepspeech2_data/voxforge_dataset/txt/cmu_us_slt_arctic_arctic_a0589.txt
/mnt/deepspeech2_data/voxforge_dataset/wav/cmu_us_slt_arctic_arctic_b0387.wav,/mnt/deepspeech2_data/voxforge_dataset/txt/cmu_us_slt_arctic_arctic_b0387.txt
/mnt/deepspeech2_data/voxforge_dataset/wav/cmu_us_slt_arctic_arctic_a0045.wav,/mnt/deepspeech2_data/voxforge_dataset/txt/cmu_us_slt_arctic_arctic_a0045.txt
/mnt/deepspeech2_data/voxforge_dataset/wav/cmu_us_slt_arctic_arctic_b0129.wav,/mnt/deepspeech2_data/voxforge_dataset/txt/cmu_us_slt_arctic_arctic_b0129.txt
/mnt/deepspeech2_data/voxforge_dataset/wav/cmu_us_slt_arctic_arctic_a0352.wav,/mnt/deepspeech2_data/voxforge_dataset/txt/cmu_us_slt_arctic_arctic_a0352.txt
/mnt/deepspeech2_data/voxforge_dataset/wav/cmu_us_slt_arctic_arctic_a0089.wav,/mnt/deepspeech2_data/voxforge_dataset/txt/cmu_us_slt_arctic_arctic_a0089.txt
/mnt/deepspeech2_data/voxforge_dataset/wav/cmu_us_slt_arctic_arctic_a0071.wav,/mnt/deepspeech2_data/voxforge_dataset/txt/cmu_us_slt_arctic_arctic_a0071.txt
/mnt/deepspeech2_data/voxforge_dataset/wav/cmu_us_slt_arctic_arctic_a0270.wav,/mnt/deepspeech2_data/voxforge_dataset/txt/cmu_us_slt_arctic_arctic_a0270.txt
/mnt/deepspeech2_data/voxforge_dataset/wav/cmu_us_slt_arctic_arctic_a0237.wav,/mnt/deepspeech2_data/voxforge_dataset/txt/cmu_us_slt_arctic_arctic_a0237.txt
/mnt/deepspeech2_data/voxforge_dataset/wav/cmu_us_slt_arctic_arctic_a0177.wav,/mnt/deepspeech2_data/voxforge_dataset/txt/cmu_us_slt_arctic_arctic_a0177.txt
/mnt/deepspeech2_data/voxforge_dataset/wav/cmu_us_slt_arctic_arctic_b0299.wav,/mnt/deepspeech2_data/voxforge_dataset/txt/cmu_us_slt_arctic_arctic_b0299.txt
/mnt/deepspeech2_data/voxforge_dataset/wav/cmu_us_slt_arctic_arctic_b0451.wav,/mnt/deepspeech2_data/voxforge_dataset/txt/cmu_us_slt_arctic_arctic_b0451.txt
/mnt/deepspeech2_data/voxforge_dataset/wav/cmu_us_slt_arctic_arctic_a0396.wav,/mnt/deepspeech2_data/voxforge_dataset/txt/cmu_us_slt_arctic_arctic_a0396.txt
/mnt/deepspeech2_data/voxforge_dataset/wav/cmu_us_slt_arctic_arctic_a0505.wav,/mnt/deepspeech2_data/voxforge_dataset/txt/cmu_us_slt_arctic_arctic_a0505.txt
/mnt/deepspeech2_data/voxforge_dataset/wav/cmu_us_slt_arctic_arctic_b0474.wav,/mnt/deepspeech2_data/voxforge_dataset/txt/cmu_us_slt_arctic_arctic_b0474.txt
/mnt/deepspeech2_data/voxforge_dataset/wav/cmu_us_slt_arctic_arctic_a0110.wav,/mnt/deepspeech2_data/voxforge_dataset/txt/cmu_us_slt_arctic_arctic_a0110.txt
/mnt/deepspeech2_data/voxforge_dataset/wav/cmu_us_slt_arctic_arctic_b0324.wav,/mnt/deepspeech2_data/voxforge_dataset/txt/cmu_us_slt_arctic_arctic_b0324.txt
/mnt/deepspeech2_data/voxforge_dataset/wav/cmu_us_slt_arctic_arctic_b0396.wav,/mnt/deepspeech2_data/voxforge_dataset/txt/cmu_us_slt_arctic_arctic_b0396.txt
/mnt/deepspeech2_data/voxforge_dataset/wav/cmu_us_slt_arctic_arctic_b0101.wav,/mnt/deepspeech2_data/voxforge_dataset/txt/cmu_us_slt_arctic_arctic_b0101.txt
/mnt/deepspeech2_data/voxforge_dataset/wav/cmu_us_slt_arctic_arctic_b0368.wav,/mnt/deepspeech2_data/voxforge_dataset/txt/cmu_us_slt_arctic_arctic_b0368.txt
/mnt/deepspeech2_data/voxforge_dataset/wav/cmu_us_slt_arctic_arctic_b0235.wav,/mnt/deepspeech2_data/voxforge_dataset/txt/cmu_us_slt_arctic_arctic_b0235.txt
/mnt/deepspeech2_data/voxforge_dataset/wav/cmu_us_slt_arctic_arctic_b0393.wav,/mnt/deepspeech2_data/voxforge_dataset/txt/cmu_us_slt_arctic_arctic_b0393.txt
/mnt/deepspeech2_data/voxforge_dataset/wav/cmu_us_slt_arctic_arctic_b0459.wav,/mnt/deepspeech2_data/voxforge_dataset/txt/cmu_us_slt_arctic_arctic_b0459.txt
/mnt/deepspeech2_data/voxforge_dataset/wav/cmu_us_slt_arctic_arctic_a0343.wav,/mnt/deepspeech2_data/voxforge_dataset/txt/cmu_us_slt_arctic_arctic_a0343.txt
/mnt/deepspeech2_data/voxforge_dataset/wav/cmu_us_slt_arctic_arctic_a0446.wav,/mnt/deepspeech2_data/voxforge_dataset/txt/cmu_us_slt_arctic_arctic_a0446.txt
/mnt/deepspeech2_data/voxforge_dataset/wav/cmu_us_slt_arctic_arctic_a0345.wav,/mnt/deepspeech2_data/voxforge_dataset/txt/cmu_us_slt_arctic_arctic_a0345.txt
/mnt/deepspeech2_data/voxforge_dataset/wav/cmu_us_slt_arctic_arctic_a0306.wav,/mnt/deepspeech2_data/voxforge_dataset/txt/cmu_us_slt_arctic_arctic_a0306.txt
/mnt/deepspeech2_data/voxforge_dataset/wav/cmu_us_slt_arctic_arctic_a0367.wav,/mnt/deepspeech2_data/voxforge_dataset/txt/cmu_us_slt_arctic_arctic_a0367.txt
/mnt/deepspeech2_data/voxforge_dataset/wav/cmu_us_slt_arctic_arctic_a0321.wav,/mnt/deepspeech2_data/voxforge_dataset/txt/cmu_us_slt_arctic_arctic_a0321.txt
/mnt/deepspeech2_data/voxforge_dataset/wav/cmu_us_slt_arctic_arctic_a0545.wav,/mnt/deepspeech2_data/voxforge_dataset/txt/cmu_us_slt_arctic_arctic_a0545.txt
/mnt/deepspeech2_data/voxforge_dataset/wav/cmu_us_slt_arctic_arctic_b0280.wav,/mnt/deepspeech2_data/voxforge_dataset/txt/cmu_us_slt_arctic_arctic_b0280.txt
/mnt/deepspeech2_data/voxforge_dataset/wav/cmu_us_slt_arctic_arctic_a0172.wav,/mnt/deepspeech2_data/voxforge_dataset/txt/cmu_us_slt_arctic_arctic_a0172.txt
/mnt/deepspeech2_data/voxforge_dataset/wav/cmu_us_slt_arctic_arctic_a0009.wav,/mnt/deepspeech2_data/voxforge_dataset/txt/cmu_us_slt_arctic_arctic_a0009.txt
/mnt/deepspeech2_data/voxforge_dataset/wav/cmu_us_slt_arctic_arctic_b0349.wav,/mnt/deepspeech2_data/voxforge_dataset/txt/cmu_us_slt_arctic_arctic_b0349.txt
/mnt/deepspeech2_data/voxforge_dataset/wav/cmu_us_slt_arctic_arctic_a0282.wav,/mnt/deepspeech2_data/voxforge_dataset/txt/cmu_us_slt_arctic_arctic_a0282.txt
/mnt/deepspeech2_data/voxforge_dataset/wav/cmu_us_slt_arctic_arctic_b0075.wav,/mnt/deepspeech2_data/voxforge_dataset/txt/cmu_us_slt_arctic_arctic_b0075.txt
/mnt/deepspeech2_data/voxforge_dataset/wav/cmu_us_slt_arctic_arctic_b0157.wav,/mnt/deepspeech2_data/voxforge_dataset/txt/cmu_us_slt_arctic_arctic_b0157.txt
/mnt/deepspeech2_data/voxforge_dataset/wav/cmu_us_slt_arctic_arctic_b0024.wav,/mnt/deepspeech2_data/voxforge_dataset/txt/cmu_us_slt_arctic_arctic_b0024.txt
/mnt/deepspeech2_data/voxforge_dataset/wav/cmu_us_slt_arctic_arctic_a0434.wav,/mnt/deepspeech2_data/voxforge_dataset/txt/cmu_us_slt_arctic_arctic_a0434.txt
/mnt/deepspeech2_data/voxforge_dataset/wav/cmu_us_slt_arctic_arctic_b0145.wav,/mnt/deepspeech2_data/voxforge_dataset/txt/cmu_us_slt_arctic_arctic_b0145.txt
/mnt/deepspeech2_data/voxforge_dataset/wav/cmu_us_slt_arctic_arctic_b0188.wav,/mnt/deepspeech2_data/voxforge_dataset/txt/cmu_us_slt_arctic_arctic_b0188.txt
/mnt/deepspeech2_data/voxforge_dataset/wav/cmu_us_slt_arctic_arctic_b0502.wav,/mnt/deepspeech2_data/voxforge_dataset/txt/cmu_us_slt_arctic_arctic_b0502.txt
/mnt/deepspeech2_data/voxforge_dataset/wav/cmu_us_slt_arctic_arctic_a0307.wav,/mnt/deepspeech2_data/voxforge_dataset/txt/cmu_us_slt_arctic_arctic_a0307.txt
/mnt/deepspeech2_data/voxforge_dataset/wav/cmu_us_slt_arctic_arctic_a0482.wav,/mnt/deepspeech2_data/voxforge_dataset/txt/cmu_us_slt_arctic_arctic_a0482.txt
/mnt/deepspeech2_data/voxforge_dataset/wav/cmu_us_slt_arctic_arctic_b0158.wav,/mnt/deepspeech2_data/voxforge_dataset/txt/cmu_us_slt_arctic_arctic_b0158.txt
/mnt/deepspeech2_data/voxforge_dataset/wav/cmu_us_slt_arctic_arctic_a0511.wav,/mnt/deepspeech2_data/voxforge_dataset/txt/cmu_us_slt_arctic_arctic_a0511.txt
/mnt/deepspeech2_data/voxforge_dataset/wav/cmu_us_slt_arctic_arctic_a0151.wav,/mnt/deepspeech2_data/voxforge_dataset/txt/cmu_us_slt_arctic_arctic_a0151.txt
/mnt/deepspeech2_data/voxforge_dataset/wav/cmu_us_slt_arctic_arctic_a0522.wav,/mnt/deepspeech2_data/voxforge_dataset/txt/cmu_us_slt_arctic_arctic_a0522.txt
/mnt/deepspeech2_data/voxforge_dataset/wav/cmu_us_slt_arctic_arctic_a0202.wav,/mnt/deepspeech2_data/voxforge_dataset/txt/cmu_us_slt_arctic_arctic_a0202.txt
/mnt/deepspeech2_data/voxforge_dataset/wav/cmu_us_slt_arctic_arctic_b0433.wav,/mnt/deepspeech2_data/voxforge_dataset/txt/cmu_us_slt_arctic_arctic_b0433.txt
/mnt/deepspeech2_data/voxforge_dataset/wav/cmu_us_slt_arctic_arctic_a0336.wav,/mnt/deepspeech2_data/voxforge_dataset/txt/cmu_us_slt_arctic_arctic_a0336.txt
/mnt/deepspeech2_data/voxforge_dataset/wav/cmu_us_slt_arctic_arctic_b0042.wav,/mnt/deepspeech2_data/voxforge_dataset/txt/cmu_us_slt_arctic_arctic_b0042.txt
/mnt/deepspeech2_data/voxforge_dataset/wav/cmu_us_slt_arctic_arctic_a0315.wav,/mnt/deepspeech2_data/voxforge_dataset/txt/cmu_us_slt_arctic_arctic_a0315.txt
/mnt/deepspeech2_data/voxforge_dataset/wav/cmu_us_slt_arctic_arctic_a0462.wav,/mnt/deepspeech2_data/voxforge_dataset/txt/cmu_us_slt_arctic_arctic_a0462.txt
/mnt/deepspeech2_data/voxforge_dataset/wav/cmu_us_slt_arctic_arctic_a0019.wav,/mnt/deepspeech2_data/voxforge_dataset/txt/cmu_us_slt_arctic_arctic_a0019.txt
/mnt/deepspeech2_data/voxforge_dataset/wav/cmu_us_slt_arctic_arctic_b0013.wav,/mnt/deepspeech2_data/voxforge_dataset/txt/cmu_us_slt_arctic_arctic_b0013.txt
/mnt/deepspeech2_data/voxforge_dataset/wav/cmu_us_slt_arctic_arctic_b0413.wav,/mnt/deepspeech2_data/voxforge_dataset/txt/cmu_us_slt_arctic_arctic_b0413.txt
/mnt/deepspeech2_data/voxforge_dataset/wav/cmu_us_slt_arctic_arctic_b0404.wav,/mnt/deepspeech2_data/voxforge_dataset/txt/cmu_us_slt_arctic_arctic_b0404.txt
/mnt/deepspeech2_data/voxforge_dataset/wav/cmu_us_slt_arctic_arctic_a0392.wav,/mnt/deepspeech2_data/voxforge_dataset/txt/cmu_us_slt_arctic_arctic_a0392.txt
/mnt/deepspeech2_data/voxforge_dataset/wav/cmu_us_slt_arctic_arctic_b0445.wav,/mnt/deepspeech2_data/voxforge_dataset/txt/cmu_us_slt_arctic_arctic_b0445.txt
/mnt/deepspeech2_data/voxforge_dataset/wav/cmu_us_slt_arctic_arctic_b0425.wav,/mnt/deepspeech2_data/voxforge_dataset/txt/cmu_us_slt_arctic_arctic_b0425.txt
/mnt/deepspeech2_data/voxforge_dataset/wav/cmu_us_slt_arctic_arctic_b0523.wav,/mnt/deepspeech2_data/voxforge_dataset/txt/cmu_us_slt_arctic_arctic_b0523.txt
/mnt/deepspeech2_data/voxforge_dataset/wav/cmu_us_slt_arctic_arctic_a0433.wav,/mnt/deepspeech2_data/voxforge_dataset/txt/cmu_us_slt_arctic_arctic_a0433.txt
/mnt/deepspeech2_data/voxforge_dataset/wav/cmu_us_slt_arctic_arctic_b0148.wav,/mnt/deepspeech2_data/voxforge_dataset/txt/cmu_us_slt_arctic_arctic_b0148.txt
/mnt/deepspeech2_data/voxforge_dataset/wav/cmu_us_slt_arctic_arctic_a0002.wav,/mnt/deepspeech2_data/voxforge_dataset/txt/cmu_us_slt_arctic_arctic_a0002.txt
/mnt/deepspeech2_data/voxforge_dataset/wav/cmu_us_slt_arctic_arctic_b0073.wav,/mnt/deepspeech2_data/voxforge_dataset/txt/cmu_us_slt_arctic_arctic_b0073.txt
/mnt/deepspeech2_data/voxforge_dataset/wav/cmu_us_slt_arctic_arctic_b0362.wav,/mnt/deepspeech2_data/voxforge_dataset/txt/cmu_us_slt_arctic_arctic_b0362.txt
/mnt/deepspeech2_data/voxforge_dataset/wav/cmu_us_slt_arctic_arctic_a0234.wav,/mnt/deepspeech2_data/voxforge_dataset/txt/cmu_us_slt_arctic_arctic_a0234.txt
/mnt/deepspeech2_data/voxforge_dataset/wav/cmu_us_slt_arctic_arctic_a0133.wav,/mnt/deepspeech2_data/voxforge_dataset/txt/cmu_us_slt_arctic_arctic_a0133.txt
/mnt/deepspeech2_data/voxforge_dataset/wav/cmu_us_slt_arctic_arctic_b0450.wav,/mnt/deepspeech2_data/voxforge_dataset/txt/cmu_us_slt_arctic_arctic_b0450.txt
/mnt/deepspeech2_data/voxforge_dataset/wav/cmu_us_slt_arctic_arctic_b0488.wav,/mnt/deepspeech2_data/voxforge_dataset/txt/cmu_us_slt_arctic_arctic_b0488.txt
/mnt/deepspeech2_data/voxforge_dataset/wav/cmu_us_slt_arctic_arctic_b0320.wav,/mnt/deepspeech2_data/voxforge_dataset/txt/cmu_us_slt_arctic_arctic_b0320.txt
/mnt/deepspeech2_data/voxforge_dataset/wav/cmu_us_slt_arctic_arctic_b0508.wav,/mnt/deepspeech2_data/voxforge_dataset/txt/cmu_us_slt_arctic_arctic_b0508.txt
/mnt/deepspeech2_data/voxforge_dataset/wav/cmu_us_slt_arctic_arctic_a0106.wav,/mnt/deepspeech2_data/voxforge_dataset/txt/cmu_us_slt_arctic_arctic_a0106.txt
/mnt/deepspeech2_data/voxforge_dataset/wav/cmu_us_slt_arctic_arctic_a0437.wav,/mnt/deepspeech2_data/voxforge_dataset/txt/cmu_us_slt_arctic_arctic_a0437.txt
/mnt/deepspeech2_data/voxforge_dataset/wav/cmu_us_slt_arctic_arctic_b0323.wav,/mnt/deepspeech2_data/voxforge_dataset/txt/cmu_us_slt_arctic_arctic_b0323.txt
/mnt/deepspeech2_data/voxforge_dataset/wav/cmu_us_slt_arctic_arctic_a0136.wav,/mnt/deepspeech2_data/voxforge_dataset/txt/cmu_us_slt_arctic_arctic_a0136.txt
/mnt/deepspeech2_data/voxforge_dataset/wav/cmu_us_slt_arctic_arctic_a0588.wav,/mnt/deepspeech2_data/voxforge_dataset/txt/cmu_us_slt_arctic_arctic_a0588.txt
/mnt/deepspeech2_data/voxforge_dataset/wav/cmu_us_slt_arctic_arctic_a0502.wav,/mnt/deepspeech2_data/voxforge_dataset/txt/cmu_us_slt_arctic_arctic_a0502.txt
/mnt/deepspeech2_data/voxforge_dataset/wav/cmu_us_slt_arctic_arctic_b0204.wav,/mnt/deepspeech2_data/voxforge_dataset/txt/cmu_us_slt_arctic_arctic_b0204.txt
/mnt/deepspeech2_data/voxforge_dataset/wav/cmu_us_slt_arctic_arctic_b0498.wav,/mnt/deepspeech2_data/voxforge_dataset/txt/cmu_us_slt_arctic_arctic_b0498.txt
/mnt/deepspeech2_data/voxforge_dataset/wav/cmu_us_slt_arctic_arctic_a0023.wav,/mnt/deepspeech2_data/voxforge_dataset/txt/cmu_us_slt_arctic_arctic_a0023.txt
/mnt/deepspeech2_data/voxforge_dataset/wav/cmu_us_slt_arctic_arctic_b0496.wav,/mnt/deepspeech2_data/voxforge_dataset/txt/cmu_us_slt_arctic_arctic_b0496.txt
/mnt/deepspeech2_data/voxforge_dataset/wav/cmu_us_clb_arctic_arctic_b0454.wav,/mnt/deepspeech2_data/voxforge_dataset/txt/cmu_us_clb_arctic_arctic_b0454.txt
/mnt/deepspeech2_data/voxforge_dataset/wav/cmu_us_clb_arctic_arctic_b0435.wav,/mnt/deepspeech2_data/voxforge_dataset/txt/cmu_us_clb_arctic_arctic_b0435.txt
/mnt/deepspeech2_data/voxforge_dataset/wav/cmu_us_clb_arctic_arctic_a0346.wav,/mnt/deepspeech2_data/voxforge_dataset/txt/cmu_us_clb_arctic_arctic_a0346.txt
/mnt/deepspeech2_data/voxforge_dataset/wav/cmu_us_clb_arctic_arctic_a0112.wav,/mnt/deepspeech2_data/voxforge_dataset/txt/cmu_us_clb_arctic_arctic_a0112.txt
/mnt/deepspeech2_data/voxforge_dataset/wav/cmu_us_clb_arctic_arctic_b0176.wav,/mnt/deepspeech2_data/voxforge_dataset/txt/cmu_us_clb_arctic_arctic_b0176.txt
/mnt/deepspeech2_data/voxforge_dataset/wav/cmu_us_clb_arctic_arctic_b0170.wav,/mnt/deepspeech2_data/voxforge_dataset/txt/cmu_us_clb_arctic_arctic_b0170.txt
/mnt/deepspeech2_data/voxforge_dataset/wav/cmu_us_clb_arctic_arctic_b0375.wav,/mnt/deepspeech2_data/voxforge_dataset/txt/cmu_us_clb_arctic_arctic_b0375.txt
/mnt/deepspeech2_data/voxforge_dataset/wav/cmu_us_clb_arctic_arctic_a0591.wav,/mnt/deepspeech2_data/voxforge_dataset/txt/cmu_us_clb_arctic_arctic_a0591.txt
/mnt/deepspeech2_data/voxforge_dataset/wav/cmu_us_clb_arctic_arctic_b0249.wav,/mnt/deepspeech2_data/voxforge_dataset/txt/cmu_us_clb_arctic_arctic_b0249.txt
/mnt/deepspeech2_data/voxforge_dataset/wav/cmu_us_clb_arctic_arctic_b0500.wav,/mnt/deepspeech2_data/voxforge_dataset/txt/cmu_us_clb_arctic_arctic_b0500.txt
/mnt/deepspeech2_data/voxforge_dataset/wav/cmu_us_clb_arctic_arctic_a0057.wav,/mnt/deepspeech2_data/voxforge_dataset/txt/cmu_us_clb_arctic_arctic_a0057.txt
/mnt/deepspeech2_data/voxforge_dataset/wav/cmu_us_clb_arctic_arctic_a0421.wav,/mnt/deepspeech2_data/voxforge_dataset/txt/cmu_us_clb_arctic_arctic_a0421.txt
/mnt/deepspeech2_data/voxforge_dataset/wav/cmu_us_clb_arctic_arctic_a0060.wav,/mnt/deepspeech2_data/voxforge_dataset/txt/cmu_us_clb_arctic_arctic_a0060.txt
/mnt/deepspeech2_data/voxforge_dataset/wav/cmu_us_clb_arctic_arctic_a0129.wav,/mnt/deepspeech2_data/voxforge_dataset/txt/cmu_us_clb_arctic_arctic_a0129.txt
/mnt/deepspeech2_data/voxforge_dataset/wav/cmu_us_clb_arctic_arctic_b0322.wav,/mnt/deepspeech2_data/voxforge_dataset/txt/cmu_us_clb_arctic_arctic_b0322.txt
/mnt/deepspeech2_data/voxforge_dataset/wav/cmu_us_clb_arctic_arctic_a0557.wav,/mnt/deepspeech2_data/voxforge_dataset/txt/cmu_us_clb_arctic_arctic_a0557.txt
/mnt/deepspeech2_data/voxforge_dataset/wav/cmu_us_clb_arctic_arctic_a0194.wav,/mnt/deepspeech2_data/voxforge_dataset/txt/cmu_us_clb_arctic_arctic_a0194.txt
/mnt/deepspeech2_data/voxforge_dataset/wav/cmu_us_clb_arctic_arctic_b0443.wav,/mnt/deepspeech2_data/voxforge_dataset/txt/cmu_us_clb_arctic_arctic_b0443.txt
/mnt/deepspeech2_data/voxforge_dataset/wav/cmu_us_clb_arctic_arctic_a0497.wav,/mnt/deepspeech2_data/voxforge_dataset/txt/cmu_us_clb_arctic_arctic_a0497.txt
/mnt/deepspeech2_data/voxforge_dataset/wav/cmu_us_clb_arctic_arctic_a0008.wav,/mnt/deepspeech2_data/voxforge_dataset/txt/cmu_us_clb_arctic_arctic_a0008.txt
/mnt/deepspeech2_data/voxforge_dataset/wav/cmu_us_clb_arctic_arctic_a0593.wav,/mnt/deepspeech2_data/voxforge_dataset/txt/cmu_us_clb_arctic_arctic_a0593.txt
/mnt/deepspeech2_data/voxforge_dataset/wav/cmu_us_clb_arctic_arctic_b0180.wav,/mnt/deepspeech2_data/voxforge_dataset/txt/cmu_us_clb_arctic_arctic_b0180.txt
/mnt/deepspeech2_data/voxforge_dataset/wav/cmu_us_clb_arctic_arctic_a0169.wav,/mnt/deepspeech2_data/voxforge_dataset/txt/cmu_us_clb_arctic_arctic_a0169.txt
/mnt/deepspeech2_data/voxforge_dataset/wav/cmu_us_clb_arctic_arctic_b0230.wav,/mnt/deepspeech2_data/voxforge_dataset/txt/cmu_us_clb_arctic_arctic_b0230.txt
/mnt/deepspeech2_data/voxforge_dataset/wav/cmu_us_clb_arctic_arctic_b0436.wav,/mnt/deepspeech2_data/voxforge_dataset/txt/cmu_us_clb_arctic_arctic_b0436.txt
/mnt/deepspeech2_data/voxforge_dataset/wav/cmu_us_clb_arctic_arctic_b0182.wav,/mnt/deepspeech2_data/voxforge_dataset/txt/cmu_us_clb_arctic_arctic_b0182.txt
/mnt/deepspeech2_data/voxforge_dataset/wav/cmu_us_clb_arctic_arctic_a0107.wav,/mnt/deepspeech2_data/voxforge_dataset/txt/cmu_us_clb_arctic_arctic_a0107.txt
/mnt/deepspeech2_data/voxforge_dataset/wav/cmu_us_clb_arctic_arctic_b0314.wav,/mnt/deepspeech2_data/voxforge_dataset/txt/cmu_us_clb_arctic_arctic_b0314.txt
/mnt/deepspeech2_data/voxforge_dataset/wav/cmu_us_clb_arctic_arctic_b0531.wav,/mnt/deepspeech2_data/voxforge_dataset/txt/cmu_us_clb_arctic_arctic_b0531.txt
/mnt/deepspeech2_data/voxforge_dataset/wav/cmu_us_clb_arctic_arctic_a0359.wav,/mnt/deepspeech2_data/voxforge_dataset/txt/cmu_us_clb_arctic_arctic_a0359.txt
/mnt/deepspeech2_data/voxforge_dataset/wav/cmu_us_clb_arctic_arctic_b0387.wav,/mnt/deepspeech2_data/voxforge_dataset/txt/cmu_us_clb_arctic_arctic_b0387.txt
/mnt/deepspeech2_data/voxforge_dataset/wav/cmu_us_clb_arctic_arctic_a0090.wav,/mnt/deepspeech2_data/voxforge_dataset/txt/cmu_us_clb_arctic_arctic_a0090.txt
/mnt/deepspeech2_data/voxforge_dataset/wav/cmu_us_clb_arctic_arctic_a0086.wav,/mnt/deepspeech2_data/voxforge_dataset/txt/cmu_us_clb_arctic_arctic_a0086.txt
/mnt/deepspeech2_data/voxforge_dataset/wav/cmu_us_clb_arctic_arctic_b0266.wav,/mnt/deepspeech2_data/voxforge_dataset/txt/cmu_us_clb_arctic_arctic_b0266.txt
/mnt/deepspeech2_data/voxforge_dataset/wav/cmu_us_clb_arctic_arctic_b0107.wav,/mnt/deepspeech2_data/voxforge_dataset/txt/cmu_us_clb_arctic_arctic_b0107.txt
/mnt/deepspeech2_data/voxforge_dataset/wav/cmu_us_clb_arctic_arctic_a0572.wav,/mnt/deepspeech2_data/voxforge_dataset/txt/cmu_us_clb_arctic_arctic_a0572.txt
/mnt/deepspeech2_data/voxforge_dataset/wav/cmu_us_clb_arctic_arctic_a0093.wav,/mnt/deepspeech2_data/voxforge_dataset/txt/cmu_us_clb_arctic_arctic_a0093.txt
/mnt/deepspeech2_data/voxforge_dataset/wav/cmu_us_clb_arctic_arctic_b0522.wav,/mnt/deepspeech2_data/voxforge_dataset/txt/cmu_us_clb_arctic_arctic_b0522.txt
/mnt/deepspeech2_data/voxforge_dataset/wav/cmu_us_clb_arctic_arctic_a0152.wav,/mnt/deepspeech2_data/voxforge_dataset/txt/cmu_us_clb_arctic_arctic_a0152.txt
/mnt/deepspeech2_data/voxforge_dataset/wav/cmu_us_clb_arctic_arctic_a0373.wav,/mnt/deepspeech2_data/voxforge_dataset/txt/cmu_us_clb_arctic_arctic_a0373.txt
/mnt/deepspeech2_data/voxforge_dataset/wav/cmu_us_clb_arctic_arctic_a0559.wav,/mnt/deepspeech2_data/voxforge_dataset/txt/cmu_us_clb_arctic_arctic_a0559.txt
/mnt/deepspeech2_data/voxforge_dataset/wav/cmu_us_clb_arctic_arctic_b0481.wav,/mnt/deepspeech2_data/voxforge_dataset/txt/cmu_us_clb_arctic_arctic_b0481.txt
/mnt/deepspeech2_data/voxforge_dataset/wav/cmu_us_clb_arctic_arctic_b0083.wav,/mnt/deepspeech2_data/voxforge_dataset/txt/cmu_us_clb_arctic_arctic_b0083.txt
/mnt/deepspeech2_data/voxforge_dataset/wav/cmu_us_clb_arctic_arctic_a0513.wav,/mnt/deepspeech2_data/voxforge_dataset/txt/cmu_us_clb_arctic_arctic_a0513.txt
/mnt/deepspeech2_data/voxforge_dataset/wav/cmu_us_clb_arctic_arctic_b0053.wav,/mnt/deepspeech2_data/voxforge_dataset/txt/cmu_us_clb_arctic_arctic_b0053.txt
/mnt/deepspeech2_data/voxforge_dataset/wav/cmu_us_clb_arctic_arctic_a0476.wav,/mnt/deepspeech2_data/voxforge_dataset/txt/cmu_us_clb_arctic_arctic_a0476.txt
/mnt/deepspeech2_data/voxforge_dataset/wav/cmu_us_clb_arctic_arctic_b0116.wav,/mnt/deepspeech2_data/voxforge_dataset/txt/cmu_us_clb_arctic_arctic_b0116.txt
/mnt/deepspeech2_data/voxforge_dataset/wav/cmu_us_clb_arctic_arctic_a0342.wav,/mnt/deepspeech2_data/voxforge_dataset/txt/cmu_us_clb_arctic_arctic_a0342.txt
/mnt/deepspeech2_data/voxforge_dataset/wav/cmu_us_clb_arctic_arctic_b0222.wav,/mnt/deepspeech2_data/voxforge_dataset/txt/cmu_us_clb_arctic_arctic_b0222.txt
/mnt/deepspeech2_data/voxforge_dataset/wav/cmu_us_clb_arctic_arctic_b0196.wav,/mnt/deepspeech2_data/voxforge_dataset/txt/cmu_us_clb_arctic_arctic_b0196.txt
/mnt/deepspeech2_data/voxforge_dataset/wav/cmu_us_clb_arctic_arctic_b0215.wav,/mnt/deepspeech2_data/voxforge_dataset/txt/cmu_us_clb_arctic_arctic_b0215.txt
/mnt/deepspeech2_data/voxforge_dataset/wav/cmu_us_clb_arctic_arctic_a0045.wav,/mnt/deepspeech2_data/voxforge_dataset/txt/cmu_us_clb_arctic_arctic_a0045.txt
/mnt/deepspeech2_data/voxforge_dataset/wav/cmu_us_clb_arctic_arctic_b0149.wav,/mnt/deepspeech2_data/voxforge_dataset/txt/cmu_us_clb_arctic_arctic_b0149.txt
/mnt/deepspeech2_data/voxforge_dataset/wav/cmu_us_clb_arctic_arctic_b0002.wav,/mnt/deepspeech2_data/voxforge_dataset/txt/cmu_us_clb_arctic_arctic_b0002.txt
/mnt/deepspeech2_data/voxforge_dataset/wav/cmu_us_clb_arctic_arctic_a0056.wav,/mnt/deepspeech2_data/voxforge_dataset/txt/cmu_us_clb_arctic_arctic_a0056.txt
/mnt/deepspeech2_data/voxforge_dataset/wav/cmu_us_clb_arctic_arctic_a0321.wav,/mnt/deepspeech2_data/voxforge_dataset/txt/cmu_us_clb_arctic_arctic_a0321.txt
/mnt/deepspeech2_data/voxforge_dataset/wav/cmu_us_clb_arctic_arctic_b0059.wav,/mnt/deepspeech2_data/voxforge_dataset/txt/cmu_us_clb_arctic_arctic_b0059.txt
/mnt/deepspeech2_data/voxforge_dataset/wav/cmu_us_clb_arctic_arctic_a0454.wav,/mnt/deepspeech2_data/voxforge_dataset/txt/cmu_us_clb_arctic_arctic_a0454.txt
/mnt/deepspeech2_data/voxforge_dataset/wav/cmu_us_clb_arctic_arctic_a0266.wav,/mnt/deepspeech2_data/voxforge_dataset/txt/cmu_us_clb_arctic_arctic_a0266.txt
/mnt/deepspeech2_data/voxforge_dataset/wav/cmu_us_clb_arctic_arctic_b0448.wav,/mnt/deepspeech2_data/voxforge_dataset/txt/cmu_us_clb_arctic_arctic_b0448.txt
/mnt/deepspeech2_data/voxforge_dataset/wav/cmu_us_clb_arctic_arctic_a0120.wav,/mnt/deepspeech2_data/voxforge_dataset/txt/cmu_us_clb_arctic_arctic_a0120.txt
/mnt/deepspeech2_data/voxforge_dataset/wav/cmu_us_clb_arctic_arctic_b0459.wav,/mnt/deepspeech2_data/voxforge_dataset/txt/cmu_us_clb_arctic_arctic_b0459.txt
/mnt/deepspeech2_data/voxforge_dataset/wav/cmu_us_clb_arctic_arctic_a0318.wav,/mnt/deepspeech2_data/voxforge_dataset/txt/cmu_us_clb_arctic_arctic_a0318.txt
/mnt/deepspeech2_data/voxforge_dataset/wav/cmu_us_clb_arctic_arctic_a0161.wav,/mnt/deepspeech2_data/voxforge_dataset/txt/cmu_us_clb_arctic_arctic_a0161.txt
/mnt/deepspeech2_data/voxforge_dataset/wav/cmu_us_clb_arctic_arctic_b0150.wav,/mnt/deepspeech2_data/voxforge_dataset/txt/cmu_us_clb_arctic_arctic_b0150.txt
/mnt/deepspeech2_data/voxforge_dataset/wav/cmu_us_clb_arctic_arctic_a0122.wav,/mnt/deepspeech2_data/voxforge_dataset/txt/cmu_us_clb_arctic_arctic_a0122.txt
/mnt/deepspeech2_data/voxforge_dataset/wav/cmu_us_clb_arctic_arctic_a0310.wav,/mnt/deepspeech2_data/voxforge_dataset/txt/cmu_us_clb_arctic_arctic_a0310.txt
/mnt/deepspeech2_data/voxforge_dataset/wav/cmu_us_clb_arctic_arctic_a0568.wav,/mnt/deepspeech2_data/voxforge_dataset/txt/cmu_us_clb_arctic_arctic_a0568.txt
/mnt/deepspeech2_data/voxforge_dataset/wav/cmu_us_clb_arctic_arctic_b0399.wav,/mnt/deepspeech2_data/voxforge_dataset/txt/cmu_us_clb_arctic_arctic_b0399.txt
/mnt/deepspeech2_data/voxforge_dataset/wav/cmu_us_clb_arctic_arctic_a0061.wav,/mnt/deepspeech2_data/voxforge_dataset/txt/cmu_us_clb_arctic_arctic_a0061.txt
/mnt/deepspeech2_data/voxforge_dataset/wav/cmu_us_clb_arctic_arctic_b0065.wav,/mnt/deepspeech2_data/voxforge_dataset/txt/cmu_us_clb_arctic_arctic_b0065.txt
/mnt/deepspeech2_data/voxforge_dataset/wav/cmu_us_clb_arctic_arctic_a0282.wav,/mnt/deepspeech2_data/voxforge_dataset/txt/cmu_us_clb_arctic_arctic_a0282.txt
/mnt/deepspeech2_data/voxforge_dataset/wav/cmu_us_clb_arctic_arctic_b0472.wav,/mnt/deepspeech2_data/voxforge_dataset/txt/cmu_us_clb_arctic_arctic_b0472.txt
/mnt/deepspeech2_data/voxforge_dataset/wav/cmu_us_clb_arctic_arctic_a0225.wav,/mnt/deepspeech2_data/voxforge_dataset/txt/cmu_us_clb_arctic_arctic_a0225.txt
/mnt/deepspeech2_data/voxforge_dataset/wav/cmu_us_clb_arctic_arctic_b0300.wav,/mnt/deepspeech2_data/voxforge_dataset/txt/cmu_us_clb_arctic_arctic_b0300.txt
/mnt/deepspeech2_data/voxforge_dataset/wav/cmu_us_clb_arctic_arctic_a0044.wav,/mnt/deepspeech2_data/voxforge_dataset/txt/cmu_us_clb_arctic_arctic_a0044.txt
/mnt/deepspeech2_data/voxforge_dataset/wav/cmu_us_clb_arctic_arctic_a0069.wav,/mnt/deepspeech2_data/voxforge_dataset/txt/cmu_us_clb_arctic_arctic_a0069.txt
/mnt/deepspeech2_data/voxforge_dataset/wav/cmu_us_clb_arctic_arctic_a0065.wav,/mnt/deepspeech2_data/voxforge_dataset/txt/cmu_us_clb_arctic_arctic_a0065.txt
/mnt/deepspeech2_data/voxforge_dataset/wav/cmu_us_clb_arctic_arctic_b0534.wav,/mnt/deepspeech2_data/voxforge_dataset/txt/cmu_us_clb_arctic_arctic_b0534.txt
/mnt/deepspeech2_data/voxforge_dataset/wav/cmu_us_clb_arctic_arctic_b0091.wav,/mnt/deepspeech2_data/voxforge_dataset/txt/cmu_us_clb_arctic_arctic_b0091.txt
/mnt/deepspeech2_data/voxforge_dataset/wav/cmu_us_clb_arctic_arctic_b0425.wav,/mnt/deepspeech2_data/voxforge_dataset/txt/cmu_us_clb_arctic_arctic_b0425.txt
/mnt/deepspeech2_data/voxforge_dataset/wav/cmu_us_clb_arctic_arctic_b0317.wav,/mnt/deepspeech2_data/voxforge_dataset/txt/cmu_us_clb_arctic_arctic_b0317.txt
/mnt/deepspeech2_data/voxforge_dataset/wav/cmu_us_clb_arctic_arctic_b0428.wav,/mnt/deepspeech2_data/voxforge_dataset/txt/cmu_us_clb_arctic_arctic_b0428.txt
/mnt/deepspeech2_data/voxforge_dataset/wav/cmu_us_clb_arctic_arctic_a0246.wav,/mnt/deepspeech2_data/voxforge_dataset/txt/cmu_us_clb_arctic_arctic_a0246.txt
/mnt/deepspeech2_data/voxforge_dataset/wav/cmu_us_clb_arctic_arctic_a0377.wav,/mnt/deepspeech2_data/voxforge_dataset/txt/cmu_us_clb_arctic_arctic_a0377.txt
/mnt/deepspeech2_data/voxforge_dataset/wav/cmu_us_clb_arctic_arctic_a0117.wav,/mnt/deepspeech2_data/voxforge_dataset/txt/cmu_us_clb_arctic_arctic_a0117.txt
/mnt/deepspeech2_data/voxforge_dataset/wav/cmu_us_clb_arctic_arctic_a0383.wav,/mnt/deepspeech2_data/voxforge_dataset/txt/cmu_us_clb_arctic_arctic_a0383.txt
/mnt/deepspeech2_data/voxforge_dataset/wav/cmu_us_clb_arctic_arctic_a0111.wav,/mnt/deepspeech2_data/voxforge_dataset/txt/cmu_us_clb_arctic_arctic_a0111.txt
/mnt/deepspeech2_data/voxforge_dataset/wav/cmu_us_clb_arctic_arctic_a0573.wav,/mnt/deepspeech2_data/voxforge_dataset/txt/cmu_us_clb_arctic_arctic_a0573.txt
/mnt/deepspeech2_data/voxforge_dataset/wav/cmu_us_clb_arctic_arctic_b0272.wav,/mnt/deepspeech2_data/voxforge_dataset/txt/cmu_us_clb_arctic_arctic_b0272.txt
/mnt/deepspeech2_data/voxforge_dataset/wav/cmu_us_clb_arctic_arctic_b0039.wav,/mnt/deepspeech2_data/voxforge_dataset/txt/cmu_us_clb_arctic_arctic_b0039.txt
/mnt/deepspeech2_data/voxforge_dataset/wav/cmu_us_clb_arctic_arctic_b0303.wav,/mnt/deepspeech2_data/voxforge_dataset/txt/cmu_us_clb_arctic_arctic_b0303.txt
/mnt/deepspeech2_data/voxforge_dataset/wav/cmu_us_clb_arctic_arctic_a0441.wav,/mnt/deepspeech2_data/voxforge_dataset/txt/cmu_us_clb_arctic_arctic_a0441.txt
/mnt/deepspeech2_data/voxforge_dataset/wav/cmu_us_clb_arctic_arctic_b0095.wav,/mnt/deepspeech2_data/voxforge_dataset/txt/cmu_us_clb_arctic_arctic_b0095.txt
/mnt/deepspeech2_data/voxforge_dataset/wav/cmu_us_clb_arctic_arctic_a0116.wav,/mnt/deepspeech2_data/voxforge_dataset/txt/cmu_us_clb_arctic_arctic_a0116.txt
/mnt/deepspeech2_data/voxforge_dataset/wav/cmu_us_clb_arctic_arctic_a0576.wav,/mnt/deepspeech2_data/voxforge_dataset/txt/cmu_us_clb_arctic_arctic_a0576.txt
/mnt/deepspeech2_data/voxforge_dataset/wav/cmu_us_clb_arctic_arctic_a0561.wav,/mnt/deepspeech2_data/voxforge_dataset/txt/cmu_us_clb_arctic_arctic_a0561.txt
/mnt/deepspeech2_data/voxforge_dataset/wav/cmu_us_clb_arctic_arctic_b0495.wav,/mnt/deepspeech2_data/voxforge_dataset/txt/cmu_us_clb_arctic_arctic_b0495.txt
/mnt/deepspeech2_data/voxforge_dataset/wav/cmu_us_clb_arctic_arctic_b0209.wav,/mnt/deepspeech2_data/voxforge_dataset/txt/cmu_us_clb_arctic_arctic_b0209.txt
/mnt/deepspeech2_data/voxforge_dataset/wav/cmu_us_clb_arctic_arctic_a0517.wav,/mnt/deepspeech2_data/voxforge_dataset/txt/cmu_us_clb_arctic_arctic_a0517.txt
/mnt/deepspeech2_data/voxforge_dataset/wav/cmu_us_clb_arctic_arctic_a0510.wav,/mnt/deepspeech2_data/voxforge_dataset/txt/cmu_us_clb_arctic_arctic_a0510.txt
/mnt/deepspeech2_data/voxforge_dataset/wav/cmu_us_clb_arctic_arctic_a0084.wav,/mnt/deepspeech2_data/voxforge_dataset/txt/cmu_us_clb_arctic_arctic_a0084.txt
/mnt/deepspeech2_data/voxforge_dataset/wav/cmu_us_clb_arctic_arctic_b0104.wav,/mnt/deepspeech2_data/voxforge_dataset/txt/cmu_us_clb_arctic_arctic_b0104.txt
/mnt/deepspeech2_data/voxforge_dataset/wav/cmu_us_clb_arctic_arctic_a0092.wav,/mnt/deepspeech2_data/voxforge_dataset/txt/cmu_us_clb_arctic_arctic_a0092.txt
/mnt/deepspeech2_data/voxforge_dataset/wav/cmu_us_clb_arctic_arctic_b0532.wav,/mnt/deepspeech2_data/voxforge_dataset/txt/cmu_us_clb_arctic_arctic_b0532.txt
/mnt/deepspeech2_data/voxforge_dataset/wav/cmu_us_clb_arctic_arctic_b0478.wav,/mnt/deepspeech2_data/voxforge_dataset/txt/cmu_us_clb_arctic_arctic_b0478.txt
/mnt/deepspeech2_data/voxforge_dataset/wav/cmu_us_clb_arctic_arctic_b0254.wav,/mnt/deepspeech2_data/voxforge_dataset/txt/cmu_us_clb_arctic_arctic_b0254.txt
/mnt/deepspeech2_data/voxforge_dataset/wav/cmu_us_clb_arctic_arctic_a0027.wav,/mnt/deepspeech2_data/voxforge_dataset/txt/cmu_us_clb_arctic_arctic_a0027.txt
/mnt/deepspeech2_data/voxforge_dataset/wav/cmu_us_clb_arctic_arctic_b0516.wav,/mnt/deepspeech2_data/voxforge_dataset/txt/cmu_us_clb_arctic_arctic_b0516.txt
/mnt/deepspeech2_data/voxforge_dataset/wav/cmu_us_clb_arctic_arctic_a0133.wav,/mnt/deepspeech2_data/voxforge_dataset/txt/cmu_us_clb_arctic_arctic_a0133.txt
/mnt/deepspeech2_data/voxforge_dataset/wav/cmu_us_clb_arctic_arctic_b0439.wav,/mnt/deepspeech2_data/voxforge_dataset/txt/cmu_us_clb_arctic_arctic_b0439.txt
/mnt/deepspeech2_data/voxforge_dataset/wav/cmu_us_clb_arctic_arctic_b0421.wav,/mnt/deepspeech2_data/voxforge_dataset/txt/cmu_us_clb_arctic_arctic_b0421.txt
/mnt/deepspeech2_data/voxforge_dataset/wav/cmu_us_clb_arctic_arctic_a0023.wav,/mnt/deepspeech2_data/voxforge_dataset/txt/cmu_us_clb_arctic_arctic_a0023.txt
/mnt/deepspeech2_data/voxforge_dataset/wav/cmu_us_rms_arctic_arctic_a0098.wav,/mnt/deepspeech2_data/voxforge_dataset/txt/cmu_us_rms_arctic_arctic_a0098.txt
/mnt/deepspeech2_data/voxforge_dataset/wav/cmu_us_rms_arctic_arctic_b0043.wav,/mnt/deepspeech2_data/voxforge_dataset/txt/cmu_us_rms_arctic_arctic_b0043.txt
/mnt/deepspeech2_data/voxforge_dataset/wav/cmu_us_rms_arctic_arctic_b0354.wav,/mnt/deepspeech2_data/voxforge_dataset/txt/cmu_us_rms_arctic_arctic_b0354.txt
/mnt/deepspeech2_data/voxforge_dataset/wav/cmu_us_rms_arctic_arctic_a0036.wav,/mnt/deepspeech2_data/voxforge_dataset/txt/cmu_us_rms_arctic_arctic_a0036.txt
/mnt/deepspeech2_data/voxforge_dataset/wav/cmu_us_rms_arctic_arctic_a0082.wav,/mnt/deepspeech2_data/voxforge_dataset/txt/cmu_us_rms_arctic_arctic_a0082.txt
/mnt/deepspeech2_data/voxforge_dataset/wav/cmu_us_rms_arctic_arctic_a0150.wav,/mnt/deepspeech2_data/voxforge_dataset/txt/cmu_us_rms_arctic_arctic_a0150.txt
/mnt/deepspeech2_data/voxforge_dataset/wav/cmu_us_rms_arctic_arctic_b0449.wav,/mnt/deepspeech2_data/voxforge_dataset/txt/cmu_us_rms_arctic_arctic_b0449.txt
/mnt/deepspeech2_data/voxforge_dataset/wav/cmu_us_rms_arctic_arctic_a0163.wav,/mnt/deepspeech2_data/voxforge_dataset/txt/cmu_us_rms_arctic_arctic_a0163.txt
/mnt/deepspeech2_data/voxforge_dataset/wav/cmu_us_rms_arctic_arctic_b0154.wav,/mnt/deepspeech2_data/voxforge_dataset/txt/cmu_us_rms_arctic_arctic_b0154.txt
/mnt/deepspeech2_data/voxforge_dataset/wav/cmu_us_rms_arctic_arctic_a0248.wav,/mnt/deepspeech2_data/voxforge_dataset/txt/cmu_us_rms_arctic_arctic_a0248.txt
/mnt/deepspeech2_data/voxforge_dataset/wav/cmu_us_rms_arctic_arctic_a0340.wav,/mnt/deepspeech2_data/voxforge_dataset/txt/cmu_us_rms_arctic_arctic_a0340.txt
/mnt/deepspeech2_data/voxforge_dataset/wav/cmu_us_rms_arctic_arctic_a0473.wav,/mnt/deepspeech2_data/voxforge_dataset/txt/cmu_us_rms_arctic_arctic_a0473.txt
/mnt/deepspeech2_data/voxforge_dataset/wav/cmu_us_rms_arctic_arctic_a0526.wav,/mnt/deepspeech2_data/voxforge_dataset/txt/cmu_us_rms_arctic_arctic_a0526.txt
/mnt/deepspeech2_data/voxforge_dataset/wav/cmu_us_rms_arctic_arctic_b0517.wav,/mnt/deepspeech2_data/voxforge_dataset/txt/cmu_us_rms_arctic_arctic_b0517.txt
/mnt/deepspeech2_data/voxforge_dataset/wav/cmu_us_rms_arctic_arctic_b0052.wav,/mnt/deepspeech2_data/voxforge_dataset/txt/cmu_us_rms_arctic_arctic_b0052.txt
/mnt/deepspeech2_data/voxforge_dataset/wav/cmu_us_rms_arctic_arctic_b0175.wav,/mnt/deepspeech2_data/voxforge_dataset/txt/cmu_us_rms_arctic_arctic_b0175.txt
/mnt/deepspeech2_data/voxforge_dataset/wav/cmu_us_rms_arctic_arctic_a0075.wav,/mnt/deepspeech2_data/voxforge_dataset/txt/cmu_us_rms_arctic_arctic_a0075.txt
/mnt/deepspeech2_data/voxforge_dataset/wav/cmu_us_rms_arctic_arctic_b0152.wav,/mnt/deepspeech2_data/voxforge_dataset/txt/cmu_us_rms_arctic_arctic_b0152.txt
/mnt/deepspeech2_data/voxforge_dataset/wav/cmu_us_rms_arctic_arctic_a0247.wav,/mnt/deepspeech2_data/voxforge_dataset/txt/cmu_us_rms_arctic_arctic_a0247.txt
/mnt/deepspeech2_data/voxforge_dataset/wav/cmu_us_rms_arctic_arctic_a0532.wav,/mnt/deepspeech2_data/voxforge_dataset/txt/cmu_us_rms_arctic_arctic_a0532.txt
/mnt/deepspeech2_data/voxforge_dataset/wav/cmu_us_rms_arctic_arctic_b0278.wav,/mnt/deepspeech2_data/voxforge_dataset/txt/cmu_us_rms_arctic_arctic_b0278.txt
/mnt/deepspeech2_data/voxforge_dataset/wav/cmu_us_rms_arctic_arctic_a0127.wav,/mnt/deepspeech2_data/voxforge_dataset/txt/cmu_us_rms_arctic_arctic_a0127.txt
/mnt/deepspeech2_data/voxforge_dataset/wav/cmu_us_rms_arctic_arctic_b0023.wav,/mnt/deepspeech2_data/voxforge_dataset/txt/cmu_us_rms_arctic_arctic_b0023.txt
/mnt/deepspeech2_data/voxforge_dataset/wav/cmu_us_rms_arctic_arctic_b0034.wav,/mnt/deepspeech2_data/voxforge_dataset/txt/cmu_us_rms_arctic_arctic_b0034.txt
/mnt/deepspeech2_data/voxforge_dataset/wav/cmu_us_rms_arctic_arctic_b0194.wav,/mnt/deepspeech2_data/voxforge_dataset/txt/cmu_us_rms_arctic_arctic_b0194.txt
/mnt/deepspeech2_data/voxforge_dataset/wav/cmu_us_rms_arctic_arctic_a0181.wav,/mnt/deepspeech2_data/voxforge_dataset/txt/cmu_us_rms_arctic_arctic_a0181.txt
/mnt/deepspeech2_data/voxforge_dataset/wav/cmu_us_rms_arctic_arctic_b0195.wav,/mnt/deepspeech2_data/voxforge_dataset/txt/cmu_us_rms_arctic_arctic_b0195.txt
/mnt/deepspeech2_data/voxforge_dataset/wav/cmu_us_rms_arctic_arctic_a0091.wav,/mnt/deepspeech2_data/voxforge_dataset/txt/cmu_us_rms_arctic_arctic_a0091.txt
/mnt/deepspeech2_data/voxforge_dataset/wav/cmu_us_rms_arctic_arctic_b0372.wav,/mnt/deepspeech2_data/voxforge_dataset/txt/cmu_us_rms_arctic_arctic_b0372.txt
/mnt/deepspeech2_data/voxforge_dataset/wav/cmu_us_rms_arctic_arctic_b0510.wav,/mnt/deepspeech2_data/voxforge_dataset/txt/cmu_us_rms_arctic_arctic_b0510.txt
/mnt/deepspeech2_data/voxforge_dataset/wav/cmu_us_rms_arctic_arctic_a0528.wav,/mnt/deepspeech2_data/voxforge_dataset/txt/cmu_us_rms_arctic_arctic_a0528.txt
/mnt/deepspeech2_data/voxforge_dataset/wav/cmu_us_rms_arctic_arctic_b0319.wav,/mnt/deepspeech2_data/voxforge_dataset/txt/cmu_us_rms_arctic_arctic_b0319.txt
/mnt/deepspeech2_data/voxforge_dataset/wav/cmu_us_rms_arctic_arctic_b0044.wav,/mnt/deepspeech2_data/voxforge_dataset/txt/cmu_us_rms_arctic_arctic_b0044.txt
/mnt/deepspeech2_data/voxforge_dataset/wav/cmu_us_rms_arctic_arctic_a0001.wav,/mnt/deepspeech2_data/voxforge_dataset/txt/cmu_us_rms_arctic_arctic_a0001.txt
/mnt/deepspeech2_data/voxforge_dataset/wav/cmu_us_rms_arctic_arctic_b0138.wav,/mnt/deepspeech2_data/voxforge_dataset/txt/cmu_us_rms_arctic_arctic_b0138.txt
/mnt/deepspeech2_data/voxforge_dataset/wav/cmu_us_rms_arctic_arctic_a0251.wav,/mnt/deepspeech2_data/voxforge_dataset/txt/cmu_us_rms_arctic_arctic_a0251.txt
/mnt/deepspeech2_data/voxforge_dataset/wav/cmu_us_rms_arctic_arctic_b0423.wav,/mnt/deepspeech2_data/voxforge_dataset/txt/cmu_us_rms_arctic_arctic_b0423.txt
/mnt/deepspeech2_data/voxforge_dataset/wav/cmu_us_rms_arctic_arctic_b0515.wav,/mnt/deepspeech2_data/voxforge_dataset/txt/cmu_us_rms_arctic_arctic_b0515.txt
/mnt/deepspeech2_data/voxforge_dataset/wav/cmu_us_rms_arctic_arctic_b0338.wav,/mnt/deepspeech2_data/voxforge_dataset/txt/cmu_us_rms_arctic_arctic_b0338.txt
/mnt/deepspeech2_data/voxforge_dataset/wav/cmu_us_rms_arctic_arctic_b0024.wav,/mnt/deepspeech2_data/voxforge_dataset/txt/cmu_us_rms_arctic_arctic_b0024.txt
/mnt/deepspeech2_data/voxforge_dataset/wav/cmu_us_rms_arctic_arctic_b0370.wav,/mnt/deepspeech2_data/voxforge_dataset/txt/cmu_us_rms_arctic_arctic_b0370.txt
/mnt/deepspeech2_data/voxforge_dataset/wav/cmu_us_rms_arctic_arctic_a0457.wav,/mnt/deepspeech2_data/voxforge_dataset/txt/cmu_us_rms_arctic_arctic_a0457.txt
/mnt/deepspeech2_data/voxforge_dataset/wav/cmu_us_rms_arctic_arctic_a0140.wav,/mnt/deepspeech2_data/voxforge_dataset/txt/cmu_us_rms_arctic_arctic_a0140.txt
/mnt/deepspeech2_data/voxforge_dataset/wav/cmu_us_rms_arctic_arctic_b0457.wav,/mnt/deepspeech2_data/voxforge_dataset/txt/cmu_us_rms_arctic_arctic_b0457.txt
/mnt/deepspeech2_data/voxforge_dataset/wav/cmu_us_rms_arctic_arctic_a0334.wav,/mnt/deepspeech2_data/voxforge_dataset/txt/cmu_us_rms_arctic_arctic_a0334.txt
/mnt/deepspeech2_data/voxforge_dataset/wav/cmu_us_rms_arctic_arctic_a0446.wav,/mnt/deepspeech2_data/voxforge_dataset/txt/cmu_us_rms_arctic_arctic_a0446.txt
/mnt/deepspeech2_data/voxforge_dataset/wav/cmu_us_rms_arctic_arctic_b0368.wav,/mnt/deepspeech2_data/voxforge_dataset/txt/cmu_us_rms_arctic_arctic_b0368.txt
/mnt/deepspeech2_data/voxforge_dataset/wav/cmu_us_rms_arctic_arctic_a0494.wav,/mnt/deepspeech2_data/voxforge_dataset/txt/cmu_us_rms_arctic_arctic_a0494.txt
/mnt/deepspeech2_data/voxforge_dataset/wav/cmu_us_rms_arctic_arctic_b0217.wav,/mnt/deepspeech2_data/voxforge_dataset/txt/cmu_us_rms_arctic_arctic_b0217.txt
/mnt/deepspeech2_data/voxforge_dataset/wav/cmu_us_rms_arctic_arctic_b0324.wav,/mnt/deepspeech2_data/voxforge_dataset/txt/cmu_us_rms_arctic_arctic_b0324.txt
/mnt/deepspeech2_data/voxforge_dataset/wav/cmu_us_rms_arctic_arctic_a0034.wav,/mnt/deepspeech2_data/voxforge_dataset/txt/cmu_us_rms_arctic_arctic_a0034.txt
/mnt/deepspeech2_data/voxforge_dataset/wav/cmu_us_rms_arctic_arctic_a0087.wav,/mnt/deepspeech2_data/voxforge_dataset/txt/cmu_us_rms_arctic_arctic_a0087.txt
/mnt/deepspeech2_data/voxforge_dataset/wav/cmu_us_rms_arctic_arctic_b0426.wav,/mnt/deepspeech2_data/voxforge_dataset/txt/cmu_us_rms_arctic_arctic_b0426.txt
/mnt/deepspeech2_data/voxforge_dataset/wav/cmu_us_rms_arctic_arctic_b0509.wav,/mnt/deepspeech2_data/voxforge_dataset/txt/cmu_us_rms_arctic_arctic_b0509.txt
/mnt/deepspeech2_data/voxforge_dataset/wav/cmu_us_rms_arctic_arctic_a0567.wav,/mnt/deepspeech2_data/voxforge_dataset/txt/cmu_us_rms_arctic_arctic_a0567.txt
/mnt/deepspeech2_data/voxforge_dataset/wav/cmu_us_rms_arctic_arctic_a0222.wav,/mnt/deepspeech2_data/voxforge_dataset/txt/cmu_us_rms_arctic_arctic_a0222.txt
/mnt/deepspeech2_data/voxforge_dataset/wav/cmu_us_rms_arctic_arctic_b0064.wav,/mnt/deepspeech2_data/voxforge_dataset/txt/cmu_us_rms_arctic_arctic_b0064.txt
/mnt/deepspeech2_data/voxforge_dataset/wav/cmu_us_rms_arctic_arctic_b0331.wav,/mnt/deepspeech2_data/voxforge_dataset/txt/cmu_us_rms_arctic_arctic_b0331.txt
/mnt/deepspeech2_data/voxforge_dataset/wav/cmu_us_rms_arctic_arctic_b0081.wav,/mnt/deepspeech2_data/voxforge_dataset/txt/cmu_us_rms_arctic_arctic_b0081.txt
/mnt/deepspeech2_data/voxforge_dataset/wav/cmu_us_rms_arctic_arctic_a0500.wav,/mnt/deepspeech2_data/voxforge_dataset/txt/cmu_us_rms_arctic_arctic_a0500.txt
/mnt/deepspeech2_data/voxforge_dataset/wav/cmu_us_rms_arctic_arctic_b0200.wav,/mnt/deepspeech2_data/voxforge_dataset/txt/cmu_us_rms_arctic_arctic_b0200.txt
/mnt/deepspeech2_data/voxforge_dataset/wav/cmu_us_rms_arctic_arctic_b0028.wav,/mnt/deepspeech2_data/voxforge_dataset/txt/cmu_us_rms_arctic_arctic_b0028.txt
/mnt/deepspeech2_data/voxforge_dataset/wav/cmu_us_rms_arctic_arctic_b0114.wav,/mnt/deepspeech2_data/voxforge_dataset/txt/cmu_us_rms_arctic_arctic_b0114.txt
/mnt/deepspeech2_data/voxforge_dataset/wav/cmu_us_rms_arctic_arctic_b0349.wav,/mnt/deepspeech2_data/voxforge_dataset/txt/cmu_us_rms_arctic_arctic_b0349.txt
/mnt/deepspeech2_data/voxforge_dataset/wav/cmu_us_rms_arctic_arctic_a0530.wav,/mnt/deepspeech2_data/voxforge_dataset/txt/cmu_us_rms_arctic_arctic_a0530.txt
/mnt/deepspeech2_data/voxforge_dataset/wav/cmu_us_rms_arctic_arctic_a0117.wav,/mnt/deepspeech2_data/voxforge_dataset/txt/cmu_us_rms_arctic_arctic_a0117.txt
/mnt/deepspeech2_data/voxforge_dataset/wav/cmu_us_rms_arctic_arctic_b0005.wav,/mnt/deepspeech2_data/voxforge_dataset/txt/cmu_us_rms_arctic_arctic_b0005.txt
/mnt/deepspeech2_data/voxforge_dataset/wav/cmu_us_rms_arctic_arctic_a0115.wav,/mnt/deepspeech2_data/voxforge_dataset/txt/cmu_us_rms_arctic_arctic_a0115.txt
/mnt/deepspeech2_data/voxforge_dataset/wav/cmu_us_rms_arctic_arctic_a0491.wav,/mnt/deepspeech2_data/voxforge_dataset/txt/cmu_us_rms_arctic_arctic_a0491.txt
/mnt/deepspeech2_data/voxforge_dataset/wav/cmu_us_rms_arctic_arctic_a0188.wav,/mnt/deepspeech2_data/voxforge_dataset/txt/cmu_us_rms_arctic_arctic_a0188.txt
/mnt/deepspeech2_data/voxforge_dataset/wav/cmu_us_rms_arctic_arctic_b0072.wav,/mnt/deepspeech2_data/voxforge_dataset/txt/cmu_us_rms_arctic_arctic_b0072.txt
/mnt/deepspeech2_data/voxforge_dataset/wav/cmu_us_rms_arctic_arctic_b0400.wav,/mnt/deepspeech2_data/voxforge_dataset/txt/cmu_us_rms_arctic_arctic_b0400.txt
/mnt/deepspeech2_data/voxforge_dataset/wav/cmu_us_rms_arctic_arctic_a0159.wav,/mnt/deepspeech2_data/voxforge_dataset/txt/cmu_us_rms_arctic_arctic_a0159.txt
/mnt/deepspeech2_data/voxforge_dataset/wav/cmu_us_rms_arctic_arctic_a0177.wav,/mnt/deepspeech2_data/voxforge_dataset/txt/cmu_us_rms_arctic_arctic_a0177.txt
/mnt/deepspeech2_data/voxforge_dataset/wav/cmu_us_rms_arctic_arctic_a0292.wav,/mnt/deepspeech2_data/voxforge_dataset/txt/cmu_us_rms_arctic_arctic_a0292.txt
/mnt/deepspeech2_data/voxforge_dataset/wav/cmu_us_rms_arctic_arctic_a0335.wav,/mnt/deepspeech2_data/voxforge_dataset/txt/cmu_us_rms_arctic_arctic_a0335.txt
/mnt/deepspeech2_data/voxforge_dataset/wav/cmu_us_rms_arctic_arctic_b0310.wav,/mnt/deepspeech2_data/voxforge_dataset/txt/cmu_us_rms_arctic_arctic_b0310.txt
/mnt/deepspeech2_data/voxforge_dataset/wav/cmu_us_rms_arctic_arctic_a0024.wav,/mnt/deepspeech2_data/voxforge_dataset/txt/cmu_us_rms_arctic_arctic_a0024.txt
/mnt/deepspeech2_data/voxforge_dataset/wav/cmu_us_rms_arctic_arctic_a0269.wav,/mnt/deepspeech2_data/voxforge_dataset/txt/cmu_us_rms_arctic_arctic_a0269.txt
/mnt/deepspeech2_data/voxforge_dataset/wav/cmu_us_rms_arctic_arctic_b0425.wav,/mnt/deepspeech2_data/voxforge_dataset/txt/cmu_us_rms_arctic_arctic_b0425.txt
/mnt/deepspeech2_data/voxforge_dataset/wav/cmu_us_rms_arctic_arctic_b0486.wav,/mnt/deepspeech2_data/voxforge_dataset/txt/cmu_us_rms_arctic_arctic_b0486.txt
/mnt/deepspeech2_data/voxforge_dataset/wav/cmu_us_rms_arctic_arctic_a0176.wav,/mnt/deepspeech2_data/voxforge_dataset/txt/cmu_us_rms_arctic_arctic_a0176.txt
/mnt/deepspeech2_data/voxforge_dataset/wav/cmu_us_rms_arctic_arctic_a0357.wav,/mnt/deepspeech2_data/voxforge_dataset/txt/cmu_us_rms_arctic_arctic_a0357.txt
/mnt/deepspeech2_data/voxforge_dataset/wav/cmu_us_rms_arctic_arctic_a0164.wav,/mnt/deepspeech2_data/voxforge_dataset/txt/cmu_us_rms_arctic_arctic_a0164.txt
/mnt/deepspeech2_data/voxforge_dataset/wav/cmu_us_rms_arctic_arctic_b0253.wav,/mnt/deepspeech2_data/voxforge_dataset/txt/cmu_us_rms_arctic_arctic_b0253.txt
/mnt/deepspeech2_data/voxforge_dataset/wav/cmu_us_rms_arctic_arctic_b0433.wav,/mnt/deepspeech2_data/voxforge_dataset/txt/cmu_us_rms_arctic_arctic_b0433.txt
/mnt/deepspeech2_data/voxforge_dataset/wav/cmu_us_rms_arctic_arctic_b0013.wav,/mnt/deepspeech2_data/voxforge_dataset/txt/cmu_us_rms_arctic_arctic_b0013.txt
/mnt/deepspeech2_data/voxforge_dataset/wav/cmu_us_rms_arctic_arctic_b0446.wav,/mnt/deepspeech2_data/voxforge_dataset/txt/cmu_us_rms_arctic_arctic_b0446.txt
/mnt/deepspeech2_data/voxforge_dataset/wav/cmu_us_rms_arctic_arctic_a0327.wav,/mnt/deepspeech2_data/voxforge_dataset/txt/cmu_us_rms_arctic_arctic_a0327.txt
/mnt/deepspeech2_data/voxforge_dataset/wav/cmu_us_rms_arctic_arctic_b0055.wav,/mnt/deepspeech2_data/voxforge_dataset/txt/cmu_us_rms_arctic_arctic_b0055.txt
/mnt/deepspeech2_data/voxforge_dataset/wav/cmu_us_rms_arctic_arctic_a0481.wav,/mnt/deepspeech2_data/voxforge_dataset/txt/cmu_us_rms_arctic_arctic_a0481.txt
/mnt/deepspeech2_data/voxforge_dataset/wav/cmu_us_rms_arctic_arctic_b0095.wav,/mnt/deepspeech2_data/voxforge_dataset/txt/cmu_us_rms_arctic_arctic_b0095.txt
/mnt/deepspeech2_data/voxforge_dataset/wav/cmu_us_rms_arctic_arctic_a0410.wav,/mnt/deepspeech2_data/voxforge_dataset/txt/cmu_us_rms_arctic_arctic_a0410.txt
/mnt/deepspeech2_data/voxforge_dataset/wav/cmu_us_rms_arctic_arctic_b0074.wav,/mnt/deepspeech2_data/voxforge_dataset/txt/cmu_us_rms_arctic_arctic_b0074.txt
/mnt/deepspeech2_data/voxforge_dataset/wav/cmu_us_rms_arctic_arctic_a0055.wav,/mnt/deepspeech2_data/voxforge_dataset/txt/cmu_us_rms_arctic_arctic_a0055.txt
/mnt/deepspeech2_data/voxforge_dataset/wav/cmu_us_rms_arctic_arctic_b0506.wav,/mnt/deepspeech2_data/voxforge_dataset/txt/cmu_us_rms_arctic_arctic_b0506.txt
/mnt/deepspeech2_data/voxforge_dataset/wav/cmu_us_rms_arctic_arctic_a0149.wav,/mnt/deepspeech2_data/voxforge_dataset/txt/cmu_us_rms_arctic_arctic_a0149.txt
/mnt/deepspeech2_data/voxforge_dataset/wav/cmu_us_rms_arctic_arctic_a0217.wav,/mnt/deepspeech2_data/voxforge_dataset/txt/cmu_us_rms_arctic_arctic_a0217.txt
/mnt/deepspeech2_data/voxforge_dataset/wav/cmu_us_rms_arctic_arctic_a0524.wav,/mnt/deepspeech2_data/voxforge_dataset/txt/cmu_us_rms_arctic_arctic_a0524.txt
/mnt/deepspeech2_data/voxforge_dataset/wav/cmu_us_rms_arctic_arctic_b0453.wav,/mnt/deepspeech2_data/voxforge_dataset/txt/cmu_us_rms_arctic_arctic_b0453.txt
/mnt/deepspeech2_data/voxforge_dataset/wav/cmu_us_rms_arctic_arctic_b0371.wav,/mnt/deepspeech2_data/voxforge_dataset/txt/cmu_us_rms_arctic_arctic_b0371.txt
/mnt/deepspeech2_data/voxforge_dataset/wav/cmu_us_rms_arctic_arctic_b0224.wav,/mnt/deepspeech2_data/voxforge_dataset/txt/cmu_us_rms_arctic_arctic_b0224.txt
/mnt/deepspeech2_data/voxforge_dataset/wav/cmu_us_rms_arctic_arctic_b0492.wav,/mnt/deepspeech2_data/voxforge_dataset/txt/cmu_us_rms_arctic_arctic_b0492.txt
/mnt/deepspeech2_data/voxforge_dataset/wav/cmu_us_rms_arctic_arctic_b0347.wav,/mnt/deepspeech2_data/voxforge_dataset/txt/cmu_us_rms_arctic_arctic_b0347.txt
/mnt/deepspeech2_data/voxforge_dataset/wav/cmu_us_rms_arctic_arctic_b0476.wav,/mnt/deepspeech2_data/voxforge_dataset/txt/cmu_us_rms_arctic_arctic_b0476.txt
/mnt/deepspeech2_data/voxforge_dataset/wav/cmu_us_rms_arctic_arctic_b0076.wav,/mnt/deepspeech2_data/voxforge_dataset/txt/cmu_us_rms_arctic_arctic_b0076.txt
/mnt/deepspeech2_data/voxforge_dataset/wav/cmu_us_rms_arctic_arctic_b0420.wav,/mnt/deepspeech2_data/voxforge_dataset/txt/cmu_us_rms_arctic_arctic_b0420.txt
/mnt/deepspeech2_data/voxforge_dataset/wav/cmu_us_rms_arctic_arctic_b0516.wav,/mnt/deepspeech2_data/voxforge_dataset/txt/cmu_us_rms_arctic_arctic_b0516.txt
/mnt/deepspeech2_data/voxforge_dataset/wav/cmu_us_rms_arctic_arctic_a0398.wav,/mnt/deepspeech2_data/voxforge_dataset/txt/cmu_us_rms_arctic_arctic_a0398.txt
/mnt/deepspeech2_data/voxforge_dataset/wav/cmu_us_rms_arctic_arctic_b0497.wav,/mnt/deepspeech2_data/voxforge_dataset/txt/cmu_us_rms_arctic_arctic_b0497.txt
/mnt/deepspeech2_data/voxforge_dataset/wav/cmu_us_rms_arctic_arctic_b0190.wav,/mnt/deepspeech2_data/voxforge_dataset/txt/cmu_us_rms_arctic_arctic_b0190.txt
/mnt/deepspeech2_data/voxforge_dataset/wav/cmu_us_rms_arctic_arctic_b0191.wav,/mnt/deepspeech2_data/voxforge_dataset/txt/cmu_us_rms_arctic_arctic_b0191.txt
/mnt/deepspeech2_data/voxforge_dataset/wav/cmu_us_rms_arctic_arctic_a0570.wav,/mnt/deepspeech2_data/voxforge_dataset/txt/cmu_us_rms_arctic_arctic_a0570.txt
/mnt/deepspeech2_data/voxforge_dataset/wav/cmu_us_bdl_arctic_arctic_b0228.wav,/mnt/deepspeech2_data/voxforge_dataset/txt/cmu_us_bdl_arctic_arctic_b0228.txt
/mnt/deepspeech2_data/voxforge_dataset/wav/cmu_us_bdl_arctic_arctic_b0354.wav,/mnt/deepspeech2_data/voxforge_dataset/txt/cmu_us_bdl_arctic_arctic_b0354.txt
/mnt/deepspeech2_data/voxforge_dataset/wav/cmu_us_bdl_arctic_arctic_a0385.wav,/mnt/deepspeech2_data/voxforge_dataset/txt/cmu_us_bdl_arctic_arctic_a0385.txt
/mnt/deepspeech2_data/voxforge_dataset/wav/cmu_us_bdl_arctic_arctic_b0500.wav,/mnt/deepspeech2_data/voxforge_dataset/txt/cmu_us_bdl_arctic_arctic_b0500.txt
/mnt/deepspeech2_data/voxforge_dataset/wav/cmu_us_bdl_arctic_arctic_b0246.wav,/mnt/deepspeech2_data/voxforge_dataset/txt/cmu_us_bdl_arctic_arctic_b0246.txt
/mnt/deepspeech2_data/voxforge_dataset/wav/cmu_us_bdl_arctic_arctic_b0239.wav,/mnt/deepspeech2_data/voxforge_dataset/txt/cmu_us_bdl_arctic_arctic_b0239.txt
/mnt/deepspeech2_data/voxforge_dataset/wav/cmu_us_bdl_arctic_arctic_b0536.wav,/mnt/deepspeech2_data/voxforge_dataset/txt/cmu_us_bdl_arctic_arctic_b0536.txt
/mnt/deepspeech2_data/voxforge_dataset/wav/cmu_us_bdl_arctic_arctic_b0040.wav,/mnt/deepspeech2_data/voxforge_dataset/txt/cmu_us_bdl_arctic_arctic_b0040.txt
/mnt/deepspeech2_data/voxforge_dataset/wav/cmu_us_bdl_arctic_arctic_b0329.wav,/mnt/deepspeech2_data/voxforge_dataset/txt/cmu_us_bdl_arctic_arctic_b0329.txt
/mnt/deepspeech2_data/voxforge_dataset/wav/cmu_us_bdl_arctic_arctic_b0119.wav,/mnt/deepspeech2_data/voxforge_dataset/txt/cmu_us_bdl_arctic_arctic_b0119.txt
/mnt/deepspeech2_data/voxforge_dataset/wav/cmu_us_bdl_arctic_arctic_a0498.wav,/mnt/deepspeech2_data/voxforge_dataset/txt/cmu_us_bdl_arctic_arctic_a0498.txt
/mnt/deepspeech2_data/voxforge_dataset/wav/cmu_us_bdl_arctic_arctic_b0308.wav,/mnt/deepspeech2_data/voxforge_dataset/txt/cmu_us_bdl_arctic_arctic_b0308.txt
/mnt/deepspeech2_data/voxforge_dataset/wav/cmu_us_bdl_arctic_arctic_a0038.wav,/mnt/deepspeech2_data/voxforge_dataset/txt/cmu_us_bdl_arctic_arctic_a0038.txt
/mnt/deepspeech2_data/voxforge_dataset/wav/cmu_us_bdl_arctic_arctic_b0335.wav,/mnt/deepspeech2_data/voxforge_dataset/txt/cmu_us_bdl_arctic_arctic_b0335.txt
/mnt/deepspeech2_data/voxforge_dataset/wav/cmu_us_bdl_arctic_arctic_b0097.wav,/mnt/deepspeech2_data/voxforge_dataset/txt/cmu_us_bdl_arctic_arctic_b0097.txt
/mnt/deepspeech2_data/voxforge_dataset/wav/cmu_us_bdl_arctic_arctic_a0015.wav,/mnt/deepspeech2_data/voxforge_dataset/txt/cmu_us_bdl_arctic_arctic_a0015.txt
/mnt/deepspeech2_data/voxforge_dataset/wav/cmu_us_bdl_arctic_arctic_a0504.wav,/mnt/deepspeech2_data/voxforge_dataset/txt/cmu_us_bdl_arctic_arctic_a0504.txt
/mnt/deepspeech2_data/voxforge_dataset/wav/cmu_us_bdl_arctic_arctic_a0130.wav,/mnt/deepspeech2_data/voxforge_dataset/txt/cmu_us_bdl_arctic_arctic_a0130.txt
/mnt/deepspeech2_data/voxforge_dataset/wav/cmu_us_bdl_arctic_arctic_a0052.wav,/mnt/deepspeech2_data/voxforge_dataset/txt/cmu_us_bdl_arctic_arctic_a0052.txt
/mnt/deepspeech2_data/voxforge_dataset/wav/cmu_us_bdl_arctic_arctic_b0182.wav,/mnt/deepspeech2_data/voxforge_dataset/txt/cmu_us_bdl_arctic_arctic_b0182.txt
/mnt/deepspeech2_data/voxforge_dataset/wav/cmu_us_bdl_arctic_arctic_b0353.wav,/mnt/deepspeech2_data/voxforge_dataset/txt/cmu_us_bdl_arctic_arctic_b0353.txt
/mnt/deepspeech2_data/voxforge_dataset/wav/cmu_us_bdl_arctic_arctic_a0541.wav,/mnt/deepspeech2_data/voxforge_dataset/txt/cmu_us_bdl_arctic_arctic_a0541.txt
/mnt/deepspeech2_data/voxforge_dataset/wav/cmu_us_bdl_arctic_arctic_a0129.wav,/mnt/deepspeech2_data/voxforge_dataset/txt/cmu_us_bdl_arctic_arctic_a0129.txt
/mnt/deepspeech2_data/voxforge_dataset/wav/cmu_us_bdl_arctic_arctic_b0273.wav,/mnt/deepspeech2_data/voxforge_dataset/txt/cmu_us_bdl_arctic_arctic_b0273.txt
/mnt/deepspeech2_data/voxforge_dataset/wav/cmu_us_bdl_arctic_arctic_b0333.wav,/mnt/deepspeech2_data/voxforge_dataset/txt/cmu_us_bdl_arctic_arctic_b0333.txt
/mnt/deepspeech2_data/voxforge_dataset/wav/cmu_us_bdl_arctic_arctic_a0226.wav,/mnt/deepspeech2_data/voxforge_dataset/txt/cmu_us_bdl_arctic_arctic_a0226.txt
/mnt/deepspeech2_data/voxforge_dataset/wav/cmu_us_bdl_arctic_arctic_a0248.wav,/mnt/deepspeech2_data/voxforge_dataset/txt/cmu_us_bdl_arctic_arctic_a0248.txt
/mnt/deepspeech2_data/voxforge_dataset/wav/cmu_us_bdl_arctic_arctic_a0090.wav,/mnt/deepspeech2_data/voxforge_dataset/txt/cmu_us_bdl_arctic_arctic_a0090.txt
/mnt/deepspeech2_data/voxforge_dataset/wav/cmu_us_bdl_arctic_arctic_a0499.wav,/mnt/deepspeech2_data/voxforge_dataset/txt/cmu_us_bdl_arctic_arctic_a0499.txt
/mnt/deepspeech2_data/voxforge_dataset/wav/cmu_us_bdl_arctic_arctic_a0428.wav,/mnt/deepspeech2_data/voxforge_dataset/txt/cmu_us_bdl_arctic_arctic_a0428.txt
/mnt/deepspeech2_data/voxforge_dataset/wav/cmu_us_bdl_arctic_arctic_a0528.wav,/mnt/deepspeech2_data/voxforge_dataset/txt/cmu_us_bdl_arctic_arctic_a0528.txt
/mnt/deepspeech2_data/voxforge_dataset/wav/cmu_us_bdl_arctic_arctic_b0268.wav,/mnt/deepspeech2_data/voxforge_dataset/txt/cmu_us_bdl_arctic_arctic_b0268.txt
/mnt/deepspeech2_data/voxforge_dataset/wav/cmu_us_bdl_arctic_arctic_a0041.wav,/mnt/deepspeech2_data/voxforge_dataset/txt/cmu_us_bdl_arctic_arctic_a0041.txt
/mnt/deepspeech2_data/voxforge_dataset/wav/cmu_us_bdl_arctic_arctic_a0288.wav,/mnt/deepspeech2_data/voxforge_dataset/txt/cmu_us_bdl_arctic_arctic_a0288.txt
/mnt/deepspeech2_data/voxforge_dataset/wav/cmu_us_bdl_arctic_arctic_b0368.wav,/mnt/deepspeech2_data/voxforge_dataset/txt/cmu_us_bdl_arctic_arctic_b0368.txt
/mnt/deepspeech2_data/voxforge_dataset/wav/cmu_us_bdl_arctic_arctic_b0152.wav,/mnt/deepspeech2_data/voxforge_dataset/txt/cmu_us_bdl_arctic_arctic_b0152.txt
/mnt/deepspeech2_data/voxforge_dataset/wav/cmu_us_bdl_arctic_arctic_a0359.wav,/mnt/deepspeech2_data/voxforge_dataset/txt/cmu_us_bdl_arctic_arctic_a0359.txt
/mnt/deepspeech2_data/voxforge_dataset/wav/cmu_us_bdl_arctic_arctic_b0394.wav,/mnt/deepspeech2_data/voxforge_dataset/txt/cmu_us_bdl_arctic_arctic_b0394.txt
/mnt/deepspeech2_data/voxforge_dataset/wav/cmu_us_bdl_arctic_arctic_a0536.wav,/mnt/deepspeech2_data/voxforge_dataset/txt/cmu_us_bdl_arctic_arctic_a0536.txt
/mnt/deepspeech2_data/voxforge_dataset/wav/cmu_us_bdl_arctic_arctic_a0301.wav,/mnt/deepspeech2_data/voxforge_dataset/txt/cmu_us_bdl_arctic_arctic_a0301.txt
/mnt/deepspeech2_data/voxforge_dataset/wav/cmu_us_bdl_arctic_arctic_b0185.wav,/mnt/deepspeech2_data/voxforge_dataset/txt/cmu_us_bdl_arctic_arctic_b0185.txt
/mnt/deepspeech2_data/voxforge_dataset/wav/cmu_us_bdl_arctic_arctic_a0431.wav,/mnt/deepspeech2_data/voxforge_dataset/txt/cmu_us_bdl_arctic_arctic_a0431.txt
/mnt/deepspeech2_data/voxforge_dataset/wav/cmu_us_bdl_arctic_arctic_b0400.wav,/mnt/deepspeech2_data/voxforge_dataset/txt/cmu_us_bdl_arctic_arctic_b0400.txt
/mnt/deepspeech2_data/voxforge_dataset/wav/cmu_us_bdl_arctic_arctic_a0162.wav,/mnt/deepspeech2_data/voxforge_dataset/txt/cmu_us_bdl_arctic_arctic_a0162.txt
/mnt/deepspeech2_data/voxforge_dataset/wav/cmu_us_bdl_arctic_arctic_b0351.wav,/mnt/deepspeech2_data/voxforge_dataset/txt/cmu_us_bdl_arctic_arctic_b0351.txt
/mnt/deepspeech2_data/voxforge_dataset/wav/cmu_us_bdl_arctic_arctic_b0512.wav,/mnt/deepspeech2_data/voxforge_dataset/txt/cmu_us_bdl_arctic_arctic_b0512.txt
/mnt/deepspeech2_data/voxforge_dataset/wav/cmu_us_bdl_arctic_arctic_b0324.wav,/mnt/deepspeech2_data/voxforge_dataset/txt/cmu_us_bdl_arctic_arctic_b0324.txt
/mnt/deepspeech2_data/voxforge_dataset/wav/cmu_us_bdl_arctic_arctic_a0397.wav,/mnt/deepspeech2_data/voxforge_dataset/txt/cmu_us_bdl_arctic_arctic_a0397.txt
/mnt/deepspeech2_data/voxforge_dataset/wav/cmu_us_bdl_arctic_arctic_a0089.wav,/mnt/deepspeech2_data/voxforge_dataset/txt/cmu_us_bdl_arctic_arctic_a0089.txt
/mnt/deepspeech2_data/voxforge_dataset/wav/cmu_us_bdl_arctic_arctic_a0152.wav,/mnt/deepspeech2_data/voxforge_dataset/txt/cmu_us_bdl_arctic_arctic_a0152.txt
/mnt/deepspeech2_data/voxforge_dataset/wav/cmu_us_bdl_arctic_arctic_a0187.wav,/mnt/deepspeech2_data/voxforge_dataset/txt/cmu_us_bdl_arctic_arctic_a0187.txt
/mnt/deepspeech2_data/voxforge_dataset/wav/cmu_us_bdl_arctic_arctic_b0120.wav,/mnt/deepspeech2_data/voxforge_dataset/txt/cmu_us_bdl_arctic_arctic_b0120.txt
/mnt/deepspeech2_data/voxforge_dataset/wav/cmu_us_bdl_arctic_arctic_b0416.wav,/mnt/deepspeech2_data/voxforge_dataset/txt/cmu_us_bdl_arctic_arctic_b0416.txt
/mnt/deepspeech2_data/voxforge_dataset/wav/cmu_us_bdl_arctic_arctic_b0494.wav,/mnt/deepspeech2_data/voxforge_dataset/txt/cmu_us_bdl_arctic_arctic_b0494.txt
/mnt/deepspeech2_data/voxforge_dataset/wav/cmu_us_bdl_arctic_arctic_a0493.wav,/mnt/deepspeech2_data/voxforge_dataset/txt/cmu_us_bdl_arctic_arctic_a0493.txt
/mnt/deepspeech2_data/voxforge_dataset/wav/cmu_us_bdl_arctic_arctic_b0321.wav,/mnt/deepspeech2_data/voxforge_dataset/txt/cmu_us_bdl_arctic_arctic_b0321.txt
/mnt/deepspeech2_data/voxforge_dataset/wav/cmu_us_bdl_arctic_arctic_b0082.wav,/mnt/deepspeech2_data/voxforge_dataset/txt/cmu_us_bdl_arctic_arctic_b0082.txt
/mnt/deepspeech2_data/voxforge_dataset/wav/cmu_us_bdl_arctic_arctic_a0426.wav,/mnt/deepspeech2_data/voxforge_dataset/txt/cmu_us_bdl_arctic_arctic_a0426.txt
/mnt/deepspeech2_data/voxforge_dataset/wav/cmu_us_bdl_arctic_arctic_a0049.wav,/mnt/deepspeech2_data/voxforge_dataset/txt/cmu_us_bdl_arctic_arctic_a0049.txt
/mnt/deepspeech2_data/voxforge_dataset/wav/cmu_us_bdl_arctic_arctic_a0185.wav,/mnt/deepspeech2_data/voxforge_dataset/txt/cmu_us_bdl_arctic_arctic_a0185.txt
/mnt/deepspeech2_data/voxforge_dataset/wav/cmu_us_bdl_arctic_arctic_b0010.wav,/mnt/deepspeech2_data/voxforge_dataset/txt/cmu_us_bdl_arctic_arctic_b0010.txt
/mnt/deepspeech2_data/voxforge_dataset/wav/cmu_us_bdl_arctic_arctic_a0148.wav,/mnt/deepspeech2_data/voxforge_dataset/txt/cmu_us_bdl_arctic_arctic_a0148.txt
/mnt/deepspeech2_data/voxforge_dataset/wav/cmu_us_bdl_arctic_arctic_b0165.wav,/mnt/deepspeech2_data/voxforge_dataset/txt/cmu_us_bdl_arctic_arctic_b0165.txt
/mnt/deepspeech2_data/voxforge_dataset/wav/cmu_us_bdl_arctic_arctic_b0438.wav,/mnt/deepspeech2_data/voxforge_dataset/txt/cmu_us_bdl_arctic_arctic_b0438.txt
/mnt/deepspeech2_data/voxforge_dataset/wav/cmu_us_bdl_arctic_arctic_a0520.wav,/mnt/deepspeech2_data/voxforge_dataset/txt/cmu_us_bdl_arctic_arctic_a0520.txt
/mnt/deepspeech2_data/voxforge_dataset/wav/cmu_us_bdl_arctic_arctic_b0060.wav,/mnt/deepspeech2_data/voxforge_dataset/txt/cmu_us_bdl_arctic_arctic_b0060.txt
/mnt/deepspeech2_data/voxforge_dataset/wav/cmu_us_bdl_arctic_arctic_b0172.wav,/mnt/deepspeech2_data/voxforge_dataset/txt/cmu_us_bdl_arctic_arctic_b0172.txt
/mnt/deepspeech2_data/voxforge_dataset/wav/cmu_us_bdl_arctic_arctic_b0310.wav,/mnt/deepspeech2_data/voxforge_dataset/txt/cmu_us_bdl_arctic_arctic_b0310.txt
/mnt/deepspeech2_data/voxforge_dataset/wav/cmu_us_bdl_arctic_arctic_a0370.wav,/mnt/deepspeech2_data/voxforge_dataset/txt/cmu_us_bdl_arctic_arctic_a0370.txt
/mnt/deepspeech2_data/voxforge_dataset/wav/cmu_us_bdl_arctic_arctic_a0160.wav,/mnt/deepspeech2_data/voxforge_dataset/txt/cmu_us_bdl_arctic_arctic_a0160.txt
/mnt/deepspeech2_data/voxforge_dataset/wav/cmu_us_bdl_arctic_arctic_b0272.wav,/mnt/deepspeech2_data/voxforge_dataset/txt/cmu_us_bdl_arctic_arctic_b0272.txt
/mnt/deepspeech2_data/voxforge_dataset/wav/cmu_us_bdl_arctic_arctic_a0256.wav,/mnt/deepspeech2_data/voxforge_dataset/txt/cmu_us_bdl_arctic_arctic_a0256.txt
/mnt/deepspeech2_data/voxforge_dataset/wav/cmu_us_bdl_arctic_arctic_a0029.wav,/mnt/deepspeech2_data/voxforge_dataset/txt/cmu_us_bdl_arctic_arctic_a0029.txt
/mnt/deepspeech2_data/voxforge_dataset/wav/cmu_us_bdl_arctic_arctic_b0486.wav,/mnt/deepspeech2_data/voxforge_dataset/txt/cmu_us_bdl_arctic_arctic_b0486.txt
/mnt/deepspeech2_data/voxforge_dataset/wav/cmu_us_bdl_arctic_arctic_b0095.wav,/mnt/deepspeech2_data/voxforge_dataset/txt/cmu_us_bdl_arctic_arctic_b0095.txt
/mnt/deepspeech2_data/voxforge_dataset/wav/cmu_us_bdl_arctic_arctic_b0504.wav,/mnt/deepspeech2_data/voxforge_dataset/txt/cmu_us_bdl_arctic_arctic_b0504.txt
/mnt/deepspeech2_data/voxforge_dataset/wav/cmu_us_bdl_arctic_arctic_a0523.wav,/mnt/deepspeech2_data/voxforge_dataset/txt/cmu_us_bdl_arctic_arctic_a0523.txt
/mnt/deepspeech2_data/voxforge_dataset/wav/cmu_us_bdl_arctic_arctic_b0471.wav,/mnt/deepspeech2_data/voxforge_dataset/txt/cmu_us_bdl_arctic_arctic_b0471.txt
/mnt/deepspeech2_data/voxforge_dataset/wav/cmu_us_bdl_arctic_arctic_b0458.wav,/mnt/deepspeech2_data/voxforge_dataset/txt/cmu_us_bdl_arctic_arctic_b0458.txt
/mnt/deepspeech2_data/voxforge_dataset/wav/cmu_us_bdl_arctic_arctic_a0011.wav,/mnt/deepspeech2_data/voxforge_dataset/txt/cmu_us_bdl_arctic_arctic_a0011.txt
/mnt/deepspeech2_data/voxforge_dataset/wav/cmu_us_bdl_arctic_arctic_a0069.wav,/mnt/deepspeech2_data/voxforge_dataset/txt/cmu_us_bdl_arctic_arctic_a0069.txt
/mnt/deepspeech2_data/voxforge_dataset/wav/cmu_us_bdl_arctic_arctic_a0446.wav,/mnt/deepspeech2_data/voxforge_dataset/txt/cmu_us_bdl_arctic_arctic_a0446.txt
/mnt/deepspeech2_data/voxforge_dataset/wav/cmu_us_bdl_arctic_arctic_b0263.wav,/mnt/deepspeech2_data/voxforge_dataset/txt/cmu_us_bdl_arctic_arctic_b0263.txt
/mnt/deepspeech2_data/voxforge_dataset/wav/cmu_us_bdl_arctic_arctic_a0161.wav,/mnt/deepspeech2_data/voxforge_dataset/txt/cmu_us_bdl_arctic_arctic_a0161.txt
/mnt/deepspeech2_data/voxforge_dataset/wav/cmu_us_bdl_arctic_arctic_a0328.wav,/mnt/deepspeech2_data/voxforge_dataset/txt/cmu_us_bdl_arctic_arctic_a0328.txt
/mnt/deepspeech2_data/voxforge_dataset/wav/cmu_us_bdl_arctic_arctic_a0509.wav,/mnt/deepspeech2_data/voxforge_dataset/txt/cmu_us_bdl_arctic_arctic_a0509.txt
/mnt/deepspeech2_data/voxforge_dataset/wav/cmu_us_bdl_arctic_arctic_b0067.wav,/mnt/deepspeech2_data/voxforge_dataset/txt/cmu_us_bdl_arctic_arctic_b0067.txt
/mnt/deepspeech2_data/voxforge_dataset/wav/cmu_us_bdl_arctic_arctic_b0307.wav,/mnt/deepspeech2_data/voxforge_dataset/txt/cmu_us_bdl_arctic_arctic_b0307.txt
/mnt/deepspeech2_data/voxforge_dataset/wav/cmu_us_bdl_arctic_arctic_b0104.wav,/mnt/deepspeech2_data/voxforge_dataset/txt/cmu_us_bdl_arctic_arctic_b0104.txt
/mnt/deepspeech2_data/voxforge_dataset/wav/cmu_us_bdl_arctic_arctic_b0167.wav,/mnt/deepspeech2_data/voxforge_dataset/txt/cmu_us_bdl_arctic_arctic_b0167.txt
/mnt/deepspeech2_data/voxforge_dataset/wav/cmu_us_bdl_arctic_arctic_b0476.wav,/mnt/deepspeech2_data/voxforge_dataset/txt/cmu_us_bdl_arctic_arctic_b0476.txt
/mnt/deepspeech2_data/voxforge_dataset/wav/cmu_us_bdl_arctic_arctic_b0347.wav,/mnt/deepspeech2_data/voxforge_dataset/txt/cmu_us_bdl_arctic_arctic_b0347.txt
/mnt/deepspeech2_data/voxforge_dataset/wav/cmu_us_bdl_arctic_arctic_b0090.wav,/mnt/deepspeech2_data/voxforge_dataset/txt/cmu_us_bdl_arctic_arctic_b0090.txt
/mnt/deepspeech2_data/voxforge_dataset/wav/cmu_us_bdl_arctic_arctic_a0297.wav,/mnt/deepspeech2_data/voxforge_dataset/txt/cmu_us_bdl_arctic_arctic_a0297.txt
/mnt/deepspeech2_data/voxforge_dataset/wav/cmu_us_bdl_arctic_arctic_a0320.wav,/mnt/deepspeech2_data/voxforge_dataset/txt/cmu_us_bdl_arctic_arctic_a0320.txt
/mnt/deepspeech2_data/voxforge_dataset/wav/cmu_us_bdl_arctic_arctic_b0123.wav,/mnt/deepspeech2_data/voxforge_dataset/txt/cmu_us_bdl_arctic_arctic_b0123.txt
/mnt/deepspeech2_data/voxforge_dataset/wav/cmu_us_bdl_arctic_arctic_b0011.wav,/mnt/deepspeech2_data/voxforge_dataset/txt/cmu_us_bdl_arctic_arctic_b0011.txt
/mnt/deepspeech2_data/voxforge_dataset/wav/cmu_us_bdl_arctic_arctic_a0383.wav,/mnt/deepspeech2_data/voxforge_dataset/txt/cmu_us_bdl_arctic_arctic_a0383.txt
/mnt/deepspeech2_data/voxforge_dataset/wav/cmu_us_bdl_arctic_arctic_a0308.wav,/mnt/deepspeech2_data/voxforge_dataset/txt/cmu_us_bdl_arctic_arctic_a0308.txt
/mnt/deepspeech2_data/voxforge_dataset/wav/cmu_us_bdl_arctic_arctic_a0033.wav,/mnt/deepspeech2_data/voxforge_dataset/txt/cmu_us_bdl_arctic_arctic_a0033.txt
/mnt/deepspeech2_data/voxforge_dataset/wav/cmu_us_bdl_arctic_arctic_b0498.wav,/mnt/deepspeech2_data/voxforge_dataset/txt/cmu_us_bdl_arctic_arctic_b0498.txt
/mnt/deepspeech2_data/voxforge_dataset/wav/cmu_us_bdl_arctic_arctic_b0254.wav,/mnt/deepspeech2_data/voxforge_dataset/txt/cmu_us_bdl_arctic_arctic_b0254.txt
/mnt/deepspeech2_data/voxforge_dataset/wav/cmu_us_bdl_arctic_arctic_a0108.wav,/mnt/deepspeech2_data/voxforge_dataset/txt/cmu_us_bdl_arctic_arctic_a0108.txt
/mnt/deepspeech2_data/voxforge_dataset/wav/cmu_us_bdl_arctic_arctic_a0277.wav,/mnt/deepspeech2_data/voxforge_dataset/txt/cmu_us_bdl_arctic_arctic_a0277.txt
/mnt/deepspeech2_data/voxforge_dataset/wav/cmu_us_bdl_arctic_arctic_b0497.wav,/mnt/deepspeech2_data/voxforge_dataset/txt/cmu_us_bdl_arctic_arctic_b0497.txt
/mnt/deepspeech2_data/voxforge_dataset/wav/cmu_us_bdl_arctic_arctic_a0234.wav,/mnt/deepspeech2_data/voxforge_dataset/txt/cmu_us_bdl_arctic_arctic_a0234.txt
/mnt/deepspeech2_data/voxforge_dataset/wav/cmu_us_bdl_arctic_arctic_a0430.wav,/mnt/deepspeech2_data/voxforge_dataset/txt/cmu_us_bdl_arctic_arctic_a0430.txt
/mnt/deepspeech2_data/voxforge_dataset/wav/cmu_us_bdl_arctic_arctic_a0437.wav,/mnt/deepspeech2_data/voxforge_dataset/txt/cmu_us_bdl_arctic_arctic_a0437.txt
/mnt/deepspeech2_data/voxforge_dataset/wav/cmu_us_bdl_arctic_arctic_a0055.wav,/mnt/deepspeech2_data/voxforge_dataset/txt/cmu_us_bdl_arctic_arctic_a0055.txt
/mnt/deepspeech2_data/voxforge_dataset/wav/cmu_us_bdl_arctic_arctic_a0106.wav,/mnt/deepspeech2_data/voxforge_dataset/txt/cmu_us_bdl_arctic_arctic_a0106.txt
/mnt/deepspeech2_data/voxforge_dataset/wav/cmu_us_bdl_arctic_arctic_b0520.wav,/mnt/deepspeech2_data/voxforge_dataset/txt/cmu_us_bdl_arctic_arctic_b0520.txt
/mnt/deepspeech2_data/voxforge_dataset/wav/cmu_us_bdl_arctic_arctic_a0250.wav,/mnt/deepspeech2_data/voxforge_dataset/txt/cmu_us_bdl_arctic_arctic_a0250.txt
/mnt/deepspeech2_data/voxforge_dataset/wav/cmu_us_bdl_arctic_arctic_b0496.wav,/mnt/deepspeech2_data/voxforge_dataset/txt/cmu_us_bdl_arctic_arctic_b0496.txt
/mnt/deepspeech2_data/voxforge_dataset/wav/cmu_us_slt_arctic_arctic_a0287.wav,/mnt/deepspeech2_data/voxforge_dataset/txt/cmu_us_slt_arctic_arctic_a0287.txt
/mnt/deepspeech2_data/voxforge_dataset/wav/cmu_us_slt_arctic_arctic_b0092.wav,/mnt/deepspeech2_data/voxforge_dataset/txt/cmu_us_slt_arctic_arctic_b0092.txt
/mnt/deepspeech2_data/voxforge_dataset/wav/cmu_us_slt_arctic_arctic_a0389.wav,/mnt/deepspeech2_data/voxforge_dataset/txt/cmu_us_slt_arctic_arctic_a0389.txt
/mnt/deepspeech2_data/voxforge_dataset/wav/cmu_us_slt_arctic_arctic_a0317.wav,/mnt/deepspeech2_data/voxforge_dataset/txt/cmu_us_slt_arctic_arctic_a0317.txt
/mnt/deepspeech2_data/voxforge_dataset/wav/cmu_us_slt_arctic_arctic_a0346.wav,/mnt/deepspeech2_data/voxforge_dataset/txt/cmu_us_slt_arctic_arctic_a0346.txt
/mnt/deepspeech2_data/voxforge_dataset/wav/cmu_us_slt_arctic_arctic_b0211.wav,/mnt/deepspeech2_data/voxforge_dataset/txt/cmu_us_slt_arctic_arctic_b0211.txt
/mnt/deepspeech2_data/voxforge_dataset/wav/cmu_us_slt_arctic_arctic_a0155.wav,/mnt/deepspeech2_data/voxforge_dataset/txt/cmu_us_slt_arctic_arctic_a0155.txt
/mnt/deepspeech2_data/voxforge_dataset/wav/cmu_us_slt_arctic_arctic_b0449.wav,/mnt/deepspeech2_data/voxforge_dataset/txt/cmu_us_slt_arctic_arctic_b0449.txt
/mnt/deepspeech2_data/voxforge_dataset/wav/cmu_us_slt_arctic_arctic_a0174.wav,/mnt/deepspeech2_data/voxforge_dataset/txt/cmu_us_slt_arctic_arctic_a0174.txt
/mnt/deepspeech2_data/voxforge_dataset/wav/cmu_us_slt_arctic_arctic_a0498.wav,/mnt/deepspeech2_data/voxforge_dataset/txt/cmu_us_slt_arctic_arctic_a0498.txt
/mnt/deepspeech2_data/voxforge_dataset/wav/cmu_us_slt_arctic_arctic_a0031.wav,/mnt/deepspeech2_data/voxforge_dataset/txt/cmu_us_slt_arctic_arctic_a0031.txt
/mnt/deepspeech2_data/voxforge_dataset/wav/cmu_us_slt_arctic_arctic_a0293.wav,/mnt/deepspeech2_data/voxforge_dataset/txt/cmu_us_slt_arctic_arctic_a0293.txt
/mnt/deepspeech2_data/voxforge_dataset/wav/cmu_us_slt_arctic_arctic_a0590.wav,/mnt/deepspeech2_data/voxforge_dataset/txt/cmu_us_slt_arctic_arctic_a0590.txt
/mnt/deepspeech2_data/voxforge_dataset/wav/cmu_us_slt_arctic_arctic_b0335.wav,/mnt/deepspeech2_data/voxforge_dataset/txt/cmu_us_slt_arctic_arctic_b0335.txt
/mnt/deepspeech2_data/voxforge_dataset/wav/cmu_us_slt_arctic_arctic_b0285.wav,/mnt/deepspeech2_data/voxforge_dataset/txt/cmu_us_slt_arctic_arctic_b0285.txt
/mnt/deepspeech2_data/voxforge_dataset/wav/cmu_us_slt_arctic_arctic_a0194.wav,/mnt/deepspeech2_data/voxforge_dataset/txt/cmu_us_slt_arctic_arctic_a0194.txt
/mnt/deepspeech2_data/voxforge_dataset/wav/cmu_us_slt_arctic_arctic_b0372.wav,/mnt/deepspeech2_data/voxforge_dataset/txt/cmu_us_slt_arctic_arctic_b0372.txt
/mnt/deepspeech2_data/voxforge_dataset/wav/cmu_us_slt_arctic_arctic_a0163.wav,/mnt/deepspeech2_data/voxforge_dataset/txt/cmu_us_slt_arctic_arctic_a0163.txt
/mnt/deepspeech2_data/voxforge_dataset/wav/cmu_us_slt_arctic_arctic_b0369.wav,/mnt/deepspeech2_data/voxforge_dataset/txt/cmu_us_slt_arctic_arctic_b0369.txt
/mnt/deepspeech2_data/voxforge_dataset/wav/cmu_us_slt_arctic_arctic_b0477.wav,/mnt/deepspeech2_data/voxforge_dataset/txt/cmu_us_slt_arctic_arctic_b0477.txt
/mnt/deepspeech2_data/voxforge_dataset/wav/cmu_us_slt_arctic_arctic_a0541.wav,/mnt/deepspeech2_data/voxforge_dataset/txt/cmu_us_slt_arctic_arctic_a0541.txt
/mnt/deepspeech2_data/voxforge_dataset/wav/cmu_us_slt_arctic_arctic_b0517.wav,/mnt/deepspeech2_data/voxforge_dataset/txt/cmu_us_slt_arctic_arctic_b0517.txt
/mnt/deepspeech2_data/voxforge_dataset/wav/cmu_us_slt_arctic_arctic_a0059.wav,/mnt/deepspeech2_data/voxforge_dataset/txt/cmu_us_slt_arctic_arctic_a0059.txt
/mnt/deepspeech2_data/voxforge_dataset/wav/cmu_us_slt_arctic_arctic_b0182.wav,/mnt/deepspeech2_data/voxforge_dataset/txt/cmu_us_slt_arctic_arctic_b0182.txt
/mnt/deepspeech2_data/voxforge_dataset/wav/cmu_us_slt_arctic_arctic_a0409.wav,/mnt/deepspeech2_data/voxforge_dataset/txt/cmu_us_slt_arctic_arctic_a0409.txt
/mnt/deepspeech2_data/voxforge_dataset/wav/cmu_us_slt_arctic_arctic_b0353.wav,/mnt/deepspeech2_data/voxforge_dataset/txt/cmu_us_slt_arctic_arctic_b0353.txt
/mnt/deepspeech2_data/voxforge_dataset/wav/cmu_us_slt_arctic_arctic_a0492.wav,/mnt/deepspeech2_data/voxforge_dataset/txt/cmu_us_slt_arctic_arctic_a0492.txt
/mnt/deepspeech2_data/voxforge_dataset/wav/cmu_us_slt_arctic_arctic_b0267.wav,/mnt/deepspeech2_data/voxforge_dataset/txt/cmu_us_slt_arctic_arctic_b0267.txt
/mnt/deepspeech2_data/voxforge_dataset/wav/cmu_us_slt_arctic_arctic_b0151.wav,/mnt/deepspeech2_data/voxforge_dataset/txt/cmu_us_slt_arctic_arctic_b0151.txt
/mnt/deepspeech2_data/voxforge_dataset/wav/cmu_us_slt_arctic_arctic_b0179.wav,/mnt/deepspeech2_data/voxforge_dataset/txt/cmu_us_slt_arctic_arctic_b0179.txt
/mnt/deepspeech2_data/voxforge_dataset/wav/cmu_us_slt_arctic_arctic_a0257.wav,/mnt/deepspeech2_data/voxforge_dataset/txt/cmu_us_slt_arctic_arctic_a0257.txt
/mnt/deepspeech2_data/voxforge_dataset/wav/cmu_us_slt_arctic_arctic_b0273.wav,/mnt/deepspeech2_data/voxforge_dataset/txt/cmu_us_slt_arctic_arctic_b0273.txt
/mnt/deepspeech2_data/voxforge_dataset/wav/cmu_us_slt_arctic_arctic_a0247.wav,/mnt/deepspeech2_data/voxforge_dataset/txt/cmu_us_slt_arctic_arctic_a0247.txt
/mnt/deepspeech2_data/voxforge_dataset/wav/cmu_us_slt_arctic_arctic_a0301.wav,/mnt/deepspeech2_data/voxforge_dataset/txt/cmu_us_slt_arctic_arctic_a0301.txt
/mnt/deepspeech2_data/voxforge_dataset/wav/cmu_us_slt_arctic_arctic_a0499.wav,/mnt/deepspeech2_data/voxforge_dataset/txt/cmu_us_slt_arctic_arctic_a0499.txt
/mnt/deepspeech2_data/voxforge_dataset/wav/cmu_us_slt_arctic_arctic_b0147.wav,/mnt/deepspeech2_data/voxforge_dataset/txt/cmu_us_slt_arctic_arctic_b0147.txt
/mnt/deepspeech2_data/voxforge_dataset/wav/cmu_us_slt_arctic_arctic_b0180.wav,/mnt/deepspeech2_data/voxforge_dataset/txt/cmu_us_slt_arctic_arctic_b0180.txt
/mnt/deepspeech2_data/voxforge_dataset/wav/cmu_us_slt_arctic_arctic_b0493.wav,/mnt/deepspeech2_data/voxforge_dataset/txt/cmu_us_slt_arctic_arctic_b0493.txt
/mnt/deepspeech2_data/voxforge_dataset/wav/cmu_us_slt_arctic_arctic_b0265.wav,/mnt/deepspeech2_data/voxforge_dataset/txt/cmu_us_slt_arctic_arctic_b0265.txt
/mnt/deepspeech2_data/voxforge_dataset/wav/cmu_us_slt_arctic_arctic_a0468.wav,/mnt/deepspeech2_data/voxforge_dataset/txt/cmu_us_slt_arctic_arctic_a0468.txt
/mnt/deepspeech2_data/voxforge_dataset/wav/cmu_us_slt_arctic_arctic_a0537.wav,/mnt/deepspeech2_data/voxforge_dataset/txt/cmu_us_slt_arctic_arctic_a0537.txt
/mnt/deepspeech2_data/voxforge_dataset/wav/cmu_us_slt_arctic_arctic_b0099.wav,/mnt/deepspeech2_data/voxforge_dataset/txt/cmu_us_slt_arctic_arctic_b0099.txt
/mnt/deepspeech2_data/voxforge_dataset/wav/cmu_us_slt_arctic_arctic_a0274.wav,/mnt/deepspeech2_data/voxforge_dataset/txt/cmu_us_slt_arctic_arctic_a0274.txt
/mnt/deepspeech2_data/voxforge_dataset/wav/cmu_us_slt_arctic_arctic_b0455.wav,/mnt/deepspeech2_data/voxforge_dataset/txt/cmu_us_slt_arctic_arctic_b0455.txt
/mnt/deepspeech2_data/voxforge_dataset/wav/cmu_us_slt_arctic_arctic_b0202.wav,/mnt/deepspeech2_data/voxforge_dataset/txt/cmu_us_slt_arctic_arctic_b0202.txt
/mnt/deepspeech2_data/voxforge_dataset/wav/cmu_us_slt_arctic_arctic_b0266.wav,/mnt/deepspeech2_data/voxforge_dataset/txt/cmu_us_slt_arctic_arctic_b0266.txt
/mnt/deepspeech2_data/voxforge_dataset/wav/cmu_us_slt_arctic_arctic_a0281.wav,/mnt/deepspeech2_data/voxforge_dataset/txt/cmu_us_slt_arctic_arctic_a0281.txt
/mnt/deepspeech2_data/voxforge_dataset/wav/cmu_us_slt_arctic_arctic_b0351.wav,/mnt/deepspeech2_data/voxforge_dataset/txt/cmu_us_slt_arctic_arctic_b0351.txt
/mnt/deepspeech2_data/voxforge_dataset/wav/cmu_us_slt_arctic_arctic_b0127.wav,/mnt/deepspeech2_data/voxforge_dataset/txt/cmu_us_slt_arctic_arctic_b0127.txt
/mnt/deepspeech2_data/voxforge_dataset/wav/cmu_us_slt_arctic_arctic_a0493.wav,/mnt/deepspeech2_data/voxforge_dataset/txt/cmu_us_slt_arctic_arctic_a0493.txt
/mnt/deepspeech2_data/voxforge_dataset/wav/cmu_us_slt_arctic_arctic_b0225.wav,/mnt/deepspeech2_data/voxforge_dataset/txt/cmu_us_slt_arctic_arctic_b0225.txt
/mnt/deepspeech2_data/voxforge_dataset/wav/cmu_us_slt_arctic_arctic_a0160.wav,/mnt/deepspeech2_data/voxforge_dataset/txt/cmu_us_slt_arctic_arctic_a0160.txt
/mnt/deepspeech2_data/voxforge_dataset/wav/cmu_us_slt_arctic_arctic_b0406.wav,/mnt/deepspeech2_data/voxforge_dataset/txt/cmu_us_slt_arctic_arctic_b0406.txt
/mnt/deepspeech2_data/voxforge_dataset/wav/cmu_us_slt_arctic_arctic_b0505.wav,/mnt/deepspeech2_data/voxforge_dataset/txt/cmu_us_slt_arctic_arctic_b0505.txt
/mnt/deepspeech2_data/voxforge_dataset/wav/cmu_us_slt_arctic_arctic_a0316.wav,/mnt/deepspeech2_data/voxforge_dataset/txt/cmu_us_slt_arctic_arctic_a0316.txt
/mnt/deepspeech2_data/voxforge_dataset/wav/cmu_us_slt_arctic_arctic_a0251.wav,/mnt/deepspeech2_data/voxforge_dataset/txt/cmu_us_slt_arctic_arctic_a0251.txt
/mnt/deepspeech2_data/voxforge_dataset/wav/cmu_us_slt_arctic_arctic_a0342.wav,/mnt/deepspeech2_data/voxforge_dataset/txt/cmu_us_slt_arctic_arctic_a0342.txt
/mnt/deepspeech2_data/voxforge_dataset/wav/cmu_us_slt_arctic_arctic_a0146.wav,/mnt/deepspeech2_data/voxforge_dataset/txt/cmu_us_slt_arctic_arctic_a0146.txt
/mnt/deepspeech2_data/voxforge_dataset/wav/cmu_us_slt_arctic_arctic_a0490.wav,/mnt/deepspeech2_data/voxforge_dataset/txt/cmu_us_slt_arctic_arctic_a0490.txt
/mnt/deepspeech2_data/voxforge_dataset/wav/cmu_us_slt_arctic_arctic_b0330.wav,/mnt/deepspeech2_data/voxforge_dataset/txt/cmu_us_slt_arctic_arctic_b0330.txt
/mnt/deepspeech2_data/voxforge_dataset/wav/cmu_us_slt_arctic_arctic_b0012.wav,/mnt/deepspeech2_data/voxforge_dataset/txt/cmu_us_slt_arctic_arctic_b0012.txt
/mnt/deepspeech2_data/voxforge_dataset/wav/cmu_us_slt_arctic_arctic_a0567.wav,/mnt/deepspeech2_data/voxforge_dataset/txt/cmu_us_slt_arctic_arctic_a0567.txt
/mnt/deepspeech2_data/voxforge_dataset/wav/cmu_us_slt_arctic_arctic_a0029.wav,/mnt/deepspeech2_data/voxforge_dataset/txt/cmu_us_slt_arctic_arctic_a0029.txt
/mnt/deepspeech2_data/voxforge_dataset/wav/cmu_us_slt_arctic_arctic_a0454.wav,/mnt/deepspeech2_data/voxforge_dataset/txt/cmu_us_slt_arctic_arctic_a0454.txt
/mnt/deepspeech2_data/voxforge_dataset/wav/cmu_us_slt_arctic_arctic_b0149.wav,/mnt/deepspeech2_data/voxforge_dataset/txt/cmu_us_slt_arctic_arctic_b0149.txt
/mnt/deepspeech2_data/voxforge_dataset/wav/cmu_us_slt_arctic_arctic_b0114.wav,/mnt/deepspeech2_data/voxforge_dataset/txt/cmu_us_slt_arctic_arctic_b0114.txt
/mnt/deepspeech2_data/voxforge_dataset/wav/cmu_us_slt_arctic_arctic_a0520.wav,/mnt/deepspeech2_data/voxforge_dataset/txt/cmu_us_slt_arctic_arctic_a0520.txt
/mnt/deepspeech2_data/voxforge_dataset/wav/cmu_us_slt_arctic_arctic_a0120.wav,/mnt/deepspeech2_data/voxforge_dataset/txt/cmu_us_slt_arctic_arctic_a0120.txt
/mnt/deepspeech2_data/voxforge_dataset/wav/cmu_us_slt_arctic_arctic_a0168.wav,/mnt/deepspeech2_data/voxforge_dataset/txt/cmu_us_slt_arctic_arctic_a0168.txt
/mnt/deepspeech2_data/voxforge_dataset/wav/cmu_us_slt_arctic_arctic_b0141.wav,/mnt/deepspeech2_data/voxforge_dataset/txt/cmu_us_slt_arctic_arctic_b0141.txt
/mnt/deepspeech2_data/voxforge_dataset/wav/cmu_us_slt_arctic_arctic_a0548.wav,/mnt/deepspeech2_data/voxforge_dataset/txt/cmu_us_slt_arctic_arctic_a0548.txt
/mnt/deepspeech2_data/voxforge_dataset/wav/cmu_us_slt_arctic_arctic_a0523.wav,/mnt/deepspeech2_data/voxforge_dataset/txt/cmu_us_slt_arctic_arctic_a0523.txt
/mnt/deepspeech2_data/voxforge_dataset/wav/cmu_us_slt_arctic_arctic_b0103.wav,/mnt/deepspeech2_data/voxforge_dataset/txt/cmu_us_slt_arctic_arctic_b0103.txt
/mnt/deepspeech2_data/voxforge_dataset/wav/cmu_us_slt_arctic_arctic_a0401.wav,/mnt/deepspeech2_data/voxforge_dataset/txt/cmu_us_slt_arctic_arctic_a0401.txt
/mnt/deepspeech2_data/voxforge_dataset/wav/cmu_us_slt_arctic_arctic_a0452.wav,/mnt/deepspeech2_data/voxforge_dataset/txt/cmu_us_slt_arctic_arctic_a0452.txt
/mnt/deepspeech2_data/voxforge_dataset/wav/cmu_us_slt_arctic_arctic_b0171.wav,/mnt/deepspeech2_data/voxforge_dataset/txt/cmu_us_slt_arctic_arctic_b0171.txt
/mnt/deepspeech2_data/voxforge_dataset/wav/cmu_us_slt_arctic_arctic_a0286.wav,/mnt/deepspeech2_data/voxforge_dataset/txt/cmu_us_slt_arctic_arctic_a0286.txt
/mnt/deepspeech2_data/voxforge_dataset/wav/cmu_us_slt_arctic_arctic_b0256.wav,/mnt/deepspeech2_data/voxforge_dataset/txt/cmu_us_slt_arctic_arctic_b0256.txt
/mnt/deepspeech2_data/voxforge_dataset/wav/cmu_us_slt_arctic_arctic_a0252.wav,/mnt/deepspeech2_data/voxforge_dataset/txt/cmu_us_slt_arctic_arctic_a0252.txt
/mnt/deepspeech2_data/voxforge_dataset/wav/cmu_us_slt_arctic_arctic_a0265.wav,/mnt/deepspeech2_data/voxforge_dataset/txt/cmu_us_slt_arctic_arctic_a0265.txt
/mnt/deepspeech2_data/voxforge_dataset/wav/cmu_us_slt_arctic_arctic_a0285.wav,/mnt/deepspeech2_data/voxforge_dataset/txt/cmu_us_slt_arctic_arctic_a0285.txt
/mnt/deepspeech2_data/voxforge_dataset/wav/cmu_us_slt_arctic_arctic_b0310.wav,/mnt/deepspeech2_data/voxforge_dataset/txt/cmu_us_slt_arctic_arctic_b0310.txt
/mnt/deepspeech2_data/voxforge_dataset/wav/cmu_us_slt_arctic_arctic_b0150.wav,/mnt/deepspeech2_data/voxforge_dataset/txt/cmu_us_slt_arctic_arctic_b0150.txt
/mnt/deepspeech2_data/voxforge_dataset/wav/cmu_us_slt_arctic_arctic_a0065.wav,/mnt/deepspeech2_data/voxforge_dataset/txt/cmu_us_slt_arctic_arctic_a0065.txt
/mnt/deepspeech2_data/voxforge_dataset/wav/cmu_us_slt_arctic_arctic_b0342.wav,/mnt/deepspeech2_data/voxforge_dataset/txt/cmu_us_slt_arctic_arctic_b0342.txt
/mnt/deepspeech2_data/voxforge_dataset/wav/cmu_us_slt_arctic_arctic_b0279.wav,/mnt/deepspeech2_data/voxforge_dataset/txt/cmu_us_slt_arctic_arctic_b0279.txt
/mnt/deepspeech2_data/voxforge_dataset/wav/cmu_us_slt_arctic_arctic_b0378.wav,/mnt/deepspeech2_data/voxforge_dataset/txt/cmu_us_slt_arctic_arctic_b0378.txt
/mnt/deepspeech2_data/voxforge_dataset/wav/cmu_us_slt_arctic_arctic_b0432.wav,/mnt/deepspeech2_data/voxforge_dataset/txt/cmu_us_slt_arctic_arctic_b0432.txt
/mnt/deepspeech2_data/voxforge_dataset/wav/cmu_us_slt_arctic_arctic_b0418.wav,/mnt/deepspeech2_data/voxforge_dataset/txt/cmu_us_slt_arctic_arctic_b0418.txt
/mnt/deepspeech2_data/voxforge_dataset/wav/cmu_us_slt_arctic_arctic_b0106.wav,/mnt/deepspeech2_data/voxforge_dataset/txt/cmu_us_slt_arctic_arctic_b0106.txt
/mnt/deepspeech2_data/voxforge_dataset/wav/cmu_us_slt_arctic_arctic_a0546.wav,/mnt/deepspeech2_data/voxforge_dataset/txt/cmu_us_slt_arctic_arctic_a0546.txt
/mnt/deepspeech2_data/voxforge_dataset/wav/cmu_us_slt_arctic_arctic_a0254.wav,/mnt/deepspeech2_data/voxforge_dataset/txt/cmu_us_slt_arctic_arctic_a0254.txt
/mnt/deepspeech2_data/voxforge_dataset/wav/cmu_us_slt_arctic_arctic_b0458.wav,/mnt/deepspeech2_data/voxforge_dataset/txt/cmu_us_slt_arctic_arctic_b0458.txt
/mnt/deepspeech2_data/voxforge_dataset/wav/cmu_us_slt_arctic_arctic_b0046.wav,/mnt/deepspeech2_data/voxforge_dataset/txt/cmu_us_slt_arctic_arctic_b0046.txt
/mnt/deepspeech2_data/voxforge_dataset/wav/cmu_us_slt_arctic_arctic_b0263.wav,/mnt/deepspeech2_data/voxforge_dataset/txt/cmu_us_slt_arctic_arctic_b0263.txt
/mnt/deepspeech2_data/voxforge_dataset/wav/cmu_us_slt_arctic_arctic_b0484.wav,/mnt/deepspeech2_data/voxforge_dataset/txt/cmu_us_slt_arctic_arctic_b0484.txt
/mnt/deepspeech2_data/voxforge_dataset/wav/cmu_us_slt_arctic_arctic_a0449.wav,/mnt/deepspeech2_data/voxforge_dataset/txt/cmu_us_slt_arctic_arctic_a0449.txt
/mnt/deepspeech2_data/voxforge_dataset/wav/cmu_us_slt_arctic_arctic_a0517.wav,/mnt/deepspeech2_data/voxforge_dataset/txt/cmu_us_slt_arctic_arctic_a0517.txt
/mnt/deepspeech2_data/voxforge_dataset/wav/cmu_us_slt_arctic_arctic_b0492.wav,/mnt/deepspeech2_data/voxforge_dataset/txt/cmu_us_slt_arctic_arctic_b0492.txt
/mnt/deepspeech2_data/voxforge_dataset/wav/cmu_us_slt_arctic_arctic_a0464.wav,/mnt/deepspeech2_data/voxforge_dataset/txt/cmu_us_slt_arctic_arctic_a0464.txt
/mnt/deepspeech2_data/voxforge_dataset/wav/cmu_us_slt_arctic_arctic_a0337.wav,/mnt/deepspeech2_data/voxforge_dataset/txt/cmu_us_slt_arctic_arctic_a0337.txt
/mnt/deepspeech2_data/voxforge_dataset/wav/cmu_us_slt_arctic_arctic_b0293.wav,/mnt/deepspeech2_data/voxforge_dataset/txt/cmu_us_slt_arctic_arctic_b0293.txt
/mnt/deepspeech2_data/voxforge_dataset/wav/cmu_us_slt_arctic_arctic_b0503.wav,/mnt/deepspeech2_data/voxforge_dataset/txt/cmu_us_slt_arctic_arctic_b0503.txt
/mnt/deepspeech2_data/voxforge_dataset/wav/cmu_us_slt_arctic_arctic_b0247.wav,/mnt/deepspeech2_data/voxforge_dataset/txt/cmu_us_slt_arctic_arctic_b0247.txt
/mnt/deepspeech2_data/voxforge_dataset/wav/cmu_us_slt_arctic_arctic_a0283.wav,/mnt/deepspeech2_data/voxforge_dataset/txt/cmu_us_slt_arctic_arctic_a0283.txt
/mnt/deepspeech2_data/voxforge_dataset/wav/cmu_us_slt_arctic_arctic_b0281.wav,/mnt/deepspeech2_data/voxforge_dataset/txt/cmu_us_slt_arctic_arctic_b0281.txt
/mnt/deepspeech2_data/voxforge_dataset/wav/cmu_us_slt_arctic_arctic_b0140.wav,/mnt/deepspeech2_data/voxforge_dataset/txt/cmu_us_slt_arctic_arctic_b0140.txt
/mnt/deepspeech2_data/voxforge_dataset/wav/cmu_us_slt_arctic_arctic_b0391.wav,/mnt/deepspeech2_data/voxforge_dataset/txt/cmu_us_slt_arctic_arctic_b0391.txt
/mnt/deepspeech2_data/voxforge_dataset/wav/cmu_us_slt_arctic_arctic_a0554.wav,/mnt/deepspeech2_data/voxforge_dataset/txt/cmu_us_slt_arctic_arctic_a0554.txt
/mnt/deepspeech2_data/voxforge_dataset/wav/cmu_us_slt_arctic_arctic_b0495.wav,/mnt/deepspeech2_data/voxforge_dataset/txt/cmu_us_slt_arctic_arctic_b0495.txt
/mnt/deepspeech2_data/voxforge_dataset/wav/cmu_us_slt_arctic_arctic_b0076.wav,/mnt/deepspeech2_data/voxforge_dataset/txt/cmu_us_slt_arctic_arctic_b0076.txt
/mnt/deepspeech2_data/voxforge_dataset/wav/cmu_us_slt_arctic_arctic_b0427.wav,/mnt/deepspeech2_data/voxforge_dataset/txt/cmu_us_slt_arctic_arctic_b0427.txt
/mnt/deepspeech2_data/voxforge_dataset/wav/cmu_us_slt_arctic_arctic_b0487.wav,/mnt/deepspeech2_data/voxforge_dataset/txt/cmu_us_slt_arctic_arctic_b0487.txt
/mnt/deepspeech2_data/voxforge_dataset/wav/cmu_us_clb_arctic_arctic_a0207.wav,/mnt/deepspeech2_data/voxforge_dataset/txt/cmu_us_clb_arctic_arctic_a0207.txt
/mnt/deepspeech2_data/voxforge_dataset/wav/cmu_us_clb_arctic_arctic_a0192.wav,/mnt/deepspeech2_data/voxforge_dataset/txt/cmu_us_clb_arctic_arctic_a0192.txt
/mnt/deepspeech2_data/voxforge_dataset/wav/cmu_us_clb_arctic_arctic_a0215.wav,/mnt/deepspeech2_data/voxforge_dataset/txt/cmu_us_clb_arctic_arctic_a0215.txt
/mnt/deepspeech2_data/voxforge_dataset/wav/cmu_us_clb_arctic_arctic_b0260.wav,/mnt/deepspeech2_data/voxforge_dataset/txt/cmu_us_clb_arctic_arctic_b0260.txt
/mnt/deepspeech2_data/voxforge_dataset/wav/cmu_us_clb_arctic_arctic_a0317.wav,/mnt/deepspeech2_data/voxforge_dataset/txt/cmu_us_clb_arctic_arctic_a0317.txt
/mnt/deepspeech2_data/voxforge_dataset/wav/cmu_us_clb_arctic_arctic_a0054.wav,/mnt/deepspeech2_data/voxforge_dataset/txt/cmu_us_clb_arctic_arctic_a0054.txt
/mnt/deepspeech2_data/voxforge_dataset/wav/cmu_us_clb_arctic_arctic_a0440.wav,/mnt/deepspeech2_data/voxforge_dataset/txt/cmu_us_clb_arctic_arctic_a0440.txt
/mnt/deepspeech2_data/voxforge_dataset/wav/cmu_us_clb_arctic_arctic_b0343.wav,/mnt/deepspeech2_data/voxforge_dataset/txt/cmu_us_clb_arctic_arctic_b0343.txt
/mnt/deepspeech2_data/voxforge_dataset/wav/cmu_us_clb_arctic_arctic_b0088.wav,/mnt/deepspeech2_data/voxforge_dataset/txt/cmu_us_clb_arctic_arctic_b0088.txt
/mnt/deepspeech2_data/voxforge_dataset/wav/cmu_us_clb_arctic_arctic_a0261.wav,/mnt/deepspeech2_data/voxforge_dataset/txt/cmu_us_clb_arctic_arctic_a0261.txt
/mnt/deepspeech2_data/voxforge_dataset/wav/cmu_us_clb_arctic_arctic_b0529.wav,/mnt/deepspeech2_data/voxforge_dataset/txt/cmu_us_clb_arctic_arctic_b0529.txt
/mnt/deepspeech2_data/voxforge_dataset/wav/cmu_us_clb_arctic_arctic_b0467.wav,/mnt/deepspeech2_data/voxforge_dataset/txt/cmu_us_clb_arctic_arctic_b0467.txt
/mnt/deepspeech2_data/voxforge_dataset/wav/cmu_us_clb_arctic_arctic_b0339.wav,/mnt/deepspeech2_data/voxforge_dataset/txt/cmu_us_clb_arctic_arctic_b0339.txt
/mnt/deepspeech2_data/voxforge_dataset/wav/cmu_us_clb_arctic_arctic_a0279.wav,/mnt/deepspeech2_data/voxforge_dataset/txt/cmu_us_clb_arctic_arctic_a0279.txt
/mnt/deepspeech2_data/voxforge_dataset/wav/cmu_us_clb_arctic_arctic_a0414.wav,/mnt/deepspeech2_data/voxforge_dataset/txt/cmu_us_clb_arctic_arctic_a0414.txt
/mnt/deepspeech2_data/voxforge_dataset/wav/cmu_us_clb_arctic_arctic_b0477.wav,/mnt/deepspeech2_data/voxforge_dataset/txt/cmu_us_clb_arctic_arctic_b0477.txt
/mnt/deepspeech2_data/voxforge_dataset/wav/cmu_us_clb_arctic_arctic_a0355.wav,/mnt/deepspeech2_data/voxforge_dataset/txt/cmu_us_clb_arctic_arctic_a0355.txt
/mnt/deepspeech2_data/voxforge_dataset/wav/cmu_us_clb_arctic_arctic_a0163.wav,/mnt/deepspeech2_data/voxforge_dataset/txt/cmu_us_clb_arctic_arctic_a0163.txt
/mnt/deepspeech2_data/voxforge_dataset/wav/cmu_us_clb_arctic_arctic_a0453.wav,/mnt/deepspeech2_data/voxforge_dataset/txt/cmu_us_clb_arctic_arctic_a0453.txt
/mnt/deepspeech2_data/voxforge_dataset/wav/cmu_us_clb_arctic_arctic_b0207.wav,/mnt/deepspeech2_data/voxforge_dataset/txt/cmu_us_clb_arctic_arctic_b0207.txt
/mnt/deepspeech2_data/voxforge_dataset/wav/cmu_us_clb_arctic_arctic_a0077.wav,/mnt/deepspeech2_data/voxforge_dataset/txt/cmu_us_clb_arctic_arctic_a0077.txt
/mnt/deepspeech2_data/voxforge_dataset/wav/cmu_us_clb_arctic_arctic_b0164.wav,/mnt/deepspeech2_data/voxforge_dataset/txt/cmu_us_clb_arctic_arctic_b0164.txt
/mnt/deepspeech2_data/voxforge_dataset/wav/cmu_us_clb_arctic_arctic_b0398.wav,/mnt/deepspeech2_data/voxforge_dataset/txt/cmu_us_clb_arctic_arctic_b0398.txt
/mnt/deepspeech2_data/voxforge_dataset/wav/cmu_us_clb_arctic_arctic_b0097.wav,/mnt/deepspeech2_data/voxforge_dataset/txt/cmu_us_clb_arctic_arctic_b0097.txt
/mnt/deepspeech2_data/voxforge_dataset/wav/cmu_us_clb_arctic_arctic_a0167.wav,/mnt/deepspeech2_data/voxforge_dataset/txt/cmu_us_clb_arctic_arctic_a0167.txt
/mnt/deepspeech2_data/voxforge_dataset/wav/cmu_us_clb_arctic_arctic_b0302.wav,/mnt/deepspeech2_data/voxforge_dataset/txt/cmu_us_clb_arctic_arctic_b0302.txt
/mnt/deepspeech2_data/voxforge_dataset/wav/cmu_us_clb_arctic_arctic_a0229.wav,/mnt/deepspeech2_data/voxforge_dataset/txt/cmu_us_clb_arctic_arctic_a0229.txt
/mnt/deepspeech2_data/voxforge_dataset/wav/cmu_us_clb_arctic_arctic_b0363.wav,/mnt/deepspeech2_data/voxforge_dataset/txt/cmu_us_clb_arctic_arctic_b0363.txt
/mnt/deepspeech2_data/voxforge_dataset/wav/cmu_us_clb_arctic_arctic_b0044.wav,/mnt/deepspeech2_data/voxforge_dataset/txt/cmu_us_clb_arctic_arctic_b0044.txt
/mnt/deepspeech2_data/voxforge_dataset/wav/cmu_us_clb_arctic_arctic_b0507.wav,/mnt/deepspeech2_data/voxforge_dataset/txt/cmu_us_clb_arctic_arctic_b0507.txt
/mnt/deepspeech2_data/voxforge_dataset/wav/cmu_us_clb_arctic_arctic_b0258.wav,/mnt/deepspeech2_data/voxforge_dataset/txt/cmu_us_clb_arctic_arctic_b0258.txt
/mnt/deepspeech2_data/voxforge_dataset/wav/cmu_us_clb_arctic_arctic_a0247.wav,/mnt/deepspeech2_data/voxforge_dataset/txt/cmu_us_clb_arctic_arctic_a0247.txt
/mnt/deepspeech2_data/voxforge_dataset/wav/cmu_us_clb_arctic_arctic_b0381.wav,/mnt/deepspeech2_data/voxforge_dataset/txt/cmu_us_clb_arctic_arctic_b0381.txt
/mnt/deepspeech2_data/voxforge_dataset/wav/cmu_us_clb_arctic_arctic_a0182.wav,/mnt/deepspeech2_data/voxforge_dataset/txt/cmu_us_clb_arctic_arctic_a0182.txt
/mnt/deepspeech2_data/voxforge_dataset/wav/cmu_us_clb_arctic_arctic_a0352.wav,/mnt/deepspeech2_data/voxforge_dataset/txt/cmu_us_clb_arctic_arctic_a0352.txt
/mnt/deepspeech2_data/voxforge_dataset/wav/cmu_us_clb_arctic_arctic_a0536.wav,/mnt/deepspeech2_data/voxforge_dataset/txt/cmu_us_clb_arctic_arctic_a0536.txt
/mnt/deepspeech2_data/voxforge_dataset/wav/cmu_us_clb_arctic_arctic_b0161.wav,/mnt/deepspeech2_data/voxforge_dataset/txt/cmu_us_clb_arctic_arctic_b0161.txt
/mnt/deepspeech2_data/voxforge_dataset/wav/cmu_us_clb_arctic_arctic_b0383.wav,/mnt/deepspeech2_data/voxforge_dataset/txt/cmu_us_clb_arctic_arctic_b0383.txt
/mnt/deepspeech2_data/voxforge_dataset/wav/cmu_us_clb_arctic_arctic_b0101.wav,/mnt/deepspeech2_data/voxforge_dataset/txt/cmu_us_clb_arctic_arctic_b0101.txt
/mnt/deepspeech2_data/voxforge_dataset/wav/cmu_us_clb_arctic_arctic_b0208.wav,/mnt/deepspeech2_data/voxforge_dataset/txt/cmu_us_clb_arctic_arctic_b0208.txt
/mnt/deepspeech2_data/voxforge_dataset/wav/cmu_us_clb_arctic_arctic_a0322.wav,/mnt/deepspeech2_data/voxforge_dataset/txt/cmu_us_clb_arctic_arctic_a0322.txt
/mnt/deepspeech2_data/voxforge_dataset/wav/cmu_us_clb_arctic_arctic_a0393.wav,/mnt/deepspeech2_data/voxforge_dataset/txt/cmu_us_clb_arctic_arctic_a0393.txt
/mnt/deepspeech2_data/voxforge_dataset/wav/cmu_us_clb_arctic_arctic_b0237.wav,/mnt/deepspeech2_data/voxforge_dataset/txt/cmu_us_clb_arctic_arctic_b0237.txt
/mnt/deepspeech2_data/voxforge_dataset/wav/cmu_us_clb_arctic_arctic_a0132.wav,/mnt/deepspeech2_data/voxforge_dataset/txt/cmu_us_clb_arctic_arctic_a0132.txt
/mnt/deepspeech2_data/voxforge_dataset/wav/cmu_us_clb_arctic_arctic_a0231.wav,/mnt/deepspeech2_data/voxforge_dataset/txt/cmu_us_clb_arctic_arctic_a0231.txt
/mnt/deepspeech2_data/voxforge_dataset/wav/cmu_us_clb_arctic_arctic_a0412.wav,/mnt/deepspeech2_data/voxforge_dataset/txt/cmu_us_clb_arctic_arctic_a0412.txt
/mnt/deepspeech2_data/voxforge_dataset/wav/cmu_us_clb_arctic_arctic_a0170.wav,/mnt/deepspeech2_data/voxforge_dataset/txt/cmu_us_clb_arctic_arctic_a0170.txt
/mnt/deepspeech2_data/voxforge_dataset/wav/cmu_us_clb_arctic_arctic_a0063.wav,/mnt/deepspeech2_data/voxforge_dataset/txt/cmu_us_clb_arctic_arctic_a0063.txt
/mnt/deepspeech2_data/voxforge_dataset/wav/cmu_us_clb_arctic_arctic_a0435.wav,/mnt/deepspeech2_data/voxforge_dataset/txt/cmu_us_clb_arctic_arctic_a0435.txt
/mnt/deepspeech2_data/voxforge_dataset/wav/cmu_us_clb_arctic_arctic_a0365.wav,/mnt/deepspeech2_data/voxforge_dataset/txt/cmu_us_clb_arctic_arctic_a0365.txt
/mnt/deepspeech2_data/voxforge_dataset/wav/cmu_us_clb_arctic_arctic_a0258.wav,/mnt/deepspeech2_data/voxforge_dataset/txt/cmu_us_clb_arctic_arctic_a0258.txt
/mnt/deepspeech2_data/voxforge_dataset/wav/cmu_us_clb_arctic_arctic_a0550.wav,/mnt/deepspeech2_data/voxforge_dataset/txt/cmu_us_clb_arctic_arctic_a0550.txt
/mnt/deepspeech2_data/voxforge_dataset/wav/cmu_us_clb_arctic_arctic_a0353.wav,/mnt/deepspeech2_data/voxforge_dataset/txt/cmu_us_clb_arctic_arctic_a0353.txt
/mnt/deepspeech2_data/voxforge_dataset/wav/cmu_us_clb_arctic_arctic_b0539.wav,/mnt/deepspeech2_data/voxforge_dataset/txt/cmu_us_clb_arctic_arctic_b0539.txt
/mnt/deepspeech2_data/voxforge_dataset/wav/cmu_us_clb_arctic_arctic_a0465.wav,/mnt/deepspeech2_data/voxforge_dataset/txt/cmu_us_clb_arctic_arctic_a0465.txt
/mnt/deepspeech2_data/voxforge_dataset/wav/cmu_us_clb_arctic_arctic_a0140.wav,/mnt/deepspeech2_data/voxforge_dataset/txt/cmu_us_clb_arctic_arctic_a0140.txt
/mnt/deepspeech2_data/voxforge_dataset/wav/cmu_us_clb_arctic_arctic_a0039.wav,/mnt/deepspeech2_data/voxforge_dataset/txt/cmu_us_clb_arctic_arctic_a0039.txt
/mnt/deepspeech2_data/voxforge_dataset/wav/cmu_us_clb_arctic_arctic_b0299.wav,/mnt/deepspeech2_data/voxforge_dataset/txt/cmu_us_clb_arctic_arctic_b0299.txt
/mnt/deepspeech2_data/voxforge_dataset/wav/cmu_us_clb_arctic_arctic_b0359.wav,/mnt/deepspeech2_data/voxforge_dataset/txt/cmu_us_clb_arctic_arctic_b0359.txt
/mnt/deepspeech2_data/voxforge_dataset/wav/cmu_us_clb_arctic_arctic_b0494.wav,/mnt/deepspeech2_data/voxforge_dataset/txt/cmu_us_clb_arctic_arctic_b0494.txt
/mnt/deepspeech2_data/voxforge_dataset/wav/cmu_us_clb_arctic_arctic_b0038.wav,/mnt/deepspeech2_data/voxforge_dataset/txt/cmu_us_clb_arctic_arctic_b0038.txt
/mnt/deepspeech2_data/voxforge_dataset/wav/cmu_us_clb_arctic_arctic_a0349.wav,/mnt/deepspeech2_data/voxforge_dataset/txt/cmu_us_clb_arctic_arctic_a0349.txt
/mnt/deepspeech2_data/voxforge_dataset/wav/cmu_us_clb_arctic_arctic_a0448.wav,/mnt/deepspeech2_data/voxforge_dataset/txt/cmu_us_clb_arctic_arctic_a0448.txt
/mnt/deepspeech2_data/voxforge_dataset/wav/cmu_us_clb_arctic_arctic_a0404.wav,/mnt/deepspeech2_data/voxforge_dataset/txt/cmu_us_clb_arctic_arctic_a0404.txt
/mnt/deepspeech2_data/voxforge_dataset/wav/cmu_us_clb_arctic_arctic_b0331.wav,/mnt/deepspeech2_data/voxforge_dataset/txt/cmu_us_clb_arctic_arctic_b0331.txt
/mnt/deepspeech2_data/voxforge_dataset/wav/cmu_us_clb_arctic_arctic_b0113.wav,/mnt/deepspeech2_data/voxforge_dataset/txt/cmu_us_clb_arctic_arctic_b0113.txt
/mnt/deepspeech2_data/voxforge_dataset/wav/cmu_us_clb_arctic_arctic_a0029.wav,/mnt/deepspeech2_data/voxforge_dataset/txt/cmu_us_clb_arctic_arctic_a0029.txt
/mnt/deepspeech2_data/voxforge_dataset/wav/cmu_us_clb_arctic_arctic_b0142.wav,/mnt/deepspeech2_data/voxforge_dataset/txt/cmu_us_clb_arctic_arctic_b0142.txt
/mnt/deepspeech2_data/voxforge_dataset/wav/cmu_us_clb_arctic_arctic_b0066.wav,/mnt/deepspeech2_data/voxforge_dataset/txt/cmu_us_clb_arctic_arctic_b0066.txt
/mnt/deepspeech2_data/voxforge_dataset/wav/cmu_us_clb_arctic_arctic_a0452.wav,/mnt/deepspeech2_data/voxforge_dataset/txt/cmu_us_clb_arctic_arctic_a0452.txt
/mnt/deepspeech2_data/voxforge_dataset/wav/cmu_us_clb_arctic_arctic_b0020.wav,/mnt/deepspeech2_data/voxforge_dataset/txt/cmu_us_clb_arctic_arctic_b0020.txt
/mnt/deepspeech2_data/voxforge_dataset/wav/cmu_us_clb_arctic_arctic_b0332.wav,/mnt/deepspeech2_data/voxforge_dataset/txt/cmu_us_clb_arctic_arctic_b0332.txt
/mnt/deepspeech2_data/voxforge_dataset/wav/cmu_us_clb_arctic_arctic_b0471.wav,/mnt/deepspeech2_data/voxforge_dataset/txt/cmu_us_clb_arctic_arctic_b0471.txt
/mnt/deepspeech2_data/voxforge_dataset/wav/cmu_us_clb_arctic_arctic_b0525.wav,/mnt/deepspeech2_data/voxforge_dataset/txt/cmu_us_clb_arctic_arctic_b0525.txt
/mnt/deepspeech2_data/voxforge_dataset/wav/cmu_us_clb_arctic_arctic_b0491.wav,/mnt/deepspeech2_data/voxforge_dataset/txt/cmu_us_clb_arctic_arctic_b0491.txt
/mnt/deepspeech2_data/voxforge_dataset/wav/cmu_us_clb_arctic_arctic_a0540.wav,/mnt/deepspeech2_data/voxforge_dataset/txt/cmu_us_clb_arctic_arctic_a0540.txt
/mnt/deepspeech2_data/voxforge_dataset/wav/cmu_us_clb_arctic_arctic_b0158.wav,/mnt/deepspeech2_data/voxforge_dataset/txt/cmu_us_clb_arctic_arctic_b0158.txt
/mnt/deepspeech2_data/voxforge_dataset/wav/cmu_us_clb_arctic_arctic_b0212.wav,/mnt/deepspeech2_data/voxforge_dataset/txt/cmu_us_clb_arctic_arctic_b0212.txt
/mnt/deepspeech2_data/voxforge_dataset/wav/cmu_us_clb_arctic_arctic_b0441.wav,/mnt/deepspeech2_data/voxforge_dataset/txt/cmu_us_clb_arctic_arctic_b0441.txt
/mnt/deepspeech2_data/voxforge_dataset/wav/cmu_us_clb_arctic_arctic_b0486.wav,/mnt/deepspeech2_data/voxforge_dataset/txt/cmu_us_clb_arctic_arctic_b0486.txt
/mnt/deepspeech2_data/voxforge_dataset/wav/cmu_us_clb_arctic_arctic_a0361.wav,/mnt/deepspeech2_data/voxforge_dataset/txt/cmu_us_clb_arctic_arctic_a0361.txt
/mnt/deepspeech2_data/voxforge_dataset/wav/cmu_us_clb_arctic_arctic_a0455.wav,/mnt/deepspeech2_data/voxforge_dataset/txt/cmu_us_clb_arctic_arctic_a0455.txt
/mnt/deepspeech2_data/voxforge_dataset/wav/cmu_us_clb_arctic_arctic_a0176.wav,/mnt/deepspeech2_data/voxforge_dataset/txt/cmu_us_clb_arctic_arctic_a0176.txt
/mnt/deepspeech2_data/voxforge_dataset/wav/cmu_us_clb_arctic_arctic_b0499.wav,/mnt/deepspeech2_data/voxforge_dataset/txt/cmu_us_clb_arctic_arctic_b0499.txt
/mnt/deepspeech2_data/voxforge_dataset/wav/cmu_us_clb_arctic_arctic_a0371.wav,/mnt/deepspeech2_data/voxforge_dataset/txt/cmu_us_clb_arctic_arctic_a0371.txt
/mnt/deepspeech2_data/voxforge_dataset/wav/cmu_us_clb_arctic_arctic_b0414.wav,/mnt/deepspeech2_data/voxforge_dataset/txt/cmu_us_clb_arctic_arctic_b0414.txt
/mnt/deepspeech2_data/voxforge_dataset/wav/cmu_us_clb_arctic_arctic_a0191.wav,/mnt/deepspeech2_data/voxforge_dataset/txt/cmu_us_clb_arctic_arctic_a0191.txt
/mnt/deepspeech2_data/voxforge_dataset/wav/cmu_us_clb_arctic_arctic_a0047.wav,/mnt/deepspeech2_data/voxforge_dataset/txt/cmu_us_clb_arctic_arctic_a0047.txt
/mnt/deepspeech2_data/voxforge_dataset/wav/cmu_us_clb_arctic_arctic_a0433.wav,/mnt/deepspeech2_data/voxforge_dataset/txt/cmu_us_clb_arctic_arctic_a0433.txt
/mnt/deepspeech2_data/voxforge_dataset/wav/cmu_us_clb_arctic_arctic_b0126.wav,/mnt/deepspeech2_data/voxforge_dataset/txt/cmu_us_clb_arctic_arctic_b0126.txt
/mnt/deepspeech2_data/voxforge_dataset/wav/cmu_us_clb_arctic_arctic_a0360.wav,/mnt/deepspeech2_data/voxforge_dataset/txt/cmu_us_clb_arctic_arctic_a0360.txt
/mnt/deepspeech2_data/voxforge_dataset/wav/cmu_us_clb_arctic_arctic_b0489.wav,/mnt/deepspeech2_data/voxforge_dataset/txt/cmu_us_clb_arctic_arctic_b0489.txt
/mnt/deepspeech2_data/voxforge_dataset/wav/cmu_us_clb_arctic_arctic_b0224.wav,/mnt/deepspeech2_data/voxforge_dataset/txt/cmu_us_clb_arctic_arctic_b0224.txt
/mnt/deepspeech2_data/voxforge_dataset/wav/cmu_us_clb_arctic_arctic_b0156.wav,/mnt/deepspeech2_data/voxforge_dataset/txt/cmu_us_clb_arctic_arctic_b0156.txt
/mnt/deepspeech2_data/voxforge_dataset/wav/cmu_us_clb_arctic_arctic_a0546.wav,/mnt/deepspeech2_data/voxforge_dataset/txt/cmu_us_clb_arctic_arctic_a0546.txt
/mnt/deepspeech2_data/voxforge_dataset/wav/cmu_us_clb_arctic_arctic_b0373.wav,/mnt/deepspeech2_data/voxforge_dataset/txt/cmu_us_clb_arctic_arctic_b0373.txt
/mnt/deepspeech2_data/voxforge_dataset/wav/cmu_us_clb_arctic_arctic_a0108.wav,/mnt/deepspeech2_data/voxforge_dataset/txt/cmu_us_clb_arctic_arctic_a0108.txt
/mnt/deepspeech2_data/voxforge_dataset/wav/cmu_us_clb_arctic_arctic_a0178.wav,/mnt/deepspeech2_data/voxforge_dataset/txt/cmu_us_clb_arctic_arctic_a0178.txt
/mnt/deepspeech2_data/voxforge_dataset/wav/cmu_us_clb_arctic_arctic_b0199.wav,/mnt/deepspeech2_data/voxforge_dataset/txt/cmu_us_clb_arctic_arctic_b0199.txt
/mnt/deepspeech2_data/voxforge_dataset/wav/cmu_us_clb_arctic_arctic_a0051.wav,/mnt/deepspeech2_data/voxforge_dataset/txt/cmu_us_clb_arctic_arctic_a0051.txt
/mnt/deepspeech2_data/voxforge_dataset/wav/cmu_us_clb_arctic_arctic_a0058.wav,/mnt/deepspeech2_data/voxforge_dataset/txt/cmu_us_clb_arctic_arctic_a0058.txt
/mnt/deepspeech2_data/voxforge_dataset/wav/cmu_us_clb_arctic_arctic_a0305.wav,/mnt/deepspeech2_data/voxforge_dataset/txt/cmu_us_clb_arctic_arctic_a0305.txt
/mnt/deepspeech2_data/voxforge_dataset/wav/cmu_us_clb_arctic_arctic_a0136.wav,/mnt/deepspeech2_data/voxforge_dataset/txt/cmu_us_clb_arctic_arctic_a0136.txt
/mnt/deepspeech2_data/voxforge_dataset/wav/cmu_us_clb_arctic_arctic_a0395.wav,/mnt/deepspeech2_data/voxforge_dataset/txt/cmu_us_clb_arctic_arctic_a0395.txt
/mnt/deepspeech2_data/voxforge_dataset/wav/cmu_us_clb_arctic_arctic_b0011.wav,/mnt/deepspeech2_data/voxforge_dataset/txt/cmu_us_clb_arctic_arctic_b0011.txt
/mnt/deepspeech2_data/voxforge_dataset/wav/cmu_us_clb_arctic_arctic_a0245.wav,/mnt/deepspeech2_data/voxforge_dataset/txt/cmu_us_clb_arctic_arctic_a0245.txt
/mnt/deepspeech2_data/voxforge_dataset/wav/cmu_us_clb_arctic_arctic_b0501.wav,/mnt/deepspeech2_data/voxforge_dataset/txt/cmu_us_clb_arctic_arctic_b0501.txt
/mnt/deepspeech2_data/voxforge_dataset/wav/cmu_us_clb_arctic_arctic_b0374.wav,/mnt/deepspeech2_data/voxforge_dataset/txt/cmu_us_clb_arctic_arctic_b0374.txt
/mnt/deepspeech2_data/voxforge_dataset/wav/cmu_us_clb_arctic_arctic_a0502.wav,/mnt/deepspeech2_data/voxforge_dataset/txt/cmu_us_clb_arctic_arctic_a0502.txt
/mnt/deepspeech2_data/voxforge_dataset/wav/cmu_us_clb_arctic_arctic_b0479.wav,/mnt/deepspeech2_data/voxforge_dataset/txt/cmu_us_clb_arctic_arctic_b0479.txt
/mnt/deepspeech2_data/voxforge_dataset/wav/cmu_us_clb_arctic_arctic_a0380.wav,/mnt/deepspeech2_data/voxforge_dataset/txt/cmu_us_clb_arctic_arctic_a0380.txt
/mnt/deepspeech2_data/voxforge_dataset/wav/cmu_us_clb_arctic_arctic_b0460.wav,/mnt/deepspeech2_data/voxforge_dataset/txt/cmu_us_clb_arctic_arctic_b0460.txt
/mnt/deepspeech2_data/voxforge_dataset/wav/cmu_us_clb_arctic_arctic_b0201.wav,/mnt/deepspeech2_data/voxforge_dataset/txt/cmu_us_clb_arctic_arctic_b0201.txt
/mnt/deepspeech2_data/voxforge_dataset/wav/cmu_us_clb_arctic_arctic_b0496.wav,/mnt/deepspeech2_data/voxforge_dataset/txt/cmu_us_clb_arctic_arctic_b0496.txt
/mnt/deepspeech2_data/voxforge_dataset/wav/cmu_us_rms_arctic_arctic_b0228.wav,/mnt/deepspeech2_data/voxforge_dataset/txt/cmu_us_rms_arctic_arctic_b0228.txt
/mnt/deepspeech2_data/voxforge_dataset/wav/cmu_us_rms_arctic_arctic_a0351.wav,/mnt/deepspeech2_data/voxforge_dataset/txt/cmu_us_rms_arctic_arctic_a0351.txt
/mnt/deepspeech2_data/voxforge_dataset/wav/cmu_us_rms_arctic_arctic_a0381.wav,/mnt/deepspeech2_data/voxforge_dataset/txt/cmu_us_rms_arctic_arctic_a0381.txt
/mnt/deepspeech2_data/voxforge_dataset/wav/cmu_us_rms_arctic_arctic_b0408.wav,/mnt/deepspeech2_data/voxforge_dataset/txt/cmu_us_rms_arctic_arctic_b0408.txt
/mnt/deepspeech2_data/voxforge_dataset/wav/cmu_us_rms_arctic_arctic_a0399.wav,/mnt/deepspeech2_data/voxforge_dataset/txt/cmu_us_rms_arctic_arctic_a0399.txt
/mnt/deepspeech2_data/voxforge_dataset/wav/cmu_us_rms_arctic_arctic_a0578.wav,/mnt/deepspeech2_data/voxforge_dataset/txt/cmu_us_rms_arctic_arctic_a0578.txt
/mnt/deepspeech2_data/voxforge_dataset/wav/cmu_us_rms_arctic_arctic_a0480.wav,/mnt/deepspeech2_data/voxforge_dataset/txt/cmu_us_rms_arctic_arctic_a0480.txt
/mnt/deepspeech2_data/voxforge_dataset/wav/cmu_us_rms_arctic_arctic_b0102.wav,/mnt/deepspeech2_data/voxforge_dataset/txt/cmu_us_rms_arctic_arctic_b0102.txt
/mnt/deepspeech2_data/voxforge_dataset/wav/cmu_us_rms_arctic_arctic_a0443.wav,/mnt/deepspeech2_data/voxforge_dataset/txt/cmu_us_rms_arctic_arctic_a0443.txt
/mnt/deepspeech2_data/voxforge_dataset/wav/cmu_us_rms_arctic_arctic_b0211.wav,/mnt/deepspeech2_data/voxforge_dataset/txt/cmu_us_rms_arctic_arctic_b0211.txt
/mnt/deepspeech2_data/voxforge_dataset/wav/cmu_us_rms_arctic_arctic_b0262.wav,/mnt/deepspeech2_data/voxforge_dataset/txt/cmu_us_rms_arctic_arctic_b0262.txt
/mnt/deepspeech2_data/voxforge_dataset/wav/cmu_us_rms_arctic_arctic_a0028.wav,/mnt/deepspeech2_data/voxforge_dataset/txt/cmu_us_rms_arctic_arctic_a0028.txt
/mnt/deepspeech2_data/voxforge_dataset/wav/cmu_us_rms_arctic_arctic_b0535.wav,/mnt/deepspeech2_data/voxforge_dataset/txt/cmu_us_rms_arctic_arctic_b0535.txt
/mnt/deepspeech2_data/voxforge_dataset/wav/cmu_us_rms_arctic_arctic_b0464.wav,/mnt/deepspeech2_data/voxforge_dataset/txt/cmu_us_rms_arctic_arctic_b0464.txt
/mnt/deepspeech2_data/voxforge_dataset/wav/cmu_us_rms_arctic_arctic_a0414.wav,/mnt/deepspeech2_data/voxforge_dataset/txt/cmu_us_rms_arctic_arctic_a0414.txt
/mnt/deepspeech2_data/voxforge_dataset/wav/cmu_us_rms_arctic_arctic_b0477.wav,/mnt/deepspeech2_data/voxforge_dataset/txt/cmu_us_rms_arctic_arctic_b0477.txt
/mnt/deepspeech2_data/voxforge_dataset/wav/cmu_us_rms_arctic_arctic_a0037.wav,/mnt/deepspeech2_data/voxforge_dataset/txt/cmu_us_rms_arctic_arctic_a0037.txt
/mnt/deepspeech2_data/voxforge_dataset/wav/cmu_us_rms_arctic_arctic_b0270.wav,/mnt/deepspeech2_data/voxforge_dataset/txt/cmu_us_rms_arctic_arctic_b0270.txt
/mnt/deepspeech2_data/voxforge_dataset/wav/cmu_us_rms_arctic_arctic_a0076.wav,/mnt/deepspeech2_data/voxforge_dataset/txt/cmu_us_rms_arctic_arctic_a0076.txt
/mnt/deepspeech2_data/voxforge_dataset/wav/cmu_us_rms_arctic_arctic_a0071.wav,/mnt/deepspeech2_data/voxforge_dataset/txt/cmu_us_rms_arctic_arctic_a0071.txt
/mnt/deepspeech2_data/voxforge_dataset/wav/cmu_us_rms_arctic_arctic_a0355.wav,/mnt/deepspeech2_data/voxforge_dataset/txt/cmu_us_rms_arctic_arctic_a0355.txt
/mnt/deepspeech2_data/voxforge_dataset/wav/cmu_us_rms_arctic_arctic_b0159.wav,/mnt/deepspeech2_data/voxforge_dataset/txt/cmu_us_rms_arctic_arctic_b0159.txt
/mnt/deepspeech2_data/voxforge_dataset/wav/cmu_us_rms_arctic_arctic_b0231.wav,/mnt/deepspeech2_data/voxforge_dataset/txt/cmu_us_rms_arctic_arctic_b0231.txt
/mnt/deepspeech2_data/voxforge_dataset/wav/cmu_us_rms_arctic_arctic_a0536.wav,/mnt/deepspeech2_data/voxforge_dataset/txt/cmu_us_rms_arctic_arctic_a0536.txt
/mnt/deepspeech2_data/voxforge_dataset/wav/cmu_us_rms_arctic_arctic_a0354.wav,/mnt/deepspeech2_data/voxforge_dataset/txt/cmu_us_rms_arctic_arctic_a0354.txt
/mnt/deepspeech2_data/voxforge_dataset/wav/cmu_us_rms_arctic_arctic_a0447.wav,/mnt/deepspeech2_data/voxforge_dataset/txt/cmu_us_rms_arctic_arctic_a0447.txt
/mnt/deepspeech2_data/voxforge_dataset/wav/cmu_us_rms_arctic_arctic_a0586.wav,/mnt/deepspeech2_data/voxforge_dataset/txt/cmu_us_rms_arctic_arctic_a0586.txt
/mnt/deepspeech2_data/voxforge_dataset/wav/cmu_us_rms_arctic_arctic_a0040.wav,/mnt/deepspeech2_data/voxforge_dataset/txt/cmu_us_rms_arctic_arctic_a0040.txt
/mnt/deepspeech2_data/voxforge_dataset/wav/cmu_us_rms_arctic_arctic_b0322.wav,/mnt/deepspeech2_data/voxforge_dataset/txt/cmu_us_rms_arctic_arctic_b0322.txt
/mnt/deepspeech2_data/voxforge_dataset/wav/cmu_us_rms_arctic_arctic_b0475.wav,/mnt/deepspeech2_data/voxforge_dataset/txt/cmu_us_rms_arctic_arctic_b0475.txt
/mnt/deepspeech2_data/voxforge_dataset/wav/cmu_us_rms_arctic_arctic_a0006.wav,/mnt/deepspeech2_data/voxforge_dataset/txt/cmu_us_rms_arctic_arctic_a0006.txt
/mnt/deepspeech2_data/voxforge_dataset/wav/cmu_us_rms_arctic_arctic_a0544.wav,/mnt/deepspeech2_data/voxforge_dataset/txt/cmu_us_rms_arctic_arctic_a0544.txt
/mnt/deepspeech2_data/voxforge_dataset/wav/cmu_us_rms_arctic_arctic_b0137.wav,/mnt/deepspeech2_data/voxforge_dataset/txt/cmu_us_rms_arctic_arctic_b0137.txt
/mnt/deepspeech2_data/voxforge_dataset/wav/cmu_us_rms_arctic_arctic_b0037.wav,/mnt/deepspeech2_data/voxforge_dataset/txt/cmu_us_rms_arctic_arctic_b0037.txt
/mnt/deepspeech2_data/voxforge_dataset/wav/cmu_us_rms_arctic_arctic_b0036.wav,/mnt/deepspeech2_data/voxforge_dataset/txt/cmu_us_rms_arctic_arctic_b0036.txt
/mnt/deepspeech2_data/voxforge_dataset/wav/cmu_us_rms_arctic_arctic_b0136.wav,/mnt/deepspeech2_data/voxforge_dataset/txt/cmu_us_rms_arctic_arctic_b0136.txt
/mnt/deepspeech2_data/voxforge_dataset/wav/cmu_us_rms_arctic_arctic_a0476.wav,/mnt/deepspeech2_data/voxforge_dataset/txt/cmu_us_rms_arctic_arctic_a0476.txt
/mnt/deepspeech2_data/voxforge_dataset/wav/cmu_us_rms_arctic_arctic_b0314.wav,/mnt/deepspeech2_data/voxforge_dataset/txt/cmu_us_rms_arctic_arctic_b0314.txt
/mnt/deepspeech2_data/voxforge_dataset/wav/cmu_us_rms_arctic_arctic_a0258.wav,/mnt/deepspeech2_data/voxforge_dataset/txt/cmu_us_rms_arctic_arctic_a0258.txt
/mnt/deepspeech2_data/voxforge_dataset/wav/cmu_us_rms_arctic_arctic_a0162.wav,/mnt/deepspeech2_data/voxforge_dataset/txt/cmu_us_rms_arctic_arctic_a0162.txt
/mnt/deepspeech2_data/voxforge_dataset/wav/cmu_us_rms_arctic_arctic_b0208.wav,/mnt/deepspeech2_data/voxforge_dataset/txt/cmu_us_rms_arctic_arctic_b0208.txt
/mnt/deepspeech2_data/voxforge_dataset/wav/cmu_us_rms_arctic_arctic_a0137.wav,/mnt/deepspeech2_data/voxforge_dataset/txt/cmu_us_rms_arctic_arctic_a0137.txt
/mnt/deepspeech2_data/voxforge_dataset/wav/cmu_us_rms_arctic_arctic_b0334.wav,/mnt/deepspeech2_data/voxforge_dataset/txt/cmu_us_rms_arctic_arctic_b0334.txt
/mnt/deepspeech2_data/voxforge_dataset/wav/cmu_us_rms_arctic_arctic_b0522.wav,/mnt/deepspeech2_data/voxforge_dataset/txt/cmu_us_rms_arctic_arctic_b0522.txt
/mnt/deepspeech2_data/voxforge_dataset/wav/cmu_us_rms_arctic_arctic_b0214.wav,/mnt/deepspeech2_data/voxforge_dataset/txt/cmu_us_rms_arctic_arctic_b0214.txt
/mnt/deepspeech2_data/voxforge_dataset/wav/cmu_us_rms_arctic_arctic_a0070.wav,/mnt/deepspeech2_data/voxforge_dataset/txt/cmu_us_rms_arctic_arctic_a0070.txt
/mnt/deepspeech2_data/voxforge_dataset/wav/cmu_us_rms_arctic_arctic_a0376.wav,/mnt/deepspeech2_data/voxforge_dataset/txt/cmu_us_rms_arctic_arctic_a0376.txt
/mnt/deepspeech2_data/voxforge_dataset/wav/cmu_us_rms_arctic_arctic_b0390.wav,/mnt/deepspeech2_data/voxforge_dataset/txt/cmu_us_rms_arctic_arctic_b0390.txt
/mnt/deepspeech2_data/voxforge_dataset/wav/cmu_us_rms_arctic_arctic_a0314.wav,/mnt/deepspeech2_data/voxforge_dataset/txt/cmu_us_rms_arctic_arctic_a0314.txt
/mnt/deepspeech2_data/voxforge_dataset/wav/cmu_us_rms_arctic_arctic_a0266.wav,/mnt/deepspeech2_data/voxforge_dataset/txt/cmu_us_rms_arctic_arctic_a0266.txt
/mnt/deepspeech2_data/voxforge_dataset/wav/cmu_us_rms_arctic_arctic_a0053.wav,/mnt/deepspeech2_data/voxforge_dataset/txt/cmu_us_rms_arctic_arctic_a0053.txt
/mnt/deepspeech2_data/voxforge_dataset/wav/cmu_us_rms_arctic_arctic_a0223.wav,/mnt/deepspeech2_data/voxforge_dataset/txt/cmu_us_rms_arctic_arctic_a0223.txt
/mnt/deepspeech2_data/voxforge_dataset/wav/cmu_us_rms_arctic_arctic_a0575.wav,/mnt/deepspeech2_data/voxforge_dataset/txt/cmu_us_rms_arctic_arctic_a0575.txt
/mnt/deepspeech2_data/voxforge_dataset/wav/cmu_us_rms_arctic_arctic_b0448.wav,/mnt/deepspeech2_data/voxforge_dataset/txt/cmu_us_rms_arctic_arctic_b0448.txt
/mnt/deepspeech2_data/voxforge_dataset/wav/cmu_us_rms_arctic_arctic_b0437.wav,/mnt/deepspeech2_data/voxforge_dataset/txt/cmu_us_rms_arctic_arctic_b0437.txt
/mnt/deepspeech2_data/voxforge_dataset/wav/cmu_us_rms_arctic_arctic_b0525.wav,/mnt/deepspeech2_data/voxforge_dataset/txt/cmu_us_rms_arctic_arctic_b0525.txt
/mnt/deepspeech2_data/voxforge_dataset/wav/cmu_us_rms_arctic_arctic_b0396.wav,/mnt/deepspeech2_data/voxforge_dataset/txt/cmu_us_rms_arctic_arctic_b0396.txt
/mnt/deepspeech2_data/voxforge_dataset/wav/cmu_us_rms_arctic_arctic_b0377.wav,/mnt/deepspeech2_data/voxforge_dataset/txt/cmu_us_rms_arctic_arctic_b0377.txt
/mnt/deepspeech2_data/voxforge_dataset/wav/cmu_us_rms_arctic_arctic_a0237.wav,/mnt/deepspeech2_data/voxforge_dataset/txt/cmu_us_rms_arctic_arctic_a0237.txt
/mnt/deepspeech2_data/voxforge_dataset/wav/cmu_us_rms_arctic_arctic_a0252.wav,/mnt/deepspeech2_data/voxforge_dataset/txt/cmu_us_rms_arctic_arctic_a0252.txt
/mnt/deepspeech2_data/voxforge_dataset/wav/cmu_us_rms_arctic_arctic_b0091.wav,/mnt/deepspeech2_data/voxforge_dataset/txt/cmu_us_rms_arctic_arctic_b0091.txt
/mnt/deepspeech2_data/voxforge_dataset/wav/cmu_us_rms_arctic_arctic_a0069.wav,/mnt/deepspeech2_data/voxforge_dataset/txt/cmu_us_rms_arctic_arctic_a0069.txt
/mnt/deepspeech2_data/voxforge_dataset/wav/cmu_us_rms_arctic_arctic_b0059.wav,/mnt/deepspeech2_data/voxforge_dataset/txt/cmu_us_rms_arctic_arctic_b0059.txt
/mnt/deepspeech2_data/voxforge_dataset/wav/cmu_us_rms_arctic_arctic_b0312.wav,/mnt/deepspeech2_data/voxforge_dataset/txt/cmu_us_rms_arctic_arctic_b0312.txt
/mnt/deepspeech2_data/voxforge_dataset/wav/cmu_us_rms_arctic_arctic_a0563.wav,/mnt/deepspeech2_data/voxforge_dataset/txt/cmu_us_rms_arctic_arctic_a0563.txt
/mnt/deepspeech2_data/voxforge_dataset/wav/cmu_us_rms_arctic_arctic_a0306.wav,/mnt/deepspeech2_data/voxforge_dataset/txt/cmu_us_rms_arctic_arctic_a0306.txt
/mnt/deepspeech2_data/voxforge_dataset/wav/cmu_us_rms_arctic_arctic_a0426.wav,/mnt/deepspeech2_data/voxforge_dataset/txt/cmu_us_rms_arctic_arctic_a0426.txt
/mnt/deepspeech2_data/voxforge_dataset/wav/cmu_us_rms_arctic_arctic_a0244.wav,/mnt/deepspeech2_data/voxforge_dataset/txt/cmu_us_rms_arctic_arctic_a0244.txt
/mnt/deepspeech2_data/voxforge_dataset/wav/cmu_us_rms_arctic_arctic_a0156.wav,/mnt/deepspeech2_data/voxforge_dataset/txt/cmu_us_rms_arctic_arctic_a0156.txt
/mnt/deepspeech2_data/voxforge_dataset/wav/cmu_us_rms_arctic_arctic_a0560.wav,/mnt/deepspeech2_data/voxforge_dataset/txt/cmu_us_rms_arctic_arctic_a0560.txt
/mnt/deepspeech2_data/voxforge_dataset/wav/cmu_us_rms_arctic_arctic_b0118.wav,/mnt/deepspeech2_data/voxforge_dataset/txt/cmu_us_rms_arctic_arctic_b0118.txt
/mnt/deepspeech2_data/voxforge_dataset/wav/cmu_us_rms_arctic_arctic_b0491.wav,/mnt/deepspeech2_data/voxforge_dataset/txt/cmu_us_rms_arctic_arctic_b0491.txt
/mnt/deepspeech2_data/voxforge_dataset/wav/cmu_us_rms_arctic_arctic_b0075.wav,/mnt/deepspeech2_data/voxforge_dataset/txt/cmu_us_rms_arctic_arctic_b0075.txt
/mnt/deepspeech2_data/voxforge_dataset/wav/cmu_us_rms_arctic_arctic_b0172.wav,/mnt/deepspeech2_data/voxforge_dataset/txt/cmu_us_rms_arctic_arctic_b0172.txt
/mnt/deepspeech2_data/voxforge_dataset/wav/cmu_us_rms_arctic_arctic_a0490.wav,/mnt/deepspeech2_data/voxforge_dataset/txt/cmu_us_rms_arctic_arctic_a0490.txt
/mnt/deepspeech2_data/voxforge_dataset/wav/cmu_us_rms_arctic_arctic_b0056.wav,/mnt/deepspeech2_data/voxforge_dataset/txt/cmu_us_rms_arctic_arctic_b0056.txt
/mnt/deepspeech2_data/voxforge_dataset/wav/cmu_us_rms_arctic_arctic_b0189.wav,/mnt/deepspeech2_data/voxforge_dataset/txt/cmu_us_rms_arctic_arctic_b0189.txt
/mnt/deepspeech2_data/voxforge_dataset/wav/cmu_us_rms_arctic_arctic_a0253.wav,/mnt/deepspeech2_data/voxforge_dataset/txt/cmu_us_rms_arctic_arctic_a0253.txt
/mnt/deepspeech2_data/voxforge_dataset/wav/cmu_us_rms_arctic_arctic_b0269.wav,/mnt/deepspeech2_data/voxforge_dataset/txt/cmu_us_rms_arctic_arctic_b0269.txt
/mnt/deepspeech2_data/voxforge_dataset/wav/cmu_us_rms_arctic_arctic_a0225.wav,/mnt/deepspeech2_data/voxforge_dataset/txt/cmu_us_rms_arctic_arctic_a0225.txt
/mnt/deepspeech2_data/voxforge_dataset/wav/cmu_us_rms_arctic_arctic_a0463.wav,/mnt/deepspeech2_data/voxforge_dataset/txt/cmu_us_rms_arctic_arctic_a0463.txt
/mnt/deepspeech2_data/voxforge_dataset/wav/cmu_us_rms_arctic_arctic_a0539.wav,/mnt/deepspeech2_data/voxforge_dataset/txt/cmu_us_rms_arctic_arctic_a0539.txt
/mnt/deepspeech2_data/voxforge_dataset/wav/cmu_us_rms_arctic_arctic_a0482.wav,/mnt/deepspeech2_data/voxforge_dataset/txt/cmu_us_rms_arctic_arctic_a0482.txt
/mnt/deepspeech2_data/voxforge_dataset/wav/cmu_us_rms_arctic_arctic_b0342.wav,/mnt/deepspeech2_data/voxforge_dataset/txt/cmu_us_rms_arctic_arctic_b0342.txt
/mnt/deepspeech2_data/voxforge_dataset/wav/cmu_us_rms_arctic_arctic_a0538.wav,/mnt/deepspeech2_data/voxforge_dataset/txt/cmu_us_rms_arctic_arctic_a0538.txt
/mnt/deepspeech2_data/voxforge_dataset/wav/cmu_us_rms_arctic_arctic_b0256.wav,/mnt/deepspeech2_data/voxforge_dataset/txt/cmu_us_rms_arctic_arctic_b0256.txt
/mnt/deepspeech2_data/voxforge_dataset/wav/cmu_us_rms_arctic_arctic_b0017.wav,/mnt/deepspeech2_data/voxforge_dataset/txt/cmu_us_rms_arctic_arctic_b0017.txt
/mnt/deepspeech2_data/voxforge_dataset/wav/cmu_us_rms_arctic_arctic_b0065.wav,/mnt/deepspeech2_data/voxforge_dataset/txt/cmu_us_rms_arctic_arctic_b0065.txt
/mnt/deepspeech2_data/voxforge_dataset/wav/cmu_us_rms_arctic_arctic_b0298.wav,/mnt/deepspeech2_data/voxforge_dataset/txt/cmu_us_rms_arctic_arctic_b0298.txt
/mnt/deepspeech2_data/voxforge_dataset/wav/cmu_us_rms_arctic_arctic_b0272.wav,/mnt/deepspeech2_data/voxforge_dataset/txt/cmu_us_rms_arctic_arctic_b0272.txt
/mnt/deepspeech2_data/voxforge_dataset/wav/cmu_us_rms_arctic_arctic_b0153.wav,/mnt/deepspeech2_data/voxforge_dataset/txt/cmu_us_rms_arctic_arctic_b0153.txt
/mnt/deepspeech2_data/voxforge_dataset/wav/cmu_us_rms_arctic_arctic_b0495.wav,/mnt/deepspeech2_data/voxforge_dataset/txt/cmu_us_rms_arctic_arctic_b0495.txt
/mnt/deepspeech2_data/voxforge_dataset/wav/cmu_us_rms_arctic_arctic_a0277.wav,/mnt/deepspeech2_data/voxforge_dataset/txt/cmu_us_rms_arctic_arctic_a0277.txt
/mnt/deepspeech2_data/voxforge_dataset/wav/cmu_us_rms_arctic_arctic_b0432.wav,/mnt/deepspeech2_data/voxforge_dataset/txt/cmu_us_rms_arctic_arctic_b0432.txt
/mnt/deepspeech2_data/voxforge_dataset/wav/cmu_us_rms_arctic_arctic_a0325.wav,/mnt/deepspeech2_data/voxforge_dataset/txt/cmu_us_rms_arctic_arctic_a0325.txt
/mnt/deepspeech2_data/voxforge_dataset/wav/cmu_us_rms_arctic_arctic_a0588.wav,/mnt/deepspeech2_data/voxforge_dataset/txt/cmu_us_rms_arctic_arctic_a0588.txt
/mnt/deepspeech2_data/voxforge_dataset/wav/cmu_us_rms_arctic_arctic_b0104.wav,/mnt/deepspeech2_data/voxforge_dataset/txt/cmu_us_rms_arctic_arctic_b0104.txt
/mnt/deepspeech2_data/voxforge_dataset/wav/cmu_us_rms_arctic_arctic_b0294.wav,/mnt/deepspeech2_data/voxforge_dataset/txt/cmu_us_rms_arctic_arctic_b0294.txt
/mnt/deepspeech2_data/voxforge_dataset/wav/cmu_us_rms_arctic_arctic_a0022.wav,/mnt/deepspeech2_data/voxforge_dataset/txt/cmu_us_rms_arctic_arctic_a0022.txt
/mnt/deepspeech2_data/voxforge_dataset/wav/cmu_us_rms_arctic_arctic_a0249.wav,/mnt/deepspeech2_data/voxforge_dataset/txt/cmu_us_rms_arctic_arctic_a0249.txt
/mnt/deepspeech2_data/voxforge_dataset/wav/cmu_us_rms_arctic_arctic_a0561.wav,/mnt/deepspeech2_data/voxforge_dataset/txt/cmu_us_rms_arctic_arctic_a0561.txt
/mnt/deepspeech2_data/voxforge_dataset/wav/cmu_us_rms_arctic_arctic_a0125.wav,/mnt/deepspeech2_data/voxforge_dataset/txt/cmu_us_rms_arctic_arctic_a0125.txt
/mnt/deepspeech2_data/voxforge_dataset/wav/cmu_us_rms_arctic_arctic_a0319.wav,/mnt/deepspeech2_data/voxforge_dataset/txt/cmu_us_rms_arctic_arctic_a0319.txt
/mnt/deepspeech2_data/voxforge_dataset/wav/cmu_us_rms_arctic_arctic_a0153.wav,/mnt/deepspeech2_data/voxforge_dataset/txt/cmu_us_rms_arctic_arctic_a0153.txt
/mnt/deepspeech2_data/voxforge_dataset/wav/cmu_us_rms_arctic_arctic_a0420.wav,/mnt/deepspeech2_data/voxforge_dataset/txt/cmu_us_rms_arctic_arctic_a0420.txt
/mnt/deepspeech2_data/voxforge_dataset/wav/cmu_us_rms_arctic_arctic_a0437.wav,/mnt/deepspeech2_data/voxforge_dataset/txt/cmu_us_rms_arctic_arctic_a0437.txt
/mnt/deepspeech2_data/voxforge_dataset/wav/cmu_us_rms_arctic_arctic_a0569.wav,/mnt/deepspeech2_data/voxforge_dataset/txt/cmu_us_rms_arctic_arctic_a0569.txt
/mnt/deepspeech2_data/voxforge_dataset/wav/cmu_us_rms_arctic_arctic_b0031.wav,/mnt/deepspeech2_data/voxforge_dataset/txt/cmu_us_rms_arctic_arctic_b0031.txt
/mnt/deepspeech2_data/voxforge_dataset/wav/cmu_us_rms_arctic_arctic_a0464.wav,/mnt/deepspeech2_data/voxforge_dataset/txt/cmu_us_rms_arctic_arctic_a0464.txt
/mnt/deepspeech2_data/voxforge_dataset/wav/cmu_us_rms_arctic_arctic_b0403.wav,/mnt/deepspeech2_data/voxforge_dataset/txt/cmu_us_rms_arctic_arctic_b0403.txt
/mnt/deepspeech2_data/voxforge_dataset/wav/cmu_us_rms_arctic_arctic_b0533.wav,/mnt/deepspeech2_data/voxforge_dataset/txt/cmu_us_rms_arctic_arctic_b0533.txt
/mnt/deepspeech2_data/voxforge_dataset/wav/cmu_us_rms_arctic_arctic_a0507.wav,/mnt/deepspeech2_data/voxforge_dataset/txt/cmu_us_rms_arctic_arctic_a0507.txt
/mnt/deepspeech2_data/voxforge_dataset/wav/cmu_us_rms_arctic_arctic_b0397.wav,/mnt/deepspeech2_data/voxforge_dataset/txt/cmu_us_rms_arctic_arctic_b0397.txt
/mnt/deepspeech2_data/voxforge_dataset/wav/cmu_us_bdl_arctic_arctic_b0336.wav,/mnt/deepspeech2_data/voxforge_dataset/txt/cmu_us_bdl_arctic_arctic_b0336.txt
/mnt/deepspeech2_data/voxforge_dataset/wav/cmu_us_bdl_arctic_arctic_b0043.wav,/mnt/deepspeech2_data/voxforge_dataset/txt/cmu_us_bdl_arctic_arctic_b0043.txt
/mnt/deepspeech2_data/voxforge_dataset/wav/cmu_us_bdl_arctic_arctic_a0098.wav,/mnt/deepspeech2_data/voxforge_dataset/txt/cmu_us_bdl_arctic_arctic_a0098.txt
/mnt/deepspeech2_data/voxforge_dataset/wav/cmu_us_bdl_arctic_arctic_a0351.wav,/mnt/deepspeech2_data/voxforge_dataset/txt/cmu_us_bdl_arctic_arctic_a0351.txt
/mnt/deepspeech2_data/voxforge_dataset/wav/cmu_us_bdl_arctic_arctic_a0579.wav,/mnt/deepspeech2_data/voxforge_dataset/txt/cmu_us_bdl_arctic_arctic_a0579.txt
/mnt/deepspeech2_data/voxforge_dataset/wav/cmu_us_bdl_arctic_arctic_a0346.wav,/mnt/deepspeech2_data/voxforge_dataset/txt/cmu_us_bdl_arctic_arctic_a0346.txt
/mnt/deepspeech2_data/voxforge_dataset/wav/cmu_us_bdl_arctic_arctic_b0084.wav,/mnt/deepspeech2_data/voxforge_dataset/txt/cmu_us_bdl_arctic_arctic_b0084.txt
/mnt/deepspeech2_data/voxforge_dataset/wav/cmu_us_bdl_arctic_arctic_a0333.wav,/mnt/deepspeech2_data/voxforge_dataset/txt/cmu_us_bdl_arctic_arctic_a0333.txt
/mnt/deepspeech2_data/voxforge_dataset/wav/cmu_us_bdl_arctic_arctic_b0311.wav,/mnt/deepspeech2_data/voxforge_dataset/txt/cmu_us_bdl_arctic_arctic_b0311.txt
/mnt/deepspeech2_data/voxforge_dataset/wav/cmu_us_bdl_arctic_arctic_b0537.wav,/mnt/deepspeech2_data/voxforge_dataset/txt/cmu_us_bdl_arctic_arctic_b0537.txt
/mnt/deepspeech2_data/voxforge_dataset/wav/cmu_us_bdl_arctic_arctic_b0339.wav,/mnt/deepspeech2_data/voxforge_dataset/txt/cmu_us_bdl_arctic_arctic_b0339.txt
/mnt/deepspeech2_data/voxforge_dataset/wav/cmu_us_bdl_arctic_arctic_a0421.wav,/mnt/deepspeech2_data/voxforge_dataset/txt/cmu_us_bdl_arctic_arctic_a0421.txt
/mnt/deepspeech2_data/voxforge_dataset/wav/cmu_us_bdl_arctic_arctic_b0205.wav,/mnt/deepspeech2_data/voxforge_dataset/txt/cmu_us_bdl_arctic_arctic_b0205.txt
/mnt/deepspeech2_data/voxforge_dataset/wav/cmu_us_bdl_arctic_arctic_b0045.wav,/mnt/deepspeech2_data/voxforge_dataset/txt/cmu_us_bdl_arctic_arctic_b0045.txt
/mnt/deepspeech2_data/voxforge_dataset/wav/cmu_us_bdl_arctic_arctic_a0261.wav,/mnt/deepspeech2_data/voxforge_dataset/txt/cmu_us_bdl_arctic_arctic_a0261.txt
/mnt/deepspeech2_data/voxforge_dataset/wav/cmu_us_bdl_arctic_arctic_b0477.wav,/mnt/deepspeech2_data/voxforge_dataset/txt/cmu_us_bdl_arctic_arctic_b0477.txt
/mnt/deepspeech2_data/voxforge_dataset/wav/cmu_us_bdl_arctic_arctic_a0589.wav,/mnt/deepspeech2_data/voxforge_dataset/txt/cmu_us_bdl_arctic_arctic_a0589.txt
/mnt/deepspeech2_data/voxforge_dataset/wav/cmu_us_bdl_arctic_arctic_b0288.wav,/mnt/deepspeech2_data/voxforge_dataset/txt/cmu_us_bdl_arctic_arctic_b0288.txt
/mnt/deepspeech2_data/voxforge_dataset/wav/cmu_us_bdl_arctic_arctic_a0203.wav,/mnt/deepspeech2_data/voxforge_dataset/txt/cmu_us_bdl_arctic_arctic_a0203.txt
/mnt/deepspeech2_data/voxforge_dataset/wav/cmu_us_bdl_arctic_arctic_a0362.wav,/mnt/deepspeech2_data/voxforge_dataset/txt/cmu_us_bdl_arctic_arctic_a0362.txt
/mnt/deepspeech2_data/voxforge_dataset/wav/cmu_us_bdl_arctic_arctic_a0082.wav,/mnt/deepspeech2_data/voxforge_dataset/txt/cmu_us_bdl_arctic_arctic_a0082.txt
/mnt/deepspeech2_data/voxforge_dataset/wav/cmu_us_bdl_arctic_arctic_b0203.wav,/mnt/deepspeech2_data/voxforge_dataset/txt/cmu_us_bdl_arctic_arctic_b0203.txt
/mnt/deepspeech2_data/voxforge_dataset/wav/cmu_us_bdl_arctic_arctic_b0044.wav,/mnt/deepspeech2_data/voxforge_dataset/txt/cmu_us_bdl_arctic_arctic_b0044.txt
/mnt/deepspeech2_data/voxforge_dataset/wav/cmu_us_bdl_arctic_arctic_b0365.wav,/mnt/deepspeech2_data/voxforge_dataset/txt/cmu_us_bdl_arctic_arctic_b0365.txt
/mnt/deepspeech2_data/voxforge_dataset/wav/cmu_us_bdl_arctic_arctic_a0228.wav,/mnt/deepspeech2_data/voxforge_dataset/txt/cmu_us_bdl_arctic_arctic_a0228.txt
/mnt/deepspeech2_data/voxforge_dataset/wav/cmu_us_bdl_arctic_arctic_b0147.wav,/mnt/deepspeech2_data/voxforge_dataset/txt/cmu_us_bdl_arctic_arctic_b0147.txt
/mnt/deepspeech2_data/voxforge_dataset/wav/cmu_us_bdl_arctic_arctic_b0183.wav,/mnt/deepspeech2_data/voxforge_dataset/txt/cmu_us_bdl_arctic_arctic_b0183.txt
/mnt/deepspeech2_data/voxforge_dataset/wav/cmu_us_bdl_arctic_arctic_b0258.wav,/mnt/deepspeech2_data/voxforge_dataset/txt/cmu_us_bdl_arctic_arctic_b0258.txt
/mnt/deepspeech2_data/voxforge_dataset/wav/cmu_us_bdl_arctic_arctic_b0243.wav,/mnt/deepspeech2_data/voxforge_dataset/txt/cmu_us_bdl_arctic_arctic_b0243.txt
/mnt/deepspeech2_data/voxforge_dataset/wav/cmu_us_bdl_arctic_arctic_b0319.wav,/mnt/deepspeech2_data/voxforge_dataset/txt/cmu_us_bdl_arctic_arctic_b0319.txt
/mnt/deepspeech2_data/voxforge_dataset/wav/cmu_us_bdl_arctic_arctic_a0230.wav,/mnt/deepspeech2_data/voxforge_dataset/txt/cmu_us_bdl_arctic_arctic_a0230.txt
/mnt/deepspeech2_data/voxforge_dataset/wav/cmu_us_bdl_arctic_arctic_b0208.wav,/mnt/deepspeech2_data/voxforge_dataset/txt/cmu_us_bdl_arctic_arctic_b0208.txt
/mnt/deepspeech2_data/voxforge_dataset/wav/cmu_us_bdl_arctic_arctic_a0257.wav,/mnt/deepspeech2_data/voxforge_dataset/txt/cmu_us_bdl_arctic_arctic_a0257.txt
/mnt/deepspeech2_data/voxforge_dataset/wav/cmu_us_bdl_arctic_arctic_a0062.wav,/mnt/deepspeech2_data/voxforge_dataset/txt/cmu_us_bdl_arctic_arctic_a0062.txt
/mnt/deepspeech2_data/voxforge_dataset/wav/cmu_us_bdl_arctic_arctic_a0068.wav,/mnt/deepspeech2_data/voxforge_dataset/txt/cmu_us_bdl_arctic_arctic_a0068.txt
/mnt/deepspeech2_data/voxforge_dataset/wav/cmu_us_bdl_arctic_arctic_b0442.wav,/mnt/deepspeech2_data/voxforge_dataset/txt/cmu_us_bdl_arctic_arctic_b0442.txt
/mnt/deepspeech2_data/voxforge_dataset/wav/cmu_us_bdl_arctic_arctic_b0527.wav,/mnt/deepspeech2_data/voxforge_dataset/txt/cmu_us_bdl_arctic_arctic_b0527.txt
/mnt/deepspeech2_data/voxforge_dataset/wav/cmu_us_bdl_arctic_arctic_b0257.wav,/mnt/deepspeech2_data/voxforge_dataset/txt/cmu_us_bdl_arctic_arctic_b0257.txt
/mnt/deepspeech2_data/voxforge_dataset/wav/cmu_us_bdl_arctic_arctic_b0331.wav,/mnt/deepspeech2_data/voxforge_dataset/txt/cmu_us_bdl_arctic_arctic_b0331.txt
/mnt/deepspeech2_data/voxforge_dataset/wav/cmu_us_bdl_arctic_arctic_a0071.wav,/mnt/deepspeech2_data/voxforge_dataset/txt/cmu_us_bdl_arctic_arctic_a0071.txt
/mnt/deepspeech2_data/voxforge_dataset/wav/cmu_us_bdl_arctic_arctic_b0222.wav,/mnt/deepspeech2_data/voxforge_dataset/txt/cmu_us_bdl_arctic_arctic_b0222.txt
/mnt/deepspeech2_data/voxforge_dataset/wav/cmu_us_bdl_arctic_arctic_a0086.wav,/mnt/deepspeech2_data/voxforge_dataset/txt/cmu_us_bdl_arctic_arctic_a0086.txt
/mnt/deepspeech2_data/voxforge_dataset/wav/cmu_us_bdl_arctic_arctic_b0149.wav,/mnt/deepspeech2_data/voxforge_dataset/txt/cmu_us_bdl_arctic_arctic_b0149.txt
/mnt/deepspeech2_data/voxforge_dataset/wav/cmu_us_bdl_arctic_arctic_a0341.wav,/mnt/deepspeech2_data/voxforge_dataset/txt/cmu_us_bdl_arctic_arctic_a0341.txt
/mnt/deepspeech2_data/voxforge_dataset/wav/cmu_us_bdl_arctic_arctic_a0567.wav,/mnt/deepspeech2_data/voxforge_dataset/txt/cmu_us_bdl_arctic_arctic_a0567.txt
/mnt/deepspeech2_data/voxforge_dataset/wav/cmu_us_bdl_arctic_arctic_b0168.wav,/mnt/deepspeech2_data/voxforge_dataset/txt/cmu_us_bdl_arctic_arctic_b0168.txt
/mnt/deepspeech2_data/voxforge_dataset/wav/cmu_us_bdl_arctic_arctic_a0515.wav,/mnt/deepspeech2_data/voxforge_dataset/txt/cmu_us_bdl_arctic_arctic_a0515.txt
/mnt/deepspeech2_data/voxforge_dataset/wav/cmu_us_bdl_arctic_arctic_b0041.wav,/mnt/deepspeech2_data/voxforge_dataset/txt/cmu_us_bdl_arctic_arctic_b0041.txt
/mnt/deepspeech2_data/voxforge_dataset/wav/cmu_us_bdl_arctic_arctic_a0450.wav,/mnt/deepspeech2_data/voxforge_dataset/txt/cmu_us_bdl_arctic_arctic_a0450.txt
/mnt/deepspeech2_data/voxforge_dataset/wav/cmu_us_bdl_arctic_arctic_b0200.wav,/mnt/deepspeech2_data/voxforge_dataset/txt/cmu_us_bdl_arctic_arctic_b0200.txt
/mnt/deepspeech2_data/voxforge_dataset/wav/cmu_us_bdl_arctic_arctic_b0009.wav,/mnt/deepspeech2_data/voxforge_dataset/txt/cmu_us_bdl_arctic_arctic_b0009.txt
/mnt/deepspeech2_data/voxforge_dataset/wav/cmu_us_bdl_arctic_arctic_a0271.wav,/mnt/deepspeech2_data/voxforge_dataset/txt/cmu_us_bdl_arctic_arctic_a0271.txt
/mnt/deepspeech2_data/voxforge_dataset/wav/cmu_us_bdl_arctic_arctic_b0150.wav,/mnt/deepspeech2_data/voxforge_dataset/txt/cmu_us_bdl_arctic_arctic_b0150.txt
/mnt/deepspeech2_data/voxforge_dataset/wav/cmu_us_bdl_arctic_arctic_b0431.wav,/mnt/deepspeech2_data/voxforge_dataset/txt/cmu_us_bdl_arctic_arctic_b0431.txt
/mnt/deepspeech2_data/voxforge_dataset/wav/cmu_us_bdl_arctic_arctic_a0587.wav,/mnt/deepspeech2_data/voxforge_dataset/txt/cmu_us_bdl_arctic_arctic_a0587.txt
/mnt/deepspeech2_data/voxforge_dataset/wav/cmu_us_bdl_arctic_arctic_b0250.wav,/mnt/deepspeech2_data/voxforge_dataset/txt/cmu_us_bdl_arctic_arctic_b0250.txt
/mnt/deepspeech2_data/voxforge_dataset/wav/cmu_us_bdl_arctic_arctic_a0465.wav,/mnt/deepspeech2_data/voxforge_dataset/txt/cmu_us_bdl_arctic_arctic_a0465.txt
/mnt/deepspeech2_data/voxforge_dataset/wav/cmu_us_bdl_arctic_arctic_a0270.wav,/mnt/deepspeech2_data/voxforge_dataset/txt/cmu_us_bdl_arctic_arctic_a0270.txt
/mnt/deepspeech2_data/voxforge_dataset/wav/cmu_us_bdl_arctic_arctic_a0592.wav,/mnt/deepspeech2_data/voxforge_dataset/txt/cmu_us_bdl_arctic_arctic_a0592.txt
/mnt/deepspeech2_data/voxforge_dataset/wav/cmu_us_bdl_arctic_arctic_b0348.wav,/mnt/deepspeech2_data/voxforge_dataset/txt/cmu_us_bdl_arctic_arctic_b0348.txt
/mnt/deepspeech2_data/voxforge_dataset/wav/cmu_us_bdl_arctic_arctic_b0063.wav,/mnt/deepspeech2_data/voxforge_dataset/txt/cmu_us_bdl_arctic_arctic_b0063.txt
/mnt/deepspeech2_data/voxforge_dataset/wav/cmu_us_bdl_arctic_arctic_a0583.wav,/mnt/deepspeech2_data/voxforge_dataset/txt/cmu_us_bdl_arctic_arctic_a0583.txt
/mnt/deepspeech2_data/voxforge_dataset/wav/cmu_us_bdl_arctic_arctic_b0345.wav,/mnt/deepspeech2_data/voxforge_dataset/txt/cmu_us_bdl_arctic_arctic_b0345.txt
/mnt/deepspeech2_data/voxforge_dataset/wav/cmu_us_bdl_arctic_arctic_b0525.wav,/mnt/deepspeech2_data/voxforge_dataset/txt/cmu_us_bdl_arctic_arctic_b0525.txt
/mnt/deepspeech2_data/voxforge_dataset/wav/cmu_us_bdl_arctic_arctic_a0494.wav,/mnt/deepspeech2_data/voxforge_dataset/txt/cmu_us_bdl_arctic_arctic_a0494.txt
/mnt/deepspeech2_data/voxforge_dataset/wav/cmu_us_bdl_arctic_arctic_a0506.wav,/mnt/deepspeech2_data/voxforge_dataset/txt/cmu_us_bdl_arctic_arctic_a0506.txt
/mnt/deepspeech2_data/voxforge_dataset/wav/cmu_us_bdl_arctic_arctic_b0074.wav,/mnt/deepspeech2_data/voxforge_dataset/txt/cmu_us_bdl_arctic_arctic_b0074.txt
/mnt/deepspeech2_data/voxforge_dataset/wav/cmu_us_bdl_arctic_arctic_b0158.wav,/mnt/deepspeech2_data/voxforge_dataset/txt/cmu_us_bdl_arctic_arctic_b0158.txt
/mnt/deepspeech2_data/voxforge_dataset/wav/cmu_us_bdl_arctic_arctic_a0378.wav,/mnt/deepspeech2_data/voxforge_dataset/txt/cmu_us_bdl_arctic_arctic_a0378.txt
/mnt/deepspeech2_data/voxforge_dataset/wav/cmu_us_bdl_arctic_arctic_b0418.wav,/mnt/deepspeech2_data/voxforge_dataset/txt/cmu_us_bdl_arctic_arctic_b0418.txt
/mnt/deepspeech2_data/voxforge_dataset/wav/cmu_us_bdl_arctic_arctic_a0529.wav,/mnt/deepspeech2_data/voxforge_dataset/txt/cmu_us_bdl_arctic_arctic_a0529.txt
/mnt/deepspeech2_data/voxforge_dataset/wav/cmu_us_bdl_arctic_arctic_a0292.wav,/mnt/deepspeech2_data/voxforge_dataset/txt/cmu_us_bdl_arctic_arctic_a0292.txt
/mnt/deepspeech2_data/voxforge_dataset/wav/cmu_us_bdl_arctic_arctic_a0403.wav,/mnt/deepspeech2_data/voxforge_dataset/txt/cmu_us_bdl_arctic_arctic_a0403.txt
/mnt/deepspeech2_data/voxforge_dataset/wav/cmu_us_bdl_arctic_arctic_a0175.wav,/mnt/deepspeech2_data/voxforge_dataset/txt/cmu_us_bdl_arctic_arctic_a0175.txt
/mnt/deepspeech2_data/voxforge_dataset/wav/cmu_us_bdl_arctic_arctic_a0404.wav,/mnt/deepspeech2_data/voxforge_dataset/txt/cmu_us_bdl_arctic_arctic_a0404.txt
/mnt/deepspeech2_data/voxforge_dataset/wav/cmu_us_bdl_arctic_arctic_a0046.wav,/mnt/deepspeech2_data/voxforge_dataset/txt/cmu_us_bdl_arctic_arctic_a0046.txt
/mnt/deepspeech2_data/voxforge_dataset/wav/cmu_us_bdl_arctic_arctic_b0342.wav,/mnt/deepspeech2_data/voxforge_dataset/txt/cmu_us_bdl_arctic_arctic_b0342.txt
/mnt/deepspeech2_data/voxforge_dataset/wav/cmu_us_bdl_arctic_arctic_a0214.wav,/mnt/deepspeech2_data/voxforge_dataset/txt/cmu_us_bdl_arctic_arctic_a0214.txt
/mnt/deepspeech2_data/voxforge_dataset/wav/cmu_us_bdl_arctic_arctic_b0100.wav,/mnt/deepspeech2_data/voxforge_dataset/txt/cmu_us_bdl_arctic_arctic_b0100.txt
/mnt/deepspeech2_data/voxforge_dataset/wav/cmu_us_bdl_arctic_arctic_a0253.wav,/mnt/deepspeech2_data/voxforge_dataset/txt/cmu_us_bdl_arctic_arctic_a0253.txt
/mnt/deepspeech2_data/voxforge_dataset/wav/cmu_us_bdl_arctic_arctic_a0455.wav,/mnt/deepspeech2_data/voxforge_dataset/txt/cmu_us_bdl_arctic_arctic_a0455.txt
/mnt/deepspeech2_data/voxforge_dataset/wav/cmu_us_bdl_arctic_arctic_a0466.wav,/mnt/deepspeech2_data/voxforge_dataset/txt/cmu_us_bdl_arctic_arctic_a0466.txt
/mnt/deepspeech2_data/voxforge_dataset/wav/cmu_us_bdl_arctic_arctic_a0475.wav,/mnt/deepspeech2_data/voxforge_dataset/txt/cmu_us_bdl_arctic_arctic_a0475.txt
/mnt/deepspeech2_data/voxforge_dataset/wav/cmu_us_bdl_arctic_arctic_a0376.wav,/mnt/deepspeech2_data/voxforge_dataset/txt/cmu_us_bdl_arctic_arctic_a0376.txt
/mnt/deepspeech2_data/voxforge_dataset/wav/cmu_us_bdl_arctic_arctic_a0094.wav,/mnt/deepspeech2_data/voxforge_dataset/txt/cmu_us_bdl_arctic_arctic_a0094.txt
/mnt/deepspeech2_data/voxforge_dataset/wav/cmu_us_bdl_arctic_arctic_a0001.wav,/mnt/deepspeech2_data/voxforge_dataset/txt/cmu_us_bdl_arctic_arctic_a0001.txt
/mnt/deepspeech2_data/voxforge_dataset/wav/cmu_us_bdl_arctic_arctic_a0252.wav,/mnt/deepspeech2_data/voxforge_dataset/txt/cmu_us_bdl_arctic_arctic_a0252.txt
/mnt/deepspeech2_data/voxforge_dataset/wav/cmu_us_bdl_arctic_arctic_a0260.wav,/mnt/deepspeech2_data/voxforge_dataset/txt/cmu_us_bdl_arctic_arctic_a0260.txt
/mnt/deepspeech2_data/voxforge_dataset/wav/cmu_us_bdl_arctic_arctic_b0029.wav,/mnt/deepspeech2_data/voxforge_dataset/txt/cmu_us_bdl_arctic_arctic_b0029.txt
/mnt/deepspeech2_data/voxforge_dataset/wav/cmu_us_bdl_arctic_arctic_a0115.wav,/mnt/deepspeech2_data/voxforge_dataset/txt/cmu_us_bdl_arctic_arctic_a0115.txt
/mnt/deepspeech2_data/voxforge_dataset/wav/cmu_us_bdl_arctic_arctic_a0519.wav,/mnt/deepspeech2_data/voxforge_dataset/txt/cmu_us_bdl_arctic_arctic_a0519.txt
/mnt/deepspeech2_data/voxforge_dataset/wav/cmu_us_bdl_arctic_arctic_a0433.wav,/mnt/deepspeech2_data/voxforge_dataset/txt/cmu_us_bdl_arctic_arctic_a0433.txt
/mnt/deepspeech2_data/voxforge_dataset/wav/cmu_us_bdl_arctic_arctic_b0279.wav,/mnt/deepspeech2_data/voxforge_dataset/txt/cmu_us_bdl_arctic_arctic_b0279.txt
/mnt/deepspeech2_data/voxforge_dataset/wav/cmu_us_bdl_arctic_arctic_b0140.wav,/mnt/deepspeech2_data/voxforge_dataset/txt/cmu_us_bdl_arctic_arctic_b0140.txt
/mnt/deepspeech2_data/voxforge_dataset/wav/cmu_us_bdl_arctic_arctic_a0410.wav,/mnt/deepspeech2_data/voxforge_dataset/txt/cmu_us_bdl_arctic_arctic_a0410.txt
/mnt/deepspeech2_data/voxforge_dataset/wav/cmu_us_bdl_arctic_arctic_a0483.wav,/mnt/deepspeech2_data/voxforge_dataset/txt/cmu_us_bdl_arctic_arctic_a0483.txt
/mnt/deepspeech2_data/voxforge_dataset/wav/cmu_us_bdl_arctic_arctic_b0524.wav,/mnt/deepspeech2_data/voxforge_dataset/txt/cmu_us_bdl_arctic_arctic_b0524.txt
/mnt/deepspeech2_data/voxforge_dataset/wav/cmu_us_bdl_arctic_arctic_a0268.wav,/mnt/deepspeech2_data/voxforge_dataset/txt/cmu_us_bdl_arctic_arctic_a0268.txt
/mnt/deepspeech2_data/voxforge_dataset/wav/cmu_us_bdl_arctic_arctic_a0213.wav,/mnt/deepspeech2_data/voxforge_dataset/txt/cmu_us_bdl_arctic_arctic_a0213.txt
/mnt/deepspeech2_data/voxforge_dataset/wav/cmu_us_bdl_arctic_arctic_a0043.wav,/mnt/deepspeech2_data/voxforge_dataset/txt/cmu_us_bdl_arctic_arctic_a0043.txt
/mnt/deepspeech2_data/voxforge_dataset/wav/cmu_us_bdl_arctic_arctic_a0392.wav,/mnt/deepspeech2_data/voxforge_dataset/txt/cmu_us_bdl_arctic_arctic_a0392.txt
/mnt/deepspeech2_data/voxforge_dataset/wav/cmu_us_bdl_arctic_arctic_b0206.wav,/mnt/deepspeech2_data/voxforge_dataset/txt/cmu_us_bdl_arctic_arctic_b0206.txt
/mnt/deepspeech2_data/voxforge_dataset/wav/cmu_us_bdl_arctic_arctic_a0211.wav,/mnt/deepspeech2_data/voxforge_dataset/txt/cmu_us_bdl_arctic_arctic_a0211.txt
/mnt/deepspeech2_data/voxforge_dataset/wav/cmu_us_bdl_arctic_arctic_a0088.wav,/mnt/deepspeech2_data/voxforge_dataset/txt/cmu_us_bdl_arctic_arctic_a0088.txt
/mnt/deepspeech2_data/voxforge_dataset/wav/cmu_us_bdl_arctic_arctic_a0323.wav,/mnt/deepspeech2_data/voxforge_dataset/txt/cmu_us_bdl_arctic_arctic_a0323.txt
/mnt/deepspeech2_data/voxforge_dataset/wav/cmu_us_bdl_arctic_arctic_b0460.wav,/mnt/deepspeech2_data/voxforge_dataset/txt/cmu_us_bdl_arctic_arctic_b0460.txt
/mnt/deepspeech2_data/voxforge_dataset/wav/cmu_us_bdl_arctic_arctic_a0569.wav,/mnt/deepspeech2_data/voxforge_dataset/txt/cmu_us_bdl_arctic_arctic_a0569.txt
/mnt/deepspeech2_data/voxforge_dataset/wav/cmu_us_bdl_arctic_arctic_b0292.wav,/mnt/deepspeech2_data/voxforge_dataset/txt/cmu_us_bdl_arctic_arctic_b0292.txt
/mnt/deepspeech2_data/voxforge_dataset/wav/cmu_us_bdl_arctic_arctic_b0533.wav,/mnt/deepspeech2_data/voxforge_dataset/txt/cmu_us_bdl_arctic_arctic_b0533.txt
/mnt/deepspeech2_data/voxforge_dataset/wav/cmu_us_bdl_arctic_arctic_a0429.wav,/mnt/deepspeech2_data/voxforge_dataset/txt/cmu_us_bdl_arctic_arctic_a0429.txt
/mnt/deepspeech2_data/voxforge_dataset/wav/cmu_us_bdl_arctic_arctic_a0133.wav,/mnt/deepspeech2_data/voxforge_dataset/txt/cmu_us_bdl_arctic_arctic_a0133.txt
/mnt/deepspeech2_data/voxforge_dataset/wav/cmu_us_bdl_arctic_arctic_b0397.wav,/mnt/deepspeech2_data/voxforge_dataset/txt/cmu_us_bdl_arctic_arctic_b0397.txt
/mnt/deepspeech2_data/voxforge_dataset/wav/cmu_us_bdl_arctic_arctic_a0375.wav,/mnt/deepspeech2_data/voxforge_dataset/txt/cmu_us_bdl_arctic_arctic_a0375.txt
/mnt/deepspeech2_data/voxforge_dataset/wav/cmu_us_slt_arctic_arctic_a0562.wav,/mnt/deepspeech2_data/voxforge_dataset/txt/cmu_us_slt_arctic_arctic_a0562.txt
/mnt/deepspeech2_data/voxforge_dataset/wav/cmu_us_slt_arctic_arctic_a0193.wav,/mnt/deepspeech2_data/voxforge_dataset/txt/cmu_us_slt_arctic_arctic_a0193.txt
/mnt/deepspeech2_data/voxforge_dataset/wav/cmu_us_slt_arctic_arctic_a0351.wav,/mnt/deepspeech2_data/voxforge_dataset/txt/cmu_us_slt_arctic_arctic_a0351.txt
/mnt/deepspeech2_data/voxforge_dataset/wav/cmu_us_slt_arctic_arctic_a0385.wav,/mnt/deepspeech2_data/voxforge_dataset/txt/cmu_us_slt_arctic_arctic_a0385.txt
/mnt/deepspeech2_data/voxforge_dataset/wav/cmu_us_slt_arctic_arctic_b0139.wav,/mnt/deepspeech2_data/voxforge_dataset/txt/cmu_us_slt_arctic_arctic_b0139.txt
/mnt/deepspeech2_data/voxforge_dataset/wav/cmu_us_slt_arctic_arctic_b0408.wav,/mnt/deepspeech2_data/voxforge_dataset/txt/cmu_us_slt_arctic_arctic_b0408.txt
/mnt/deepspeech2_data/voxforge_dataset/wav/cmu_us_slt_arctic_arctic_a0015.wav,/mnt/deepspeech2_data/voxforge_dataset/txt/cmu_us_slt_arctic_arctic_a0015.txt
/mnt/deepspeech2_data/voxforge_dataset/wav/cmu_us_slt_arctic_arctic_b0032.wav,/mnt/deepspeech2_data/voxforge_dataset/txt/cmu_us_slt_arctic_arctic_b0032.txt
/mnt/deepspeech2_data/voxforge_dataset/wav/cmu_us_slt_arctic_arctic_b0375.wav,/mnt/deepspeech2_data/voxforge_dataset/txt/cmu_us_slt_arctic_arctic_b0375.txt
/mnt/deepspeech2_data/voxforge_dataset/wav/cmu_us_slt_arctic_arctic_a0557.wav,/mnt/deepspeech2_data/voxforge_dataset/txt/cmu_us_slt_arctic_arctic_a0557.txt
/mnt/deepspeech2_data/voxforge_dataset/wav/cmu_us_slt_arctic_arctic_a0445.wav,/mnt/deepspeech2_data/voxforge_dataset/txt/cmu_us_slt_arctic_arctic_a0445.txt
/mnt/deepspeech2_data/voxforge_dataset/wav/cmu_us_slt_arctic_arctic_b0084.wav,/mnt/deepspeech2_data/voxforge_dataset/txt/cmu_us_slt_arctic_arctic_b0084.txt
/mnt/deepspeech2_data/voxforge_dataset/wav/cmu_us_slt_arctic_arctic_b0270.wav,/mnt/deepspeech2_data/voxforge_dataset/txt/cmu_us_slt_arctic_arctic_b0270.txt
/mnt/deepspeech2_data/voxforge_dataset/wav/cmu_us_slt_arctic_arctic_b0308.wav,/mnt/deepspeech2_data/voxforge_dataset/txt/cmu_us_slt_arctic_arctic_b0308.txt
/mnt/deepspeech2_data/voxforge_dataset/wav/cmu_us_slt_arctic_arctic_b0535.wav,/mnt/deepspeech2_data/voxforge_dataset/txt/cmu_us_slt_arctic_arctic_b0535.txt
/mnt/deepspeech2_data/voxforge_dataset/wav/cmu_us_slt_arctic_arctic_b0277.wav,/mnt/deepspeech2_data/voxforge_dataset/txt/cmu_us_slt_arctic_arctic_b0277.txt
/mnt/deepspeech2_data/voxforge_dataset/wav/cmu_us_slt_arctic_arctic_b0227.wav,/mnt/deepspeech2_data/voxforge_dataset/txt/cmu_us_slt_arctic_arctic_b0227.txt
/mnt/deepspeech2_data/voxforge_dataset/wav/cmu_us_slt_arctic_arctic_a0107.wav,/mnt/deepspeech2_data/voxforge_dataset/txt/cmu_us_slt_arctic_arctic_a0107.txt
/mnt/deepspeech2_data/voxforge_dataset/wav/cmu_us_slt_arctic_arctic_a0090.wav,/mnt/deepspeech2_data/voxforge_dataset/txt/cmu_us_slt_arctic_arctic_a0090.txt
/mnt/deepspeech2_data/voxforge_dataset/wav/cmu_us_slt_arctic_arctic_a0497.wav,/mnt/deepspeech2_data/voxforge_dataset/txt/cmu_us_slt_arctic_arctic_a0497.txt
/mnt/deepspeech2_data/voxforge_dataset/wav/cmu_us_slt_arctic_arctic_b0097.wav,/mnt/deepspeech2_data/voxforge_dataset/txt/cmu_us_slt_arctic_arctic_b0097.txt
/mnt/deepspeech2_data/voxforge_dataset/wav/cmu_us_slt_arctic_arctic_b0071.wav,/mnt/deepspeech2_data/voxforge_dataset/txt/cmu_us_slt_arctic_arctic_b0071.txt
/mnt/deepspeech2_data/voxforge_dataset/wav/cmu_us_slt_arctic_arctic_a0235.wav,/mnt/deepspeech2_data/voxforge_dataset/txt/cmu_us_slt_arctic_arctic_a0235.txt
/mnt/deepspeech2_data/voxforge_dataset/wav/cmu_us_slt_arctic_arctic_a0467.wav,/mnt/deepspeech2_data/voxforge_dataset/txt/cmu_us_slt_arctic_arctic_a0467.txt
/mnt/deepspeech2_data/voxforge_dataset/wav/cmu_us_slt_arctic_arctic_b0243.wav,/mnt/deepspeech2_data/voxforge_dataset/txt/cmu_us_slt_arctic_arctic_b0243.txt
/mnt/deepspeech2_data/voxforge_dataset/wav/cmu_us_slt_arctic_arctic_b0040.wav,/mnt/deepspeech2_data/voxforge_dataset/txt/cmu_us_slt_arctic_arctic_b0040.txt
/mnt/deepspeech2_data/voxforge_dataset/wav/cmu_us_slt_arctic_arctic_a0118.wav,/mnt/deepspeech2_data/voxforge_dataset/txt/cmu_us_slt_arctic_arctic_a0118.txt
/mnt/deepspeech2_data/voxforge_dataset/wav/cmu_us_slt_arctic_arctic_a0280.wav,/mnt/deepspeech2_data/voxforge_dataset/txt/cmu_us_slt_arctic_arctic_a0280.txt
/mnt/deepspeech2_data/voxforge_dataset/wav/cmu_us_slt_arctic_arctic_a0313.wav,/mnt/deepspeech2_data/voxforge_dataset/txt/cmu_us_slt_arctic_arctic_a0313.txt
/mnt/deepspeech2_data/voxforge_dataset/wav/cmu_us_slt_arctic_arctic_b0268.wav,/mnt/deepspeech2_data/voxforge_dataset/txt/cmu_us_slt_arctic_arctic_b0268.txt
/mnt/deepspeech2_data/voxforge_dataset/wav/cmu_us_slt_arctic_arctic_a0004.wav,/mnt/deepspeech2_data/voxforge_dataset/txt/cmu_us_slt_arctic_arctic_a0004.txt
/mnt/deepspeech2_data/voxforge_dataset/wav/cmu_us_slt_arctic_arctic_a0341.wav,/mnt/deepspeech2_data/voxforge_dataset/txt/cmu_us_slt_arctic_arctic_a0341.txt
/mnt/deepspeech2_data/voxforge_dataset/wav/cmu_us_slt_arctic_arctic_a0348.wav,/mnt/deepspeech2_data/voxforge_dataset/txt/cmu_us_slt_arctic_arctic_a0348.txt
/mnt/deepspeech2_data/voxforge_dataset/wav/cmu_us_slt_arctic_arctic_b0462.wav,/mnt/deepspeech2_data/voxforge_dataset/txt/cmu_us_slt_arctic_arctic_b0462.txt
/mnt/deepspeech2_data/voxforge_dataset/wav/cmu_us_slt_arctic_arctic_b0137.wav,/mnt/deepspeech2_data/voxforge_dataset/txt/cmu_us_slt_arctic_arctic_b0137.txt
/mnt/deepspeech2_data/voxforge_dataset/wav/cmu_us_slt_arctic_arctic_a0533.wav,/mnt/deepspeech2_data/voxforge_dataset/txt/cmu_us_slt_arctic_arctic_a0533.txt
/mnt/deepspeech2_data/voxforge_dataset/wav/cmu_us_slt_arctic_arctic_a0495.wav,/mnt/deepspeech2_data/voxforge_dataset/txt/cmu_us_slt_arctic_arctic_a0495.txt
/mnt/deepspeech2_data/voxforge_dataset/wav/cmu_us_slt_arctic_arctic_a0099.wav,/mnt/deepspeech2_data/voxforge_dataset/txt/cmu_us_slt_arctic_arctic_a0099.txt
/mnt/deepspeech2_data/voxforge_dataset/wav/cmu_us_slt_arctic_arctic_a0083.wav,/mnt/deepspeech2_data/voxforge_dataset/txt/cmu_us_slt_arctic_arctic_a0083.txt
/mnt/deepspeech2_data/voxforge_dataset/wav/cmu_us_slt_arctic_arctic_a0374.wav,/mnt/deepspeech2_data/voxforge_dataset/txt/cmu_us_slt_arctic_arctic_a0374.txt
/mnt/deepspeech2_data/voxforge_dataset/wav/cmu_us_slt_arctic_arctic_a0224.wav,/mnt/deepspeech2_data/voxforge_dataset/txt/cmu_us_slt_arctic_arctic_a0224.txt
/mnt/deepspeech2_data/voxforge_dataset/wav/cmu_us_slt_arctic_arctic_a0101.wav,/mnt/deepspeech2_data/voxforge_dataset/txt/cmu_us_slt_arctic_arctic_a0101.txt
/mnt/deepspeech2_data/voxforge_dataset/wav/cmu_us_slt_arctic_arctic_a0584.wav,/mnt/deepspeech2_data/voxforge_dataset/txt/cmu_us_slt_arctic_arctic_a0584.txt
/mnt/deepspeech2_data/voxforge_dataset/wav/cmu_us_slt_arctic_arctic_b0217.wav,/mnt/deepspeech2_data/voxforge_dataset/txt/cmu_us_slt_arctic_arctic_b0217.txt
/mnt/deepspeech2_data/voxforge_dataset/wav/cmu_us_slt_arctic_arctic_a0572.wav,/mnt/deepspeech2_data/voxforge_dataset/txt/cmu_us_slt_arctic_arctic_a0572.txt
/mnt/deepspeech2_data/voxforge_dataset/wav/cmu_us_slt_arctic_arctic_b0214.wav,/mnt/deepspeech2_data/voxforge_dataset/txt/cmu_us_slt_arctic_arctic_b0214.txt
/mnt/deepspeech2_data/voxforge_dataset/wav/cmu_us_slt_arctic_arctic_b0081.wav,/mnt/deepspeech2_data/voxforge_dataset/txt/cmu_us_slt_arctic_arctic_b0081.txt
/mnt/deepspeech2_data/voxforge_dataset/wav/cmu_us_slt_arctic_arctic_b0390.wav,/mnt/deepspeech2_data/voxforge_dataset/txt/cmu_us_slt_arctic_arctic_b0390.txt
/mnt/deepspeech2_data/voxforge_dataset/wav/cmu_us_slt_arctic_arctic_b0295.wav,/mnt/deepspeech2_data/voxforge_dataset/txt/cmu_us_slt_arctic_arctic_b0295.txt
/mnt/deepspeech2_data/voxforge_dataset/wav/cmu_us_slt_arctic_arctic_b0161.wav,/mnt/deepspeech2_data/voxforge_dataset/txt/cmu_us_slt_arctic_arctic_b0161.txt
/mnt/deepspeech2_data/voxforge_dataset/wav/cmu_us_slt_arctic_arctic_a0063.wav,/mnt/deepspeech2_data/voxforge_dataset/txt/cmu_us_slt_arctic_arctic_a0063.txt
/mnt/deepspeech2_data/voxforge_dataset/wav/cmu_us_slt_arctic_arctic_a0056.wav,/mnt/deepspeech2_data/voxforge_dataset/txt/cmu_us_slt_arctic_arctic_a0056.txt
/mnt/deepspeech2_data/voxforge_dataset/wav/cmu_us_slt_arctic_arctic_a0014.wav,/mnt/deepspeech2_data/voxforge_dataset/txt/cmu_us_slt_arctic_arctic_a0014.txt
/mnt/deepspeech2_data/voxforge_dataset/wav/cmu_us_slt_arctic_arctic_b0096.wav,/mnt/deepspeech2_data/voxforge_dataset/txt/cmu_us_slt_arctic_arctic_b0096.txt
/mnt/deepspeech2_data/voxforge_dataset/wav/cmu_us_slt_arctic_arctic_b0146.wav,/mnt/deepspeech2_data/voxforge_dataset/txt/cmu_us_slt_arctic_arctic_b0146.txt
/mnt/deepspeech2_data/voxforge_dataset/wav/cmu_us_slt_arctic_arctic_b0216.wav,/mnt/deepspeech2_data/voxforge_dataset/txt/cmu_us_slt_arctic_arctic_b0216.txt
/mnt/deepspeech2_data/voxforge_dataset/wav/cmu_us_slt_arctic_arctic_b0512.wav,/mnt/deepspeech2_data/voxforge_dataset/txt/cmu_us_slt_arctic_arctic_b0512.txt
/mnt/deepspeech2_data/voxforge_dataset/wav/cmu_us_slt_arctic_arctic_a0231.wav,/mnt/deepspeech2_data/voxforge_dataset/txt/cmu_us_slt_arctic_arctic_a0231.txt
/mnt/deepspeech2_data/voxforge_dataset/wav/cmu_us_slt_arctic_arctic_a0500.wav,/mnt/deepspeech2_data/voxforge_dataset/txt/cmu_us_slt_arctic_arctic_a0500.txt
/mnt/deepspeech2_data/voxforge_dataset/wav/cmu_us_slt_arctic_arctic_a0204.wav,/mnt/deepspeech2_data/voxforge_dataset/txt/cmu_us_slt_arctic_arctic_a0204.txt
/mnt/deepspeech2_data/voxforge_dataset/wav/cmu_us_slt_arctic_arctic_a0295.wav,/mnt/deepspeech2_data/voxforge_dataset/txt/cmu_us_slt_arctic_arctic_a0295.txt
/mnt/deepspeech2_data/voxforge_dataset/wav/cmu_us_slt_arctic_arctic_b0089.wav,/mnt/deepspeech2_data/voxforge_dataset/txt/cmu_us_slt_arctic_arctic_b0089.txt
/mnt/deepspeech2_data/voxforge_dataset/wav/cmu_us_slt_arctic_arctic_a0267.wav,/mnt/deepspeech2_data/voxforge_dataset/txt/cmu_us_slt_arctic_arctic_a0267.txt
/mnt/deepspeech2_data/voxforge_dataset/wav/cmu_us_slt_arctic_arctic_a0403.wav,/mnt/deepspeech2_data/voxforge_dataset/txt/cmu_us_slt_arctic_arctic_a0403.txt
/mnt/deepspeech2_data/voxforge_dataset/wav/cmu_us_slt_arctic_arctic_b0226.wav,/mnt/deepspeech2_data/voxforge_dataset/txt/cmu_us_slt_arctic_arctic_b0226.txt
/mnt/deepspeech2_data/voxforge_dataset/wav/cmu_us_slt_arctic_arctic_a0176.wav,/mnt/deepspeech2_data/voxforge_dataset/txt/cmu_us_slt_arctic_arctic_a0176.txt
/mnt/deepspeech2_data/voxforge_dataset/wav/cmu_us_slt_arctic_arctic_b0080.wav,/mnt/deepspeech2_data/voxforge_dataset/txt/cmu_us_slt_arctic_arctic_b0080.txt
/mnt/deepspeech2_data/voxforge_dataset/wav/cmu_us_slt_arctic_arctic_b0509.wav,/mnt/deepspeech2_data/voxforge_dataset/txt/cmu_us_slt_arctic_arctic_b0509.txt
/mnt/deepspeech2_data/voxforge_dataset/wav/cmu_us_slt_arctic_arctic_a0156.wav,/mnt/deepspeech2_data/voxforge_dataset/txt/cmu_us_slt_arctic_arctic_a0156.txt
/mnt/deepspeech2_data/voxforge_dataset/wav/cmu_us_slt_arctic_arctic_b0494.wav,/mnt/deepspeech2_data/voxforge_dataset/txt/cmu_us_slt_arctic_arctic_b0494.txt
/mnt/deepspeech2_data/voxforge_dataset/wav/cmu_us_slt_arctic_arctic_a0335.wav,/mnt/deepspeech2_data/voxforge_dataset/txt/cmu_us_slt_arctic_arctic_a0335.txt
/mnt/deepspeech2_data/voxforge_dataset/wav/cmu_us_slt_arctic_arctic_a0135.wav,/mnt/deepspeech2_data/voxforge_dataset/txt/cmu_us_slt_arctic_arctic_a0135.txt
/mnt/deepspeech2_data/voxforge_dataset/wav/cmu_us_slt_arctic_arctic_b0028.wav,/mnt/deepspeech2_data/voxforge_dataset/txt/cmu_us_slt_arctic_arctic_b0028.txt
/mnt/deepspeech2_data/voxforge_dataset/wav/cmu_us_slt_arctic_arctic_a0568.wav,/mnt/deepspeech2_data/voxforge_dataset/txt/cmu_us_slt_arctic_arctic_a0568.txt
/mnt/deepspeech2_data/voxforge_dataset/wav/cmu_us_slt_arctic_arctic_a0034.wav,/mnt/deepspeech2_data/voxforge_dataset/txt/cmu_us_slt_arctic_arctic_a0034.txt
/mnt/deepspeech2_data/voxforge_dataset/wav/cmu_us_slt_arctic_arctic_b0469.wav,/mnt/deepspeech2_data/voxforge_dataset/txt/cmu_us_slt_arctic_arctic_b0469.txt
/mnt/deepspeech2_data/voxforge_dataset/wav/cmu_us_slt_arctic_arctic_b0100.wav,/mnt/deepspeech2_data/voxforge_dataset/txt/cmu_us_slt_arctic_arctic_b0100.txt
/mnt/deepspeech2_data/voxforge_dataset/wav/cmu_us_slt_arctic_arctic_a0214.wav,/mnt/deepspeech2_data/voxforge_dataset/txt/cmu_us_slt_arctic_arctic_a0214.txt
/mnt/deepspeech2_data/voxforge_dataset/wav/cmu_us_slt_arctic_arctic_a0540.wav,/mnt/deepspeech2_data/voxforge_dataset/txt/cmu_us_slt_arctic_arctic_a0540.txt
/mnt/deepspeech2_data/voxforge_dataset/wav/cmu_us_slt_arctic_arctic_a0001.wav,/mnt/deepspeech2_data/voxforge_dataset/txt/cmu_us_slt_arctic_arctic_a0001.txt
/mnt/deepspeech2_data/voxforge_dataset/wav/cmu_us_slt_arctic_arctic_a0350.wav,/mnt/deepspeech2_data/voxforge_dataset/txt/cmu_us_slt_arctic_arctic_a0350.txt
/mnt/deepspeech2_data/voxforge_dataset/wav/cmu_us_slt_arctic_arctic_b0020.wav,/mnt/deepspeech2_data/voxforge_dataset/txt/cmu_us_slt_arctic_arctic_b0020.txt
/mnt/deepspeech2_data/voxforge_dataset/wav/cmu_us_slt_arctic_arctic_b0525.wav,/mnt/deepspeech2_data/voxforge_dataset/txt/cmu_us_slt_arctic_arctic_b0525.txt
/mnt/deepspeech2_data/voxforge_dataset/wav/cmu_us_slt_arctic_arctic_b0386.wav,/mnt/deepspeech2_data/voxforge_dataset/txt/cmu_us_slt_arctic_arctic_b0386.txt
/mnt/deepspeech2_data/voxforge_dataset/wav/cmu_us_slt_arctic_arctic_a0538.wav,/mnt/deepspeech2_data/voxforge_dataset/txt/cmu_us_slt_arctic_arctic_a0538.txt
/mnt/deepspeech2_data/voxforge_dataset/wav/cmu_us_slt_arctic_arctic_b0486.wav,/mnt/deepspeech2_data/voxforge_dataset/txt/cmu_us_slt_arctic_arctic_b0486.txt
/mnt/deepspeech2_data/voxforge_dataset/wav/cmu_us_slt_arctic_arctic_b0440.wav,/mnt/deepspeech2_data/voxforge_dataset/txt/cmu_us_slt_arctic_arctic_b0440.txt
/mnt/deepspeech2_data/voxforge_dataset/wav/cmu_us_slt_arctic_arctic_a0013.wav,/mnt/deepspeech2_data/voxforge_dataset/txt/cmu_us_slt_arctic_arctic_a0013.txt
/mnt/deepspeech2_data/voxforge_dataset/wav/cmu_us_slt_arctic_arctic_b0017.wav,/mnt/deepspeech2_data/voxforge_dataset/txt/cmu_us_slt_arctic_arctic_b0017.txt
/mnt/deepspeech2_data/voxforge_dataset/wav/cmu_us_slt_arctic_arctic_b0199.wav,/mnt/deepspeech2_data/voxforge_dataset/txt/cmu_us_slt_arctic_arctic_b0199.txt
/mnt/deepspeech2_data/voxforge_dataset/wav/cmu_us_slt_arctic_arctic_b0461.wav,/mnt/deepspeech2_data/voxforge_dataset/txt/cmu_us_slt_arctic_arctic_b0461.txt
/mnt/deepspeech2_data/voxforge_dataset/wav/cmu_us_slt_arctic_arctic_a0087.wav,/mnt/deepspeech2_data/voxforge_dataset/txt/cmu_us_slt_arctic_arctic_a0087.txt
/mnt/deepspeech2_data/voxforge_dataset/wav/cmu_us_slt_arctic_arctic_a0033.wav,/mnt/deepspeech2_data/voxforge_dataset/txt/cmu_us_slt_arctic_arctic_a0033.txt
/mnt/deepspeech2_data/voxforge_dataset/wav/cmu_us_slt_arctic_arctic_a0246.wav,/mnt/deepspeech2_data/voxforge_dataset/txt/cmu_us_slt_arctic_arctic_a0246.txt
/mnt/deepspeech2_data/voxforge_dataset/wav/cmu_us_slt_arctic_arctic_a0576.wav,/mnt/deepspeech2_data/voxforge_dataset/txt/cmu_us_slt_arctic_arctic_a0576.txt
/mnt/deepspeech2_data/voxforge_dataset/wav/cmu_us_slt_arctic_arctic_a0332.wav,/mnt/deepspeech2_data/voxforge_dataset/txt/cmu_us_slt_arctic_arctic_a0332.txt
/mnt/deepspeech2_data/voxforge_dataset/wav/cmu_us_slt_arctic_arctic_a0416.wav,/mnt/deepspeech2_data/voxforge_dataset/txt/cmu_us_slt_arctic_arctic_a0416.txt
/mnt/deepspeech2_data/voxforge_dataset/wav/cmu_us_slt_arctic_arctic_a0439.wav,/mnt/deepspeech2_data/voxforge_dataset/txt/cmu_us_slt_arctic_arctic_a0439.txt
/mnt/deepspeech2_data/voxforge_dataset/wav/cmu_us_slt_arctic_arctic_b0414.wav,/mnt/deepspeech2_data/voxforge_dataset/txt/cmu_us_slt_arctic_arctic_b0414.txt
/mnt/deepspeech2_data/voxforge_dataset/wav/cmu_us_slt_arctic_arctic_a0219.wav,/mnt/deepspeech2_data/voxforge_dataset/txt/cmu_us_slt_arctic_arctic_a0219.txt
/mnt/deepspeech2_data/voxforge_dataset/wav/cmu_us_slt_arctic_arctic_a0153.wav,/mnt/deepspeech2_data/voxforge_dataset/txt/cmu_us_slt_arctic_arctic_a0153.txt
/mnt/deepspeech2_data/voxforge_dataset/wav/cmu_us_slt_arctic_arctic_a0558.wav,/mnt/deepspeech2_data/voxforge_dataset/txt/cmu_us_slt_arctic_arctic_a0558.txt
/mnt/deepspeech2_data/voxforge_dataset/wav/cmu_us_slt_arctic_arctic_a0149.wav,/mnt/deepspeech2_data/voxforge_dataset/txt/cmu_us_slt_arctic_arctic_a0149.txt
/mnt/deepspeech2_data/voxforge_dataset/wav/cmu_us_slt_arctic_arctic_a0395.wav,/mnt/deepspeech2_data/voxforge_dataset/txt/cmu_us_slt_arctic_arctic_a0395.txt
/mnt/deepspeech2_data/voxforge_dataset/wav/cmu_us_slt_arctic_arctic_b0124.wav,/mnt/deepspeech2_data/voxforge_dataset/txt/cmu_us_slt_arctic_arctic_b0124.txt
/mnt/deepspeech2_data/voxforge_dataset/wav/cmu_us_slt_arctic_arctic_a0027.wav,/mnt/deepspeech2_data/voxforge_dataset/txt/cmu_us_slt_arctic_arctic_a0027.txt
/mnt/deepspeech2_data/voxforge_dataset/wav/cmu_us_slt_arctic_arctic_a0369.wav,/mnt/deepspeech2_data/voxforge_dataset/txt/cmu_us_slt_arctic_arctic_a0369.txt
/mnt/deepspeech2_data/voxforge_dataset/wav/cmu_us_slt_arctic_arctic_b0453.wav,/mnt/deepspeech2_data/voxforge_dataset/txt/cmu_us_slt_arctic_arctic_b0453.txt
/mnt/deepspeech2_data/voxforge_dataset/wav/cmu_us_slt_arctic_arctic_a0022.wav,/mnt/deepspeech2_data/voxforge_dataset/txt/cmu_us_slt_arctic_arctic_a0022.txt
/mnt/deepspeech2_data/voxforge_dataset/wav/cmu_us_slt_arctic_arctic_b0516.wav,/mnt/deepspeech2_data/voxforge_dataset/txt/cmu_us_slt_arctic_arctic_b0516.txt
/mnt/deepspeech2_data/voxforge_dataset/wav/cmu_us_slt_arctic_arctic_b0421.wav,/mnt/deepspeech2_data/voxforge_dataset/txt/cmu_us_slt_arctic_arctic_b0421.txt
/mnt/deepspeech2_data/voxforge_dataset/wav/cmu_us_slt_arctic_arctic_a0543.wav,/mnt/deepspeech2_data/voxforge_dataset/txt/cmu_us_slt_arctic_arctic_a0543.txt
/mnt/deepspeech2_data/voxforge_dataset/wav/cmu_us_slt_arctic_arctic_b0384.wav,/mnt/deepspeech2_data/voxforge_dataset/txt/cmu_us_slt_arctic_arctic_b0384.txt
/mnt/deepspeech2_data/voxforge_dataset/wav/cmu_us_clb_arctic_arctic_a0484.wav,/mnt/deepspeech2_data/voxforge_dataset/txt/cmu_us_clb_arctic_arctic_a0484.txt
/mnt/deepspeech2_data/voxforge_dataset/wav/cmu_us_clb_arctic_arctic_a0379.wav,/mnt/deepspeech2_data/voxforge_dataset/txt/cmu_us_clb_arctic_arctic_a0379.txt
/mnt/deepspeech2_data/voxforge_dataset/wav/cmu_us_clb_arctic_arctic_a0240.wav,/mnt/deepspeech2_data/voxforge_dataset/txt/cmu_us_clb_arctic_arctic_a0240.txt
/mnt/deepspeech2_data/voxforge_dataset/wav/cmu_us_clb_arctic_arctic_a0579.wav,/mnt/deepspeech2_data/voxforge_dataset/txt/cmu_us_clb_arctic_arctic_a0579.txt
/mnt/deepspeech2_data/voxforge_dataset/wav/cmu_us_clb_arctic_arctic_a0399.wav,/mnt/deepspeech2_data/voxforge_dataset/txt/cmu_us_clb_arctic_arctic_a0399.txt
/mnt/deepspeech2_data/voxforge_dataset/wav/cmu_us_clb_arctic_arctic_b0032.wav,/mnt/deepspeech2_data/voxforge_dataset/txt/cmu_us_clb_arctic_arctic_b0032.txt
/mnt/deepspeech2_data/voxforge_dataset/wav/cmu_us_clb_arctic_arctic_b0511.wav,/mnt/deepspeech2_data/voxforge_dataset/txt/cmu_us_clb_arctic_arctic_b0511.txt
/mnt/deepspeech2_data/voxforge_dataset/wav/cmu_us_clb_arctic_arctic_b0154.wav,/mnt/deepspeech2_data/voxforge_dataset/txt/cmu_us_clb_arctic_arctic_b0154.txt
/mnt/deepspeech2_data/voxforge_dataset/wav/cmu_us_clb_arctic_arctic_b0139.wav,/mnt/deepspeech2_data/voxforge_dataset/txt/cmu_us_clb_arctic_arctic_b0139.txt
/mnt/deepspeech2_data/voxforge_dataset/wav/cmu_us_clb_arctic_arctic_a0130.wav,/mnt/deepspeech2_data/voxforge_dataset/txt/cmu_us_clb_arctic_arctic_a0130.txt
/mnt/deepspeech2_data/voxforge_dataset/wav/cmu_us_clb_arctic_arctic_b0329.wav,/mnt/deepspeech2_data/voxforge_dataset/txt/cmu_us_clb_arctic_arctic_b0329.txt
/mnt/deepspeech2_data/voxforge_dataset/wav/cmu_us_clb_arctic_arctic_a0534.wav,/mnt/deepspeech2_data/voxforge_dataset/txt/cmu_us_clb_arctic_arctic_a0534.txt
/mnt/deepspeech2_data/voxforge_dataset/wav/cmu_us_clb_arctic_arctic_a0031.wav,/mnt/deepspeech2_data/voxforge_dataset/txt/cmu_us_clb_arctic_arctic_a0031.txt
/mnt/deepspeech2_data/voxforge_dataset/wav/cmu_us_clb_arctic_arctic_b0325.wav,/mnt/deepspeech2_data/voxforge_dataset/txt/cmu_us_clb_arctic_arctic_b0325.txt
/mnt/deepspeech2_data/voxforge_dataset/wav/cmu_us_clb_arctic_arctic_a0052.wav,/mnt/deepspeech2_data/voxforge_dataset/txt/cmu_us_clb_arctic_arctic_a0052.txt
/mnt/deepspeech2_data/voxforge_dataset/wav/cmu_us_clb_arctic_arctic_b0285.wav,/mnt/deepspeech2_data/voxforge_dataset/txt/cmu_us_clb_arctic_arctic_b0285.txt
/mnt/deepspeech2_data/voxforge_dataset/wav/cmu_us_clb_arctic_arctic_b0357.wav,/mnt/deepspeech2_data/voxforge_dataset/txt/cmu_us_clb_arctic_arctic_b0357.txt
/mnt/deepspeech2_data/voxforge_dataset/wav/cmu_us_clb_arctic_arctic_a0226.wav,/mnt/deepspeech2_data/voxforge_dataset/txt/cmu_us_clb_arctic_arctic_a0226.txt
/mnt/deepspeech2_data/voxforge_dataset/wav/cmu_us_clb_arctic_arctic_b0021.wav,/mnt/deepspeech2_data/voxforge_dataset/txt/cmu_us_clb_arctic_arctic_b0021.txt
/mnt/deepspeech2_data/voxforge_dataset/wav/cmu_us_clb_arctic_arctic_b0152.wav,/mnt/deepspeech2_data/voxforge_dataset/txt/cmu_us_clb_arctic_arctic_b0152.txt
/mnt/deepspeech2_data/voxforge_dataset/wav/cmu_us_clb_arctic_arctic_b0036.wav,/mnt/deepspeech2_data/voxforge_dataset/txt/cmu_us_clb_arctic_arctic_b0036.txt
/mnt/deepspeech2_data/voxforge_dataset/wav/cmu_us_clb_arctic_arctic_a0181.wav,/mnt/deepspeech2_data/voxforge_dataset/txt/cmu_us_clb_arctic_arctic_a0181.txt
/mnt/deepspeech2_data/voxforge_dataset/wav/cmu_us_clb_arctic_arctic_b0456.wav,/mnt/deepspeech2_data/voxforge_dataset/txt/cmu_us_clb_arctic_arctic_b0456.txt
/mnt/deepspeech2_data/voxforge_dataset/wav/cmu_us_clb_arctic_arctic_b0175.wav,/mnt/deepspeech2_data/voxforge_dataset/txt/cmu_us_clb_arctic_arctic_b0175.txt
/mnt/deepspeech2_data/voxforge_dataset/wav/cmu_us_clb_arctic_arctic_a0516.wav,/mnt/deepspeech2_data/voxforge_dataset/txt/cmu_us_clb_arctic_arctic_a0516.txt
/mnt/deepspeech2_data/voxforge_dataset/wav/cmu_us_clb_arctic_arctic_b0309.wav,/mnt/deepspeech2_data/voxforge_dataset/txt/cmu_us_clb_arctic_arctic_b0309.txt
/mnt/deepspeech2_data/voxforge_dataset/wav/cmu_us_clb_arctic_arctic_b0328.wav,/mnt/deepspeech2_data/voxforge_dataset/txt/cmu_us_clb_arctic_arctic_b0328.txt
/mnt/deepspeech2_data/voxforge_dataset/wav/cmu_us_clb_arctic_arctic_a0206.wav,/mnt/deepspeech2_data/voxforge_dataset/txt/cmu_us_clb_arctic_arctic_a0206.txt
/mnt/deepspeech2_data/voxforge_dataset/wav/cmu_us_clb_arctic_arctic_a0041.wav,/mnt/deepspeech2_data/voxforge_dataset/txt/cmu_us_clb_arctic_arctic_a0041.txt
/mnt/deepspeech2_data/voxforge_dataset/wav/cmu_us_clb_arctic_arctic_a0162.wav,/mnt/deepspeech2_data/voxforge_dataset/txt/cmu_us_clb_arctic_arctic_a0162.txt
/mnt/deepspeech2_data/voxforge_dataset/wav/cmu_us_clb_arctic_arctic_a0551.wav,/mnt/deepspeech2_data/voxforge_dataset/txt/cmu_us_clb_arctic_arctic_a0551.txt
/mnt/deepspeech2_data/voxforge_dataset/wav/cmu_us_clb_arctic_arctic_a0486.wav,/mnt/deepspeech2_data/voxforge_dataset/txt/cmu_us_clb_arctic_arctic_a0486.txt
/mnt/deepspeech2_data/voxforge_dataset/wav/cmu_us_clb_arctic_arctic_a0068.wav,/mnt/deepspeech2_data/voxforge_dataset/txt/cmu_us_clb_arctic_arctic_a0068.txt
/mnt/deepspeech2_data/voxforge_dataset/wav/cmu_us_clb_arctic_arctic_b0466.wav,/mnt/deepspeech2_data/voxforge_dataset/txt/cmu_us_clb_arctic_arctic_b0466.txt
/mnt/deepspeech2_data/voxforge_dataset/wav/cmu_us_clb_arctic_arctic_a0584.wav,/mnt/deepspeech2_data/voxforge_dataset/txt/cmu_us_clb_arctic_arctic_a0584.txt
/mnt/deepspeech2_data/voxforge_dataset/wav/cmu_us_clb_arctic_arctic_a0123.wav,/mnt/deepspeech2_data/voxforge_dataset/txt/cmu_us_clb_arctic_arctic_a0123.txt
/mnt/deepspeech2_data/voxforge_dataset/wav/cmu_us_clb_arctic_arctic_a0089.wav,/mnt/deepspeech2_data/voxforge_dataset/txt/cmu_us_clb_arctic_arctic_a0089.txt
/mnt/deepspeech2_data/voxforge_dataset/wav/cmu_us_clb_arctic_arctic_a0165.wav,/mnt/deepspeech2_data/voxforge_dataset/txt/cmu_us_clb_arctic_arctic_a0165.txt
/mnt/deepspeech2_data/voxforge_dataset/wav/cmu_us_clb_arctic_arctic_a0334.wav,/mnt/deepspeech2_data/voxforge_dataset/txt/cmu_us_clb_arctic_arctic_a0334.txt
/mnt/deepspeech2_data/voxforge_dataset/wav/cmu_us_clb_arctic_arctic_b0138.wav,/mnt/deepspeech2_data/voxforge_dataset/txt/cmu_us_clb_arctic_arctic_b0138.txt
/mnt/deepspeech2_data/voxforge_dataset/wav/cmu_us_clb_arctic_arctic_a0436.wav,/mnt/deepspeech2_data/voxforge_dataset/txt/cmu_us_clb_arctic_arctic_a0436.txt
/mnt/deepspeech2_data/voxforge_dataset/wav/cmu_us_clb_arctic_arctic_b0514.wav,/mnt/deepspeech2_data/voxforge_dataset/txt/cmu_us_clb_arctic_arctic_b0514.txt
/mnt/deepspeech2_data/voxforge_dataset/wav/cmu_us_clb_arctic_arctic_b0129.wav,/mnt/deepspeech2_data/voxforge_dataset/txt/cmu_us_clb_arctic_arctic_b0129.txt
/mnt/deepspeech2_data/voxforge_dataset/wav/cmu_us_clb_arctic_arctic_a0592.wav,/mnt/deepspeech2_data/voxforge_dataset/txt/cmu_us_clb_arctic_arctic_a0592.txt
/mnt/deepspeech2_data/voxforge_dataset/wav/cmu_us_clb_arctic_arctic_a0493.wav,/mnt/deepspeech2_data/voxforge_dataset/txt/cmu_us_clb_arctic_arctic_a0493.txt
/mnt/deepspeech2_data/voxforge_dataset/wav/cmu_us_clb_arctic_arctic_a0530.wav,/mnt/deepspeech2_data/voxforge_dataset/txt/cmu_us_clb_arctic_arctic_a0530.txt
/mnt/deepspeech2_data/voxforge_dataset/wav/cmu_us_clb_arctic_arctic_a0567.wav,/mnt/deepspeech2_data/voxforge_dataset/txt/cmu_us_clb_arctic_arctic_a0567.txt
/mnt/deepspeech2_data/voxforge_dataset/wav/cmu_us_clb_arctic_arctic_a0494.wav,/mnt/deepspeech2_data/voxforge_dataset/txt/cmu_us_clb_arctic_arctic_a0494.txt
/mnt/deepspeech2_data/voxforge_dataset/wav/cmu_us_clb_arctic_arctic_b0423.wav,/mnt/deepspeech2_data/voxforge_dataset/txt/cmu_us_clb_arctic_arctic_b0423.txt
/mnt/deepspeech2_data/voxforge_dataset/wav/cmu_us_clb_arctic_arctic_b0394.wav,/mnt/deepspeech2_data/voxforge_dataset/txt/cmu_us_clb_arctic_arctic_b0394.txt
/mnt/deepspeech2_data/voxforge_dataset/wav/cmu_us_clb_arctic_arctic_b0417.wav,/mnt/deepspeech2_data/voxforge_dataset/txt/cmu_us_clb_arctic_arctic_b0417.txt
/mnt/deepspeech2_data/voxforge_dataset/wav/cmu_us_clb_arctic_arctic_b0080.wav,/mnt/deepspeech2_data/voxforge_dataset/txt/cmu_us_clb_arctic_arctic_b0080.txt
/mnt/deepspeech2_data/voxforge_dataset/wav/cmu_us_clb_arctic_arctic_b0155.wav,/mnt/deepspeech2_data/voxforge_dataset/txt/cmu_us_clb_arctic_arctic_b0155.txt
/mnt/deepspeech2_data/voxforge_dataset/wav/cmu_us_clb_arctic_arctic_b0087.wav,/mnt/deepspeech2_data/voxforge_dataset/txt/cmu_us_clb_arctic_arctic_b0087.txt
/mnt/deepspeech2_data/voxforge_dataset/wav/cmu_us_clb_arctic_arctic_b0289.wav,/mnt/deepspeech2_data/voxforge_dataset/txt/cmu_us_clb_arctic_arctic_b0289.txt
/mnt/deepspeech2_data/voxforge_dataset/wav/cmu_us_clb_arctic_arctic_b0094.wav,/mnt/deepspeech2_data/voxforge_dataset/txt/cmu_us_clb_arctic_arctic_b0094.txt
/mnt/deepspeech2_data/voxforge_dataset/wav/cmu_us_clb_arctic_arctic_b0114.wav,/mnt/deepspeech2_data/voxforge_dataset/txt/cmu_us_clb_arctic_arctic_b0114.txt
/mnt/deepspeech2_data/voxforge_dataset/wav/cmu_us_clb_arctic_arctic_b0240.wav,/mnt/deepspeech2_data/voxforge_dataset/txt/cmu_us_clb_arctic_arctic_b0240.txt
/mnt/deepspeech2_data/voxforge_dataset/wav/cmu_us_clb_arctic_arctic_a0227.wav,/mnt/deepspeech2_data/voxforge_dataset/txt/cmu_us_clb_arctic_arctic_a0227.txt
/mnt/deepspeech2_data/voxforge_dataset/wav/cmu_us_clb_arctic_arctic_b0056.wav,/mnt/deepspeech2_data/voxforge_dataset/txt/cmu_us_clb_arctic_arctic_b0056.txt
/mnt/deepspeech2_data/voxforge_dataset/wav/cmu_us_clb_arctic_arctic_b0395.wav,/mnt/deepspeech2_data/voxforge_dataset/txt/cmu_us_clb_arctic_arctic_b0395.txt
/mnt/deepspeech2_data/voxforge_dataset/wav/cmu_us_clb_arctic_arctic_b0163.wav,/mnt/deepspeech2_data/voxforge_dataset/txt/cmu_us_clb_arctic_arctic_b0163.txt
/mnt/deepspeech2_data/voxforge_dataset/wav/cmu_us_clb_arctic_arctic_a0168.wav,/mnt/deepspeech2_data/voxforge_dataset/txt/cmu_us_clb_arctic_arctic_a0168.txt
/mnt/deepspeech2_data/voxforge_dataset/wav/cmu_us_clb_arctic_arctic_b0157.wav,/mnt/deepspeech2_data/voxforge_dataset/txt/cmu_us_clb_arctic_arctic_b0157.txt
/mnt/deepspeech2_data/voxforge_dataset/wav/cmu_us_clb_arctic_arctic_b0234.wav,/mnt/deepspeech2_data/voxforge_dataset/txt/cmu_us_clb_arctic_arctic_b0234.txt
/mnt/deepspeech2_data/voxforge_dataset/wav/cmu_us_clb_arctic_arctic_b0461.wav,/mnt/deepspeech2_data/voxforge_dataset/txt/cmu_us_clb_arctic_arctic_b0461.txt
/mnt/deepspeech2_data/voxforge_dataset/wav/cmu_us_clb_arctic_arctic_a0189.wav,/mnt/deepspeech2_data/voxforge_dataset/txt/cmu_us_clb_arctic_arctic_a0189.txt
/mnt/deepspeech2_data/voxforge_dataset/wav/cmu_us_clb_arctic_arctic_a0214.wav,/mnt/deepspeech2_data/voxforge_dataset/txt/cmu_us_clb_arctic_arctic_a0214.txt
/mnt/deepspeech2_data/voxforge_dataset/wav/cmu_us_clb_arctic_arctic_a0446.wav,/mnt/deepspeech2_data/voxforge_dataset/txt/cmu_us_clb_arctic_arctic_a0446.txt
/mnt/deepspeech2_data/voxforge_dataset/wav/cmu_us_clb_arctic_arctic_b0063.wav,/mnt/deepspeech2_data/voxforge_dataset/txt/cmu_us_clb_arctic_arctic_b0063.txt
/mnt/deepspeech2_data/voxforge_dataset/wav/cmu_us_clb_arctic_arctic_a0376.wav,/mnt/deepspeech2_data/voxforge_dataset/txt/cmu_us_clb_arctic_arctic_a0376.txt
/mnt/deepspeech2_data/voxforge_dataset/wav/cmu_us_clb_arctic_arctic_b0100.wav,/mnt/deepspeech2_data/voxforge_dataset/txt/cmu_us_clb_arctic_arctic_b0100.txt
/mnt/deepspeech2_data/voxforge_dataset/wav/cmu_us_clb_arctic_arctic_a0463.wav,/mnt/deepspeech2_data/voxforge_dataset/txt/cmu_us_clb_arctic_arctic_a0463.txt
/mnt/deepspeech2_data/voxforge_dataset/wav/cmu_us_clb_arctic_arctic_a0564.wav,/mnt/deepspeech2_data/voxforge_dataset/txt/cmu_us_clb_arctic_arctic_a0564.txt
/mnt/deepspeech2_data/voxforge_dataset/wav/cmu_us_clb_arctic_arctic_a0512.wav,/mnt/deepspeech2_data/voxforge_dataset/txt/cmu_us_clb_arctic_arctic_a0512.txt
/mnt/deepspeech2_data/voxforge_dataset/wav/cmu_us_clb_arctic_arctic_b0006.wav,/mnt/deepspeech2_data/voxforge_dataset/txt/cmu_us_clb_arctic_arctic_b0006.txt
/mnt/deepspeech2_data/voxforge_dataset/wav/cmu_us_clb_arctic_arctic_b0326.wav,/mnt/deepspeech2_data/voxforge_dataset/txt/cmu_us_clb_arctic_arctic_b0326.txt
/mnt/deepspeech2_data/voxforge_dataset/wav/cmu_us_clb_arctic_arctic_a0583.wav,/mnt/deepspeech2_data/voxforge_dataset/txt/cmu_us_clb_arctic_arctic_a0583.txt
/mnt/deepspeech2_data/voxforge_dataset/wav/cmu_us_clb_arctic_arctic_a0556.wav,/mnt/deepspeech2_data/voxforge_dataset/txt/cmu_us_clb_arctic_arctic_a0556.txt
/mnt/deepspeech2_data/voxforge_dataset/wav/cmu_us_clb_arctic_arctic_b0255.wav,/mnt/deepspeech2_data/voxforge_dataset/txt/cmu_us_clb_arctic_arctic_b0255.txt
/mnt/deepspeech2_data/voxforge_dataset/wav/cmu_us_clb_arctic_arctic_b0074.wav,/mnt/deepspeech2_data/voxforge_dataset/txt/cmu_us_clb_arctic_arctic_b0074.txt
/mnt/deepspeech2_data/voxforge_dataset/wav/cmu_us_clb_arctic_arctic_a0253.wav,/mnt/deepspeech2_data/voxforge_dataset/txt/cmu_us_clb_arctic_arctic_a0253.txt
/mnt/deepspeech2_data/voxforge_dataset/wav/cmu_us_clb_arctic_arctic_a0260.wav,/mnt/deepspeech2_data/voxforge_dataset/txt/cmu_us_clb_arctic_arctic_a0260.txt
/mnt/deepspeech2_data/voxforge_dataset/wav/cmu_us_clb_arctic_arctic_a0336.wav,/mnt/deepspeech2_data/voxforge_dataset/txt/cmu_us_clb_arctic_arctic_a0336.txt
/mnt/deepspeech2_data/voxforge_dataset/wav/cmu_us_clb_arctic_arctic_a0128.wav,/mnt/deepspeech2_data/voxforge_dataset/txt/cmu_us_clb_arctic_arctic_a0128.txt
/mnt/deepspeech2_data/voxforge_dataset/wav/cmu_us_clb_arctic_arctic_a0555.wav,/mnt/deepspeech2_data/voxforge_dataset/txt/cmu_us_clb_arctic_arctic_a0555.txt
/mnt/deepspeech2_data/voxforge_dataset/wav/cmu_us_clb_arctic_arctic_a0439.wav,/mnt/deepspeech2_data/voxforge_dataset/txt/cmu_us_clb_arctic_arctic_a0439.txt
/mnt/deepspeech2_data/voxforge_dataset/wav/cmu_us_clb_arctic_arctic_b0306.wav,/mnt/deepspeech2_data/voxforge_dataset/txt/cmu_us_clb_arctic_arctic_b0306.txt
/mnt/deepspeech2_data/voxforge_dataset/wav/cmu_us_clb_arctic_arctic_a0320.wav,/mnt/deepspeech2_data/voxforge_dataset/txt/cmu_us_clb_arctic_arctic_a0320.txt
/mnt/deepspeech2_data/voxforge_dataset/wav/cmu_us_clb_arctic_arctic_b0109.wav,/mnt/deepspeech2_data/voxforge_dataset/txt/cmu_us_clb_arctic_arctic_b0109.txt
/mnt/deepspeech2_data/voxforge_dataset/wav/cmu_us_clb_arctic_arctic_a0479.wav,/mnt/deepspeech2_data/voxforge_dataset/txt/cmu_us_clb_arctic_arctic_a0479.txt
/mnt/deepspeech2_data/voxforge_dataset/wav/cmu_us_clb_arctic_arctic_a0217.wav,/mnt/deepspeech2_data/voxforge_dataset/txt/cmu_us_clb_arctic_arctic_a0217.txt
/mnt/deepspeech2_data/voxforge_dataset/wav/cmu_us_clb_arctic_arctic_a0043.wav,/mnt/deepspeech2_data/voxforge_dataset/txt/cmu_us_clb_arctic_arctic_a0043.txt
/mnt/deepspeech2_data/voxforge_dataset/wav/cmu_us_clb_arctic_arctic_a0276.wav,/mnt/deepspeech2_data/voxforge_dataset/txt/cmu_us_clb_arctic_arctic_a0276.txt
/mnt/deepspeech2_data/voxforge_dataset/wav/cmu_us_clb_arctic_arctic_a0211.wav,/mnt/deepspeech2_data/voxforge_dataset/txt/cmu_us_clb_arctic_arctic_a0211.txt
/mnt/deepspeech2_data/voxforge_dataset/wav/cmu_us_clb_arctic_arctic_a0478.wav,/mnt/deepspeech2_data/voxforge_dataset/txt/cmu_us_clb_arctic_arctic_a0478.txt
/mnt/deepspeech2_data/voxforge_dataset/wav/cmu_us_clb_arctic_arctic_a0315.wav,/mnt/deepspeech2_data/voxforge_dataset/txt/cmu_us_clb_arctic_arctic_a0315.txt
/mnt/deepspeech2_data/voxforge_dataset/wav/cmu_us_clb_arctic_arctic_b0279.wav,/mnt/deepspeech2_data/voxforge_dataset/txt/cmu_us_clb_arctic_arctic_b0279.txt
/mnt/deepspeech2_data/voxforge_dataset/wav/cmu_us_clb_arctic_arctic_a0558.wav,/mnt/deepspeech2_data/voxforge_dataset/txt/cmu_us_clb_arctic_arctic_a0558.txt
/mnt/deepspeech2_data/voxforge_dataset/wav/cmu_us_clb_arctic_arctic_a0524.wav,/mnt/deepspeech2_data/voxforge_dataset/txt/cmu_us_clb_arctic_arctic_a0524.txt
/mnt/deepspeech2_data/voxforge_dataset/wav/cmu_us_clb_arctic_arctic_a0283.wav,/mnt/deepspeech2_data/voxforge_dataset/txt/cmu_us_clb_arctic_arctic_a0283.txt
/mnt/deepspeech2_data/voxforge_dataset/wav/cmu_us_clb_arctic_arctic_b0253.wav,/mnt/deepspeech2_data/voxforge_dataset/txt/cmu_us_clb_arctic_arctic_b0253.txt
/mnt/deepspeech2_data/voxforge_dataset/wav/cmu_us_clb_arctic_arctic_b0090.wav,/mnt/deepspeech2_data/voxforge_dataset/txt/cmu_us_clb_arctic_arctic_b0090.txt
/mnt/deepspeech2_data/voxforge_dataset/wav/cmu_us_clb_arctic_arctic_a0032.wav,/mnt/deepspeech2_data/voxforge_dataset/txt/cmu_us_clb_arctic_arctic_a0032.txt
/mnt/deepspeech2_data/voxforge_dataset/wav/cmu_us_clb_arctic_arctic_b0076.wav,/mnt/deepspeech2_data/voxforge_dataset/txt/cmu_us_clb_arctic_arctic_b0076.txt
/mnt/deepspeech2_data/voxforge_dataset/wav/cmu_us_clb_arctic_arctic_a0408.wav,/mnt/deepspeech2_data/voxforge_dataset/txt/cmu_us_clb_arctic_arctic_a0408.txt
/mnt/deepspeech2_data/voxforge_dataset/wav/cmu_us_clb_arctic_arctic_b0402.wav,/mnt/deepspeech2_data/voxforge_dataset/txt/cmu_us_clb_arctic_arctic_b0402.txt
/mnt/deepspeech2_data/voxforge_dataset/wav/cmu_us_clb_arctic_arctic_a0149.wav,/mnt/deepspeech2_data/voxforge_dataset/txt/cmu_us_clb_arctic_arctic_a0149.txt
/mnt/deepspeech2_data/voxforge_dataset/wav/cmu_us_clb_arctic_arctic_b0420.wav,/mnt/deepspeech2_data/voxforge_dataset/txt/cmu_us_clb_arctic_arctic_b0420.txt
/mnt/deepspeech2_data/voxforge_dataset/wav/cmu_us_clb_arctic_arctic_b0379.wav,/mnt/deepspeech2_data/voxforge_dataset/txt/cmu_us_clb_arctic_arctic_b0379.txt
/mnt/deepspeech2_data/voxforge_dataset/wav/cmu_us_clb_arctic_arctic_a0147.wav,/mnt/deepspeech2_data/voxforge_dataset/txt/cmu_us_clb_arctic_arctic_a0147.txt
/mnt/deepspeech2_data/voxforge_dataset/wav/cmu_us_clb_arctic_arctic_b0427.wav,/mnt/deepspeech2_data/voxforge_dataset/txt/cmu_us_clb_arctic_arctic_b0427.txt
/mnt/deepspeech2_data/voxforge_dataset/wav/cmu_us_clb_arctic_arctic_a0472.wav,/mnt/deepspeech2_data/voxforge_dataset/txt/cmu_us_clb_arctic_arctic_a0472.txt
/mnt/deepspeech2_data/voxforge_dataset/wav/cmu_us_clb_arctic_arctic_a0407.wav,/mnt/deepspeech2_data/voxforge_dataset/txt/cmu_us_clb_arctic_arctic_a0407.txt
/mnt/deepspeech2_data/voxforge_dataset/wav/cmu_us_rms_arctic_arctic_a0079.wav,/mnt/deepspeech2_data/voxforge_dataset/txt/cmu_us_rms_arctic_arctic_a0079.txt
/mnt/deepspeech2_data/voxforge_dataset/wav/cmu_us_rms_arctic_arctic_b0176.wav,/mnt/deepspeech2_data/voxforge_dataset/txt/cmu_us_rms_arctic_arctic_b0176.txt
/mnt/deepspeech2_data/voxforge_dataset/wav/cmu_us_rms_arctic_arctic_b0077.wav,/mnt/deepspeech2_data/voxforge_dataset/txt/cmu_us_rms_arctic_arctic_b0077.txt
/mnt/deepspeech2_data/voxforge_dataset/wav/cmu_us_rms_arctic_arctic_b0435.wav,/mnt/deepspeech2_data/voxforge_dataset/txt/cmu_us_rms_arctic_arctic_b0435.txt
/mnt/deepspeech2_data/voxforge_dataset/wav/cmu_us_rms_arctic_arctic_a0081.wav,/mnt/deepspeech2_data/voxforge_dataset/txt/cmu_us_rms_arctic_arctic_a0081.txt
/mnt/deepspeech2_data/voxforge_dataset/wav/cmu_us_rms_arctic_arctic_a0195.wav,/mnt/deepspeech2_data/voxforge_dataset/txt/cmu_us_rms_arctic_arctic_a0195.txt
/mnt/deepspeech2_data/voxforge_dataset/wav/cmu_us_rms_arctic_arctic_a0440.wav,/mnt/deepspeech2_data/voxforge_dataset/txt/cmu_us_rms_arctic_arctic_a0440.txt
/mnt/deepspeech2_data/voxforge_dataset/wav/cmu_us_rms_arctic_arctic_a0031.wav,/mnt/deepspeech2_data/voxforge_dataset/txt/cmu_us_rms_arctic_arctic_a0031.txt
/mnt/deepspeech2_data/voxforge_dataset/wav/cmu_us_rms_arctic_arctic_a0504.wav,/mnt/deepspeech2_data/voxforge_dataset/txt/cmu_us_rms_arctic_arctic_a0504.txt
/mnt/deepspeech2_data/voxforge_dataset/wav/cmu_us_rms_arctic_arctic_b0086.wav,/mnt/deepspeech2_data/voxforge_dataset/txt/cmu_us_rms_arctic_arctic_b0086.txt
/mnt/deepspeech2_data/voxforge_dataset/wav/cmu_us_rms_arctic_arctic_b0275.wav,/mnt/deepspeech2_data/voxforge_dataset/txt/cmu_us_rms_arctic_arctic_b0275.txt
/mnt/deepspeech2_data/voxforge_dataset/wav/cmu_us_rms_arctic_arctic_a0243.wav,/mnt/deepspeech2_data/voxforge_dataset/txt/cmu_us_rms_arctic_arctic_a0243.txt
/mnt/deepspeech2_data/voxforge_dataset/wav/cmu_us_rms_arctic_arctic_a0590.wav,/mnt/deepspeech2_data/voxforge_dataset/txt/cmu_us_rms_arctic_arctic_a0590.txt
/mnt/deepspeech2_data/voxforge_dataset/wav/cmu_us_rms_arctic_arctic_a0167.wav,/mnt/deepspeech2_data/voxforge_dataset/txt/cmu_us_rms_arctic_arctic_a0167.txt
/mnt/deepspeech2_data/voxforge_dataset/wav/cmu_us_rms_arctic_arctic_b0470.wav,/mnt/deepspeech2_data/voxforge_dataset/txt/cmu_us_rms_arctic_arctic_b0470.txt
/mnt/deepspeech2_data/voxforge_dataset/wav/cmu_us_rms_arctic_arctic_b0363.wav,/mnt/deepspeech2_data/voxforge_dataset/txt/cmu_us_rms_arctic_arctic_b0363.txt
/mnt/deepspeech2_data/voxforge_dataset/wav/cmu_us_rms_arctic_arctic_b0018.wav,/mnt/deepspeech2_data/voxforge_dataset/txt/cmu_us_rms_arctic_arctic_b0018.txt
/mnt/deepspeech2_data/voxforge_dataset/wav/cmu_us_rms_arctic_arctic_a0093.wav,/mnt/deepspeech2_data/voxforge_dataset/txt/cmu_us_rms_arctic_arctic_a0093.txt
/mnt/deepspeech2_data/voxforge_dataset/wav/cmu_us_rms_arctic_arctic_b0284.wav,/mnt/deepspeech2_data/voxforge_dataset/txt/cmu_us_rms_arctic_arctic_b0284.txt
/mnt/deepspeech2_data/voxforge_dataset/wav/cmu_us_rms_arctic_arctic_a0489.wav,/mnt/deepspeech2_data/voxforge_dataset/txt/cmu_us_rms_arctic_arctic_a0489.txt
/mnt/deepspeech2_data/voxforge_dataset/wav/cmu_us_rms_arctic_arctic_a0083.wav,/mnt/deepspeech2_data/voxforge_dataset/txt/cmu_us_rms_arctic_arctic_a0083.txt
/mnt/deepspeech2_data/voxforge_dataset/wav/cmu_us_rms_arctic_arctic_b0493.wav,/mnt/deepspeech2_data/voxforge_dataset/txt/cmu_us_rms_arctic_arctic_b0493.txt
/mnt/deepspeech2_data/voxforge_dataset/wav/cmu_us_rms_arctic_arctic_a0486.wav,/mnt/deepspeech2_data/voxforge_dataset/txt/cmu_us_rms_arctic_arctic_a0486.txt
/mnt/deepspeech2_data/voxforge_dataset/wav/cmu_us_rms_arctic_arctic_b0133.wav,/mnt/deepspeech2_data/voxforge_dataset/txt/cmu_us_rms_arctic_arctic_b0133.txt
/mnt/deepspeech2_data/voxforge_dataset/wav/cmu_us_rms_arctic_arctic_a0304.wav,/mnt/deepspeech2_data/voxforge_dataset/txt/cmu_us_rms_arctic_arctic_a0304.txt
/mnt/deepspeech2_data/voxforge_dataset/wav/cmu_us_rms_arctic_arctic_b0203.wav,/mnt/deepspeech2_data/voxforge_dataset/txt/cmu_us_rms_arctic_arctic_b0203.txt
/mnt/deepspeech2_data/voxforge_dataset/wav/cmu_us_rms_arctic_arctic_b0288.wav,/mnt/deepspeech2_data/voxforge_dataset/txt/cmu_us_rms_arctic_arctic_b0288.txt
/mnt/deepspeech2_data/voxforge_dataset/wav/cmu_us_rms_arctic_arctic_b0230.wav,/mnt/deepspeech2_data/voxforge_dataset/txt/cmu_us_rms_arctic_arctic_b0230.txt
/mnt/deepspeech2_data/voxforge_dataset/wav/cmu_us_rms_arctic_arctic_a0313.wav,/mnt/deepspeech2_data/voxforge_dataset/txt/cmu_us_rms_arctic_arctic_a0313.txt
/mnt/deepspeech2_data/voxforge_dataset/wav/cmu_us_rms_arctic_arctic_a0412.wav,/mnt/deepspeech2_data/voxforge_dataset/txt/cmu_us_rms_arctic_arctic_a0412.txt
/mnt/deepspeech2_data/voxforge_dataset/wav/cmu_us_rms_arctic_arctic_a0419.wav,/mnt/deepspeech2_data/voxforge_dataset/txt/cmu_us_rms_arctic_arctic_a0419.txt
/mnt/deepspeech2_data/voxforge_dataset/wav/cmu_us_rms_arctic_arctic_b0527.wav,/mnt/deepspeech2_data/voxforge_dataset/txt/cmu_us_rms_arctic_arctic_b0527.txt
/mnt/deepspeech2_data/voxforge_dataset/wav/cmu_us_rms_arctic_arctic_a0572.wav,/mnt/deepspeech2_data/voxforge_dataset/txt/cmu_us_rms_arctic_arctic_a0572.txt
/mnt/deepspeech2_data/voxforge_dataset/wav/cmu_us_rms_arctic_arctic_a0521.wav,/mnt/deepspeech2_data/voxforge_dataset/txt/cmu_us_rms_arctic_arctic_a0521.txt
/mnt/deepspeech2_data/voxforge_dataset/wav/cmu_us_rms_arctic_arctic_b0268.wav,/mnt/deepspeech2_data/voxforge_dataset/txt/cmu_us_rms_arctic_arctic_b0268.txt
/mnt/deepspeech2_data/voxforge_dataset/wav/cmu_us_rms_arctic_arctic_a0109.wav,/mnt/deepspeech2_data/voxforge_dataset/txt/cmu_us_rms_arctic_arctic_a0109.txt
/mnt/deepspeech2_data/voxforge_dataset/wav/cmu_us_rms_arctic_arctic_a0458.wav,/mnt/deepspeech2_data/voxforge_dataset/txt/cmu_us_rms_arctic_arctic_a0458.txt
/mnt/deepspeech2_data/voxforge_dataset/wav/cmu_us_rms_arctic_arctic_a0352.wav,/mnt/deepspeech2_data/voxforge_dataset/txt/cmu_us_rms_arctic_arctic_a0352.txt
/mnt/deepspeech2_data/voxforge_dataset/wav/cmu_us_rms_arctic_arctic_b0430.wav,/mnt/deepspeech2_data/voxforge_dataset/txt/cmu_us_rms_arctic_arctic_b0430.txt
/mnt/deepspeech2_data/voxforge_dataset/wav/cmu_us_rms_arctic_arctic_b0463.wav,/mnt/deepspeech2_data/voxforge_dataset/txt/cmu_us_rms_arctic_arctic_b0463.txt
/mnt/deepspeech2_data/voxforge_dataset/wav/cmu_us_rms_arctic_arctic_b0526.wav,/mnt/deepspeech2_data/voxforge_dataset/txt/cmu_us_rms_arctic_arctic_b0526.txt
/mnt/deepspeech2_data/voxforge_dataset/wav/cmu_us_rms_arctic_arctic_a0450.wav,/mnt/deepspeech2_data/voxforge_dataset/txt/cmu_us_rms_arctic_arctic_a0450.txt
/mnt/deepspeech2_data/voxforge_dataset/wav/cmu_us_rms_arctic_arctic_b0481.wav,/mnt/deepspeech2_data/voxforge_dataset/txt/cmu_us_rms_arctic_arctic_b0481.txt
/mnt/deepspeech2_data/voxforge_dataset/wav/cmu_us_rms_arctic_arctic_b0229.wav,/mnt/deepspeech2_data/voxforge_dataset/txt/cmu_us_rms_arctic_arctic_b0229.txt
/mnt/deepspeech2_data/voxforge_dataset/wav/cmu_us_rms_arctic_arctic_a0185.wav,/mnt/deepspeech2_data/voxforge_dataset/txt/cmu_us_rms_arctic_arctic_a0185.txt
/mnt/deepspeech2_data/voxforge_dataset/wav/cmu_us_rms_arctic_arctic_b0196.wav,/mnt/deepspeech2_data/voxforge_dataset/txt/cmu_us_rms_arctic_arctic_b0196.txt
/mnt/deepspeech2_data/voxforge_dataset/wav/cmu_us_rms_arctic_arctic_a0160.wav,/mnt/deepspeech2_data/voxforge_dataset/txt/cmu_us_rms_arctic_arctic_a0160.txt
/mnt/deepspeech2_data/voxforge_dataset/wav/cmu_us_rms_arctic_arctic_a0537.wav,/mnt/deepspeech2_data/voxforge_dataset/txt/cmu_us_rms_arctic_arctic_a0537.txt
/mnt/deepspeech2_data/voxforge_dataset/wav/cmu_us_rms_arctic_arctic_b0169.wav,/mnt/deepspeech2_data/voxforge_dataset/txt/cmu_us_rms_arctic_arctic_b0169.txt
/mnt/deepspeech2_data/voxforge_dataset/wav/cmu_us_rms_arctic_arctic_a0044.wav,/mnt/deepspeech2_data/voxforge_dataset/txt/cmu_us_rms_arctic_arctic_a0044.txt
/mnt/deepspeech2_data/voxforge_dataset/wav/cmu_us_rms_arctic_arctic_a0121.wav,/mnt/deepspeech2_data/voxforge_dataset/txt/cmu_us_rms_arctic_arctic_a0121.txt
/mnt/deepspeech2_data/voxforge_dataset/wav/cmu_us_rms_arctic_arctic_b0083.wav,/mnt/deepspeech2_data/voxforge_dataset/txt/cmu_us_rms_arctic_arctic_b0083.txt
/mnt/deepspeech2_data/voxforge_dataset/wav/cmu_us_rms_arctic_arctic_b0070.wav,/mnt/deepspeech2_data/voxforge_dataset/txt/cmu_us_rms_arctic_arctic_b0070.txt
/mnt/deepspeech2_data/voxforge_dataset/wav/cmu_us_rms_arctic_arctic_a0214.wav,/mnt/deepspeech2_data/voxforge_dataset/txt/cmu_us_rms_arctic_arctic_a0214.txt
/mnt/deepspeech2_data/voxforge_dataset/wav/cmu_us_rms_arctic_arctic_b0471.wav,/mnt/deepspeech2_data/voxforge_dataset/txt/cmu_us_rms_arctic_arctic_b0471.txt
/mnt/deepspeech2_data/voxforge_dataset/wav/cmu_us_rms_arctic_arctic_b0155.wav,/mnt/deepspeech2_data/voxforge_dataset/txt/cmu_us_rms_arctic_arctic_b0155.txt
/mnt/deepspeech2_data/voxforge_dataset/wav/cmu_us_rms_arctic_arctic_a0064.wav,/mnt/deepspeech2_data/voxforge_dataset/txt/cmu_us_rms_arctic_arctic_a0064.txt
/mnt/deepspeech2_data/voxforge_dataset/wav/cmu_us_rms_arctic_arctic_a0465.wav,/mnt/deepspeech2_data/voxforge_dataset/txt/cmu_us_rms_arctic_arctic_a0465.txt
/mnt/deepspeech2_data/voxforge_dataset/wav/cmu_us_rms_arctic_arctic_b0057.wav,/mnt/deepspeech2_data/voxforge_dataset/txt/cmu_us_rms_arctic_arctic_b0057.txt
/mnt/deepspeech2_data/voxforge_dataset/wav/cmu_us_rms_arctic_arctic_a0384.wav,/mnt/deepspeech2_data/voxforge_dataset/txt/cmu_us_rms_arctic_arctic_a0384.txt
/mnt/deepspeech2_data/voxforge_dataset/wav/cmu_us_rms_arctic_arctic_b0367.wav,/mnt/deepspeech2_data/voxforge_dataset/txt/cmu_us_rms_arctic_arctic_b0367.txt
/mnt/deepspeech2_data/voxforge_dataset/wav/cmu_us_rms_arctic_arctic_a0461.wav,/mnt/deepspeech2_data/voxforge_dataset/txt/cmu_us_rms_arctic_arctic_a0461.txt
/mnt/deepspeech2_data/voxforge_dataset/wav/cmu_us_rms_arctic_arctic_a0370.wav,/mnt/deepspeech2_data/voxforge_dataset/txt/cmu_us_rms_arctic_arctic_a0370.txt
/mnt/deepspeech2_data/voxforge_dataset/wav/cmu_us_rms_arctic_arctic_b0295.wav,/mnt/deepspeech2_data/voxforge_dataset/txt/cmu_us_rms_arctic_arctic_b0295.txt
/mnt/deepspeech2_data/voxforge_dataset/wav/cmu_us_rms_arctic_arctic_b0222.wav,/mnt/deepspeech2_data/voxforge_dataset/txt/cmu_us_rms_arctic_arctic_b0222.txt
/mnt/deepspeech2_data/voxforge_dataset/wav/cmu_us_rms_arctic_arctic_a0161.wav,/mnt/deepspeech2_data/voxforge_dataset/txt/cmu_us_rms_arctic_arctic_a0161.txt
/mnt/deepspeech2_data/voxforge_dataset/wav/cmu_us_rms_arctic_arctic_a0318.wav,/mnt/deepspeech2_data/voxforge_dataset/txt/cmu_us_rms_arctic_arctic_a0318.txt
/mnt/deepspeech2_data/voxforge_dataset/wav/cmu_us_rms_arctic_arctic_b0112.wav,/mnt/deepspeech2_data/voxforge_dataset/txt/cmu_us_rms_arctic_arctic_b0112.txt
/mnt/deepspeech2_data/voxforge_dataset/wav/cmu_us_rms_arctic_arctic_a0116.wav,/mnt/deepspeech2_data/voxforge_dataset/txt/cmu_us_rms_arctic_arctic_a0116.txt
/mnt/deepspeech2_data/voxforge_dataset/wav/cmu_us_rms_arctic_arctic_a0190.wav,/mnt/deepspeech2_data/voxforge_dataset/txt/cmu_us_rms_arctic_arctic_a0190.txt
/mnt/deepspeech2_data/voxforge_dataset/wav/cmu_us_rms_arctic_arctic_b0250.wav,/mnt/deepspeech2_data/voxforge_dataset/txt/cmu_us_rms_arctic_arctic_b0250.txt
/mnt/deepspeech2_data/voxforge_dataset/wav/cmu_us_rms_arctic_arctic_b0251.wav,/mnt/deepspeech2_data/voxforge_dataset/txt/cmu_us_rms_arctic_arctic_b0251.txt
/mnt/deepspeech2_data/voxforge_dataset/wav/cmu_us_rms_arctic_arctic_a0128.wav,/mnt/deepspeech2_data/voxforge_dataset/txt/cmu_us_rms_arctic_arctic_a0128.txt
/mnt/deepspeech2_data/voxforge_dataset/wav/cmu_us_rms_arctic_arctic_b0468.wav,/mnt/deepspeech2_data/voxforge_dataset/txt/cmu_us_rms_arctic_arctic_b0468.txt
/mnt/deepspeech2_data/voxforge_dataset/wav/cmu_us_rms_arctic_arctic_b0157.wav,/mnt/deepspeech2_data/voxforge_dataset/txt/cmu_us_rms_arctic_arctic_b0157.txt
/mnt/deepspeech2_data/voxforge_dataset/wav/cmu_us_rms_arctic_arctic_a0166.wav,/mnt/deepspeech2_data/voxforge_dataset/txt/cmu_us_rms_arctic_arctic_a0166.txt
/mnt/deepspeech2_data/voxforge_dataset/wav/cmu_us_rms_arctic_arctic_a0320.wav,/mnt/deepspeech2_data/voxforge_dataset/txt/cmu_us_rms_arctic_arctic_a0320.txt
/mnt/deepspeech2_data/voxforge_dataset/wav/cmu_us_rms_arctic_arctic_a0231.wav,/mnt/deepspeech2_data/voxforge_dataset/txt/cmu_us_rms_arctic_arctic_a0231.txt
/mnt/deepspeech2_data/voxforge_dataset/wav/cmu_us_rms_arctic_arctic_a0094.wav,/mnt/deepspeech2_data/voxforge_dataset/txt/cmu_us_rms_arctic_arctic_a0094.txt
/mnt/deepspeech2_data/voxforge_dataset/wav/cmu_us_rms_arctic_arctic_a0284.wav,/mnt/deepspeech2_data/voxforge_dataset/txt/cmu_us_rms_arctic_arctic_a0284.txt
/mnt/deepspeech2_data/voxforge_dataset/wav/cmu_us_rms_arctic_arctic_a0154.wav,/mnt/deepspeech2_data/voxforge_dataset/txt/cmu_us_rms_arctic_arctic_a0154.txt
/mnt/deepspeech2_data/voxforge_dataset/wav/cmu_us_rms_arctic_arctic_a0439.wav,/mnt/deepspeech2_data/voxforge_dataset/txt/cmu_us_rms_arctic_arctic_a0439.txt
/mnt/deepspeech2_data/voxforge_dataset/wav/cmu_us_rms_arctic_arctic_a0027.wav,/mnt/deepspeech2_data/voxforge_dataset/txt/cmu_us_rms_arctic_arctic_a0027.txt
/mnt/deepspeech2_data/voxforge_dataset/wav/cmu_us_rms_arctic_arctic_b0424.wav,/mnt/deepspeech2_data/voxforge_dataset/txt/cmu_us_rms_arctic_arctic_b0424.txt
/mnt/deepspeech2_data/voxforge_dataset/wav/cmu_us_rms_arctic_arctic_a0058.wav,/mnt/deepspeech2_data/voxforge_dataset/txt/cmu_us_rms_arctic_arctic_a0058.txt
/mnt/deepspeech2_data/voxforge_dataset/wav/cmu_us_rms_arctic_arctic_a0084.wav,/mnt/deepspeech2_data/voxforge_dataset/txt/cmu_us_rms_arctic_arctic_a0084.txt
/mnt/deepspeech2_data/voxforge_dataset/wav/cmu_us_rms_arctic_arctic_a0276.wav,/mnt/deepspeech2_data/voxforge_dataset/txt/cmu_us_rms_arctic_arctic_a0276.txt
/mnt/deepspeech2_data/voxforge_dataset/wav/cmu_us_rms_arctic_arctic_b0160.wav,/mnt/deepspeech2_data/voxforge_dataset/txt/cmu_us_rms_arctic_arctic_b0160.txt
/mnt/deepspeech2_data/voxforge_dataset/wav/cmu_us_rms_arctic_arctic_a0297.wav,/mnt/deepspeech2_data/voxforge_dataset/txt/cmu_us_rms_arctic_arctic_a0297.txt
/mnt/deepspeech2_data/voxforge_dataset/wav/cmu_us_rms_arctic_arctic_a0151.wav,/mnt/deepspeech2_data/voxforge_dataset/txt/cmu_us_rms_arctic_arctic_a0151.txt
/mnt/deepspeech2_data/voxforge_dataset/wav/cmu_us_rms_arctic_arctic_b0109.wav,/mnt/deepspeech2_data/voxforge_dataset/txt/cmu_us_rms_arctic_arctic_b0109.txt
/mnt/deepspeech2_data/voxforge_dataset/wav/cmu_us_rms_arctic_arctic_a0573.wav,/mnt/deepspeech2_data/voxforge_dataset/txt/cmu_us_rms_arctic_arctic_a0573.txt
/mnt/deepspeech2_data/voxforge_dataset/wav/cmu_us_rms_arctic_arctic_b0126.wav,/mnt/deepspeech2_data/voxforge_dataset/txt/cmu_us_rms_arctic_arctic_b0126.txt
/mnt/deepspeech2_data/voxforge_dataset/wav/cmu_us_rms_arctic_arctic_b0503.wav,/mnt/deepspeech2_data/voxforge_dataset/txt/cmu_us_rms_arctic_arctic_b0503.txt
/mnt/deepspeech2_data/voxforge_dataset/wav/cmu_us_rms_arctic_arctic_b0386.wav,/mnt/deepspeech2_data/voxforge_dataset/txt/cmu_us_rms_arctic_arctic_b0386.txt
/mnt/deepspeech2_data/voxforge_dataset/wav/cmu_us_rms_arctic_arctic_b0078.wav,/mnt/deepspeech2_data/voxforge_dataset/txt/cmu_us_rms_arctic_arctic_b0078.txt
/mnt/deepspeech2_data/voxforge_dataset/wav/cmu_us_rms_arctic_arctic_a0308.wav,/mnt/deepspeech2_data/voxforge_dataset/txt/cmu_us_rms_arctic_arctic_a0308.txt
/mnt/deepspeech2_data/voxforge_dataset/wav/cmu_us_rms_arctic_arctic_a0471.wav,/mnt/deepspeech2_data/voxforge_dataset/txt/cmu_us_rms_arctic_arctic_a0471.txt
/mnt/deepspeech2_data/voxforge_dataset/wav/cmu_us_rms_arctic_arctic_a0147.wav,/mnt/deepspeech2_data/voxforge_dataset/txt/cmu_us_rms_arctic_arctic_a0147.txt
/mnt/deepspeech2_data/voxforge_dataset/wav/cmu_us_rms_arctic_arctic_a0286.wav,/mnt/deepspeech2_data/voxforge_dataset/txt/cmu_us_rms_arctic_arctic_a0286.txt
/mnt/deepspeech2_data/voxforge_dataset/wav/cmu_us_rms_arctic_arctic_a0510.wav,/mnt/deepspeech2_data/voxforge_dataset/txt/cmu_us_rms_arctic_arctic_a0510.txt
/mnt/deepspeech2_data/voxforge_dataset/wav/cmu_us_rms_arctic_arctic_b0323.wav,/mnt/deepspeech2_data/voxforge_dataset/txt/cmu_us_rms_arctic_arctic_b0323.txt
/mnt/deepspeech2_data/voxforge_dataset/wav/cmu_us_rms_arctic_arctic_a0212.wav,/mnt/deepspeech2_data/voxforge_dataset/txt/cmu_us_rms_arctic_arctic_a0212.txt
/mnt/deepspeech2_data/voxforge_dataset/wav/cmu_us_rms_arctic_arctic_a0347.wav,/mnt/deepspeech2_data/voxforge_dataset/txt/cmu_us_rms_arctic_arctic_a0347.txt
/mnt/deepspeech2_data/voxforge_dataset/wav/cmu_us_rms_arctic_arctic_b0293.wav,/mnt/deepspeech2_data/voxforge_dataset/txt/cmu_us_rms_arctic_arctic_b0293.txt
/mnt/deepspeech2_data/voxforge_dataset/wav/cmu_us_rms_arctic_arctic_b0465.wav,/mnt/deepspeech2_data/voxforge_dataset/txt/cmu_us_rms_arctic_arctic_b0465.txt
/mnt/deepspeech2_data/voxforge_dataset/wav/cmu_us_rms_arctic_arctic_b0513.wav,/mnt/deepspeech2_data/voxforge_dataset/txt/cmu_us_rms_arctic_arctic_b0513.txt
/mnt/deepspeech2_data/voxforge_dataset/wav/cmu_us_rms_arctic_arctic_b0478.wav,/mnt/deepspeech2_data/voxforge_dataset/txt/cmu_us_rms_arctic_arctic_b0478.txt
/mnt/deepspeech2_data/voxforge_dataset/wav/cmu_us_rms_arctic_arctic_b0389.wav,/mnt/deepspeech2_data/voxforge_dataset/txt/cmu_us_rms_arctic_arctic_b0389.txt
/mnt/deepspeech2_data/voxforge_dataset/wav/cmu_us_rms_arctic_arctic_a0358.wav,/mnt/deepspeech2_data/voxforge_dataset/txt/cmu_us_rms_arctic_arctic_a0358.txt
/mnt/deepspeech2_data/voxforge_dataset/wav/cmu_us_rms_arctic_arctic_b0480.wav,/mnt/deepspeech2_data/voxforge_dataset/txt/cmu_us_rms_arctic_arctic_b0480.txt
/mnt/deepspeech2_data/voxforge_dataset/wav/cmu_us_rms_arctic_arctic_b0460.wav,/mnt/deepspeech2_data/voxforge_dataset/txt/cmu_us_rms_arctic_arctic_b0460.txt
/mnt/deepspeech2_data/voxforge_dataset/wav/cmu_us_rms_arctic_arctic_b0384.wav,/mnt/deepspeech2_data/voxforge_dataset/txt/cmu_us_rms_arctic_arctic_b0384.txt
/mnt/deepspeech2_data/voxforge_dataset/wav/cmu_us_bdl_arctic_arctic_a0287.wav,/mnt/deepspeech2_data/voxforge_dataset/txt/cmu_us_bdl_arctic_arctic_a0287.txt
/mnt/deepspeech2_data/voxforge_dataset/wav/cmu_us_bdl_arctic_arctic_b0170.wav,/mnt/deepspeech2_data/voxforge_dataset/txt/cmu_us_bdl_arctic_arctic_b0170.txt
/mnt/deepspeech2_data/voxforge_dataset/wav/cmu_us_bdl_arctic_arctic_b0261.wav,/mnt/deepspeech2_data/voxforge_dataset/txt/cmu_us_bdl_arctic_arctic_b0261.txt
/mnt/deepspeech2_data/voxforge_dataset/wav/cmu_us_bdl_arctic_arctic_a0215.wav,/mnt/deepspeech2_data/voxforge_dataset/txt/cmu_us_bdl_arctic_arctic_a0215.txt
/mnt/deepspeech2_data/voxforge_dataset/wav/cmu_us_bdl_arctic_arctic_b0033.wav,/mnt/deepspeech2_data/voxforge_dataset/txt/cmu_us_bdl_arctic_arctic_b0033.txt
/mnt/deepspeech2_data/voxforge_dataset/wav/cmu_us_bdl_arctic_arctic_b0276.wav,/mnt/deepspeech2_data/voxforge_dataset/txt/cmu_us_bdl_arctic_arctic_b0276.txt
/mnt/deepspeech2_data/voxforge_dataset/wav/cmu_us_bdl_arctic_arctic_b0135.wav,/mnt/deepspeech2_data/voxforge_dataset/txt/cmu_us_bdl_arctic_arctic_b0135.txt
/mnt/deepspeech2_data/voxforge_dataset/wav/cmu_us_bdl_arctic_arctic_a0102.wav,/mnt/deepspeech2_data/voxforge_dataset/txt/cmu_us_bdl_arctic_arctic_a0102.txt
/mnt/deepspeech2_data/voxforge_dataset/wav/cmu_us_bdl_arctic_arctic_a0591.wav,/mnt/deepspeech2_data/voxforge_dataset/txt/cmu_us_bdl_arctic_arctic_a0591.txt
/mnt/deepspeech2_data/voxforge_dataset/wav/cmu_us_bdl_arctic_arctic_b0015.wav,/mnt/deepspeech2_data/voxforge_dataset/txt/cmu_us_bdl_arctic_arctic_b0015.txt
/mnt/deepspeech2_data/voxforge_dataset/wav/cmu_us_bdl_arctic_arctic_b0130.wav,/mnt/deepspeech2_data/voxforge_dataset/txt/cmu_us_bdl_arctic_arctic_b0130.txt
/mnt/deepspeech2_data/voxforge_dataset/wav/cmu_us_bdl_arctic_arctic_b0220.wav,/mnt/deepspeech2_data/voxforge_dataset/txt/cmu_us_bdl_arctic_arctic_b0220.txt
/mnt/deepspeech2_data/voxforge_dataset/wav/cmu_us_bdl_arctic_arctic_b0372.wav,/mnt/deepspeech2_data/voxforge_dataset/txt/cmu_us_bdl_arctic_arctic_b0372.txt
/mnt/deepspeech2_data/voxforge_dataset/wav/cmu_us_bdl_arctic_arctic_b0529.wav,/mnt/deepspeech2_data/voxforge_dataset/txt/cmu_us_bdl_arctic_arctic_b0529.txt
/mnt/deepspeech2_data/voxforge_dataset/wav/cmu_us_bdl_arctic_arctic_b0052.wav,/mnt/deepspeech2_data/voxforge_dataset/txt/cmu_us_bdl_arctic_arctic_b0052.txt
/mnt/deepspeech2_data/voxforge_dataset/wav/cmu_us_bdl_arctic_arctic_b0287.wav,/mnt/deepspeech2_data/voxforge_dataset/txt/cmu_us_bdl_arctic_arctic_b0287.txt
/mnt/deepspeech2_data/voxforge_dataset/wav/cmu_us_bdl_arctic_arctic_b0018.wav,/mnt/deepspeech2_data/voxforge_dataset/txt/cmu_us_bdl_arctic_arctic_b0018.txt
/mnt/deepspeech2_data/voxforge_dataset/wav/cmu_us_bdl_arctic_arctic_a0534.wav,/mnt/deepspeech2_data/voxforge_dataset/txt/cmu_us_bdl_arctic_arctic_a0534.txt
/mnt/deepspeech2_data/voxforge_dataset/wav/cmu_us_bdl_arctic_arctic_b0284.wav,/mnt/deepspeech2_data/voxforge_dataset/txt/cmu_us_bdl_arctic_arctic_b0284.txt
/mnt/deepspeech2_data/voxforge_dataset/wav/cmu_us_bdl_arctic_arctic_b0036.wav,/mnt/deepspeech2_data/voxforge_dataset/txt/cmu_us_bdl_arctic_arctic_b0036.txt
/mnt/deepspeech2_data/voxforge_dataset/wav/cmu_us_bdl_arctic_arctic_b0133.wav,/mnt/deepspeech2_data/voxforge_dataset/txt/cmu_us_bdl_arctic_arctic_b0133.txt
/mnt/deepspeech2_data/voxforge_dataset/wav/cmu_us_bdl_arctic_arctic_b0456.wav,/mnt/deepspeech2_data/voxforge_dataset/txt/cmu_us_bdl_arctic_arctic_b0456.txt
/mnt/deepspeech2_data/voxforge_dataset/wav/cmu_us_bdl_arctic_arctic_a0060.wav,/mnt/deepspeech2_data/voxforge_dataset/txt/cmu_us_bdl_arctic_arctic_a0060.txt
/mnt/deepspeech2_data/voxforge_dataset/wav/cmu_us_bdl_arctic_arctic_b0169.wav,/mnt/deepspeech2_data/voxforge_dataset/txt/cmu_us_bdl_arctic_arctic_b0169.txt
/mnt/deepspeech2_data/voxforge_dataset/wav/cmu_us_bdl_arctic_arctic_a0413.wav,/mnt/deepspeech2_data/voxforge_dataset/txt/cmu_us_bdl_arctic_arctic_a0413.txt
/mnt/deepspeech2_data/voxforge_dataset/wav/cmu_us_bdl_arctic_arctic_b0531.wav,/mnt/deepspeech2_data/voxforge_dataset/txt/cmu_us_bdl_arctic_arctic_b0531.txt
/mnt/deepspeech2_data/voxforge_dataset/wav/cmu_us_bdl_arctic_arctic_b0264.wav,/mnt/deepspeech2_data/voxforge_dataset/txt/cmu_us_bdl_arctic_arctic_b0264.txt
/mnt/deepspeech2_data/voxforge_dataset/wav/cmu_us_bdl_arctic_arctic_b0129.wav,/mnt/deepspeech2_data/voxforge_dataset/txt/cmu_us_bdl_arctic_arctic_b0129.txt
/mnt/deepspeech2_data/voxforge_dataset/wav/cmu_us_bdl_arctic_arctic_b0451.wav,/mnt/deepspeech2_data/voxforge_dataset/txt/cmu_us_bdl_arctic_arctic_b0451.txt
/mnt/deepspeech2_data/voxforge_dataset/wav/cmu_us_bdl_arctic_arctic_b0179.wav,/mnt/deepspeech2_data/voxforge_dataset/txt/cmu_us_bdl_arctic_arctic_b0179.txt
/mnt/deepspeech2_data/voxforge_dataset/wav/cmu_us_bdl_arctic_arctic_b0070.wav,/mnt/deepspeech2_data/voxforge_dataset/txt/cmu_us_bdl_arctic_arctic_b0070.txt
/mnt/deepspeech2_data/voxforge_dataset/wav/cmu_us_bdl_arctic_arctic_a0309.wav,/mnt/deepspeech2_data/voxforge_dataset/txt/cmu_us_bdl_arctic_arctic_a0309.txt
/mnt/deepspeech2_data/voxforge_dataset/wav/cmu_us_bdl_arctic_arctic_b0481.wav,/mnt/deepspeech2_data/voxforge_dataset/txt/cmu_us_bdl_arctic_arctic_b0481.txt
/mnt/deepspeech2_data/voxforge_dataset/wav/cmu_us_bdl_arctic_arctic_b0136.wav,/mnt/deepspeech2_data/voxforge_dataset/txt/cmu_us_bdl_arctic_arctic_b0136.txt
/mnt/deepspeech2_data/voxforge_dataset/wav/cmu_us_bdl_arctic_arctic_a0077.wav,/mnt/deepspeech2_data/voxforge_dataset/txt/cmu_us_bdl_arctic_arctic_a0077.txt
/mnt/deepspeech2_data/voxforge_dataset/wav/cmu_us_bdl_arctic_arctic_b0107.wav,/mnt/deepspeech2_data/voxforge_dataset/txt/cmu_us_bdl_arctic_arctic_b0107.txt
/mnt/deepspeech2_data/voxforge_dataset/wav/cmu_us_bdl_arctic_arctic_b0419.wav,/mnt/deepspeech2_data/voxforge_dataset/txt/cmu_us_bdl_arctic_arctic_b0419.txt
/mnt/deepspeech2_data/voxforge_dataset/wav/cmu_us_bdl_arctic_arctic_b0072.wav,/mnt/deepspeech2_data/voxforge_dataset/txt/cmu_us_bdl_arctic_arctic_b0072.txt
/mnt/deepspeech2_data/voxforge_dataset/wav/cmu_us_bdl_arctic_arctic_b0127.wav,/mnt/deepspeech2_data/voxforge_dataset/txt/cmu_us_bdl_arctic_arctic_b0127.txt
/mnt/deepspeech2_data/voxforge_dataset/wav/cmu_us_bdl_arctic_arctic_a0201.wav,/mnt/deepspeech2_data/voxforge_dataset/txt/cmu_us_bdl_arctic_arctic_a0201.txt
/mnt/deepspeech2_data/voxforge_dataset/wav/cmu_us_bdl_arctic_arctic_a0107.wav,/mnt/deepspeech2_data/voxforge_dataset/txt/cmu_us_bdl_arctic_arctic_a0107.txt
/mnt/deepspeech2_data/voxforge_dataset/wav/cmu_us_bdl_arctic_arctic_b0099.wav,/mnt/deepspeech2_data/voxforge_dataset/txt/cmu_us_bdl_arctic_arctic_b0099.txt
/mnt/deepspeech2_data/voxforge_dataset/wav/cmu_us_bdl_arctic_arctic_b0396.wav,/mnt/deepspeech2_data/voxforge_dataset/txt/cmu_us_bdl_arctic_arctic_b0396.txt
/mnt/deepspeech2_data/voxforge_dataset/wav/cmu_us_bdl_arctic_arctic_b0289.wav,/mnt/deepspeech2_data/voxforge_dataset/txt/cmu_us_bdl_arctic_arctic_b0289.txt
/mnt/deepspeech2_data/voxforge_dataset/wav/cmu_us_bdl_arctic_arctic_a0045.wav,/mnt/deepspeech2_data/voxforge_dataset/txt/cmu_us_bdl_arctic_arctic_a0045.txt
/mnt/deepspeech2_data/voxforge_dataset/wav/cmu_us_bdl_arctic_arctic_a0356.wav,/mnt/deepspeech2_data/voxforge_dataset/txt/cmu_us_bdl_arctic_arctic_a0356.txt
/mnt/deepspeech2_data/voxforge_dataset/wav/cmu_us_bdl_arctic_arctic_a0476.wav,/mnt/deepspeech2_data/voxforge_dataset/txt/cmu_us_bdl_arctic_arctic_a0476.txt
/mnt/deepspeech2_data/voxforge_dataset/wav/cmu_us_bdl_arctic_arctic_b0113.wav,/mnt/deepspeech2_data/voxforge_dataset/txt/cmu_us_bdl_arctic_arctic_b0113.txt
/mnt/deepspeech2_data/voxforge_dataset/wav/cmu_us_bdl_arctic_arctic_a0454.wav,/mnt/deepspeech2_data/voxforge_dataset/txt/cmu_us_bdl_arctic_arctic_a0454.txt
/mnt/deepspeech2_data/voxforge_dataset/wav/cmu_us_bdl_arctic_arctic_b0518.wav,/mnt/deepspeech2_data/voxforge_dataset/txt/cmu_us_bdl_arctic_arctic_b0518.txt
/mnt/deepspeech2_data/voxforge_dataset/wav/cmu_us_bdl_arctic_arctic_b0186.wav,/mnt/deepspeech2_data/voxforge_dataset/txt/cmu_us_bdl_arctic_arctic_b0186.txt
/mnt/deepspeech2_data/voxforge_dataset/wav/cmu_us_bdl_arctic_arctic_b0004.wav,/mnt/deepspeech2_data/voxforge_dataset/txt/cmu_us_bdl_arctic_arctic_b0004.txt
/mnt/deepspeech2_data/voxforge_dataset/wav/cmu_us_bdl_arctic_arctic_a0099.wav,/mnt/deepspeech2_data/voxforge_dataset/txt/cmu_us_bdl_arctic_arctic_a0099.txt
/mnt/deepspeech2_data/voxforge_dataset/wav/cmu_us_bdl_arctic_arctic_a0209.wav,/mnt/deepspeech2_data/voxforge_dataset/txt/cmu_us_bdl_arctic_arctic_a0209.txt
/mnt/deepspeech2_data/voxforge_dataset/wav/cmu_us_bdl_arctic_arctic_a0273.wav,/mnt/deepspeech2_data/voxforge_dataset/txt/cmu_us_bdl_arctic_arctic_a0273.txt
/mnt/deepspeech2_data/voxforge_dataset/wav/cmu_us_bdl_arctic_arctic_a0585.wav,/mnt/deepspeech2_data/voxforge_dataset/txt/cmu_us_bdl_arctic_arctic_a0585.txt
/mnt/deepspeech2_data/voxforge_dataset/wav/cmu_us_bdl_arctic_arctic_b0038.wav,/mnt/deepspeech2_data/voxforge_dataset/txt/cmu_us_bdl_arctic_arctic_b0038.txt
/mnt/deepspeech2_data/voxforge_dataset/wav/cmu_us_bdl_arctic_arctic_b0244.wav,/mnt/deepspeech2_data/voxforge_dataset/txt/cmu_us_bdl_arctic_arctic_b0244.txt
/mnt/deepspeech2_data/voxforge_dataset/wav/cmu_us_bdl_arctic_arctic_a0126.wav,/mnt/deepspeech2_data/voxforge_dataset/txt/cmu_us_bdl_arctic_arctic_a0126.txt
/mnt/deepspeech2_data/voxforge_dataset/wav/cmu_us_bdl_arctic_arctic_b0042.wav,/mnt/deepspeech2_data/voxforge_dataset/txt/cmu_us_bdl_arctic_arctic_b0042.txt
/mnt/deepspeech2_data/voxforge_dataset/wav/cmu_us_bdl_arctic_arctic_b0012.wav,/mnt/deepspeech2_data/voxforge_dataset/txt/cmu_us_bdl_arctic_arctic_b0012.txt
/mnt/deepspeech2_data/voxforge_dataset/wav/cmu_us_bdl_arctic_arctic_b0016.wav,/mnt/deepspeech2_data/voxforge_dataset/txt/cmu_us_bdl_arctic_arctic_b0016.txt
/mnt/deepspeech2_data/voxforge_dataset/wav/cmu_us_bdl_arctic_arctic_b0472.wav,/mnt/deepspeech2_data/voxforge_dataset/txt/cmu_us_bdl_arctic_arctic_b0472.txt
/mnt/deepspeech2_data/voxforge_dataset/wav/cmu_us_bdl_arctic_arctic_a0549.wav,/mnt/deepspeech2_data/voxforge_dataset/txt/cmu_us_bdl_arctic_arctic_a0549.txt
/mnt/deepspeech2_data/voxforge_dataset/wav/cmu_us_bdl_arctic_arctic_b0105.wav,/mnt/deepspeech2_data/voxforge_dataset/txt/cmu_us_bdl_arctic_arctic_b0105.txt
/mnt/deepspeech2_data/voxforge_dataset/wav/cmu_us_bdl_arctic_arctic_a0255.wav,/mnt/deepspeech2_data/voxforge_dataset/txt/cmu_us_bdl_arctic_arctic_a0255.txt
/mnt/deepspeech2_data/voxforge_dataset/wav/cmu_us_bdl_arctic_arctic_b0300.wav,/mnt/deepspeech2_data/voxforge_dataset/txt/cmu_us_bdl_arctic_arctic_b0300.txt
/mnt/deepspeech2_data/voxforge_dataset/wav/cmu_us_bdl_arctic_arctic_a0171.wav,/mnt/deepspeech2_data/voxforge_dataset/txt/cmu_us_bdl_arctic_arctic_a0171.txt
/mnt/deepspeech2_data/voxforge_dataset/wav/cmu_us_bdl_arctic_arctic_b0411.wav,/mnt/deepspeech2_data/voxforge_dataset/txt/cmu_us_bdl_arctic_arctic_b0411.txt
/mnt/deepspeech2_data/voxforge_dataset/wav/cmu_us_bdl_arctic_arctic_b0156.wav,/mnt/deepspeech2_data/voxforge_dataset/txt/cmu_us_bdl_arctic_arctic_b0156.txt
/mnt/deepspeech2_data/voxforge_dataset/wav/cmu_us_bdl_arctic_arctic_b0238.wav,/mnt/deepspeech2_data/voxforge_dataset/txt/cmu_us_bdl_arctic_arctic_b0238.txt
/mnt/deepspeech2_data/voxforge_dataset/wav/cmu_us_bdl_arctic_arctic_a0462.wav,/mnt/deepspeech2_data/voxforge_dataset/txt/cmu_us_bdl_arctic_arctic_a0462.txt
/mnt/deepspeech2_data/voxforge_dataset/wav/cmu_us_bdl_arctic_arctic_a0321.wav,/mnt/deepspeech2_data/voxforge_dataset/txt/cmu_us_bdl_arctic_arctic_a0321.txt
/mnt/deepspeech2_data/voxforge_dataset/wav/cmu_us_bdl_arctic_arctic_a0141.wav,/mnt/deepspeech2_data/voxforge_dataset/txt/cmu_us_bdl_arctic_arctic_a0141.txt
/mnt/deepspeech2_data/voxforge_dataset/wav/cmu_us_bdl_arctic_arctic_b0106.wav,/mnt/deepspeech2_data/voxforge_dataset/txt/cmu_us_bdl_arctic_arctic_b0106.txt
/mnt/deepspeech2_data/voxforge_dataset/wav/cmu_us_bdl_arctic_arctic_a0007.wav,/mnt/deepspeech2_data/voxforge_dataset/txt/cmu_us_bdl_arctic_arctic_a0007.txt
/mnt/deepspeech2_data/voxforge_dataset/wav/cmu_us_bdl_arctic_arctic_a0014.wav,/mnt/deepspeech2_data/voxforge_dataset/txt/cmu_us_bdl_arctic_arctic_a0014.txt
/mnt/deepspeech2_data/voxforge_dataset/wav/cmu_us_bdl_arctic_arctic_b0049.wav,/mnt/deepspeech2_data/voxforge_dataset/txt/cmu_us_bdl_arctic_arctic_b0049.txt
/mnt/deepspeech2_data/voxforge_dataset/wav/cmu_us_bdl_arctic_arctic_b0256.wav,/mnt/deepspeech2_data/voxforge_dataset/txt/cmu_us_bdl_arctic_arctic_b0256.txt
/mnt/deepspeech2_data/voxforge_dataset/wav/cmu_us_bdl_arctic_arctic_a0070.wav,/mnt/deepspeech2_data/voxforge_dataset/txt/cmu_us_bdl_arctic_arctic_a0070.txt
/mnt/deepspeech2_data/voxforge_dataset/wav/cmu_us_bdl_arctic_arctic_b0255.wav,/mnt/deepspeech2_data/voxforge_dataset/txt/cmu_us_bdl_arctic_arctic_b0255.txt
/mnt/deepspeech2_data/voxforge_dataset/wav/cmu_us_bdl_arctic_arctic_a0265.wav,/mnt/deepspeech2_data/voxforge_dataset/txt/cmu_us_bdl_arctic_arctic_a0265.txt
/mnt/deepspeech2_data/voxforge_dataset/wav/cmu_us_bdl_arctic_arctic_b0236.wav,/mnt/deepspeech2_data/voxforge_dataset/txt/cmu_us_bdl_arctic_arctic_b0236.txt
/mnt/deepspeech2_data/voxforge_dataset/wav/cmu_us_bdl_arctic_arctic_a0282.wav,/mnt/deepspeech2_data/voxforge_dataset/txt/cmu_us_bdl_arctic_arctic_a0282.txt
/mnt/deepspeech2_data/voxforge_dataset/wav/cmu_us_bdl_arctic_arctic_a0190.wav,/mnt/deepspeech2_data/voxforge_dataset/txt/cmu_us_bdl_arctic_arctic_a0190.txt
/mnt/deepspeech2_data/voxforge_dataset/wav/cmu_us_bdl_arctic_arctic_a0491.wav,/mnt/deepspeech2_data/voxforge_dataset/txt/cmu_us_bdl_arctic_arctic_a0491.txt
/mnt/deepspeech2_data/voxforge_dataset/wav/cmu_us_bdl_arctic_arctic_b0340.wav,/mnt/deepspeech2_data/voxforge_dataset/txt/cmu_us_bdl_arctic_arctic_b0340.txt
/mnt/deepspeech2_data/voxforge_dataset/wav/cmu_us_bdl_arctic_arctic_b0305.wav,/mnt/deepspeech2_data/voxforge_dataset/txt/cmu_us_bdl_arctic_arctic_b0305.txt
/mnt/deepspeech2_data/voxforge_dataset/wav/cmu_us_bdl_arctic_arctic_a0289.wav,/mnt/deepspeech2_data/voxforge_dataset/txt/cmu_us_bdl_arctic_arctic_a0289.txt
/mnt/deepspeech2_data/voxforge_dataset/wav/cmu_us_bdl_arctic_arctic_a0197.wav,/mnt/deepspeech2_data/voxforge_dataset/txt/cmu_us_bdl_arctic_arctic_a0197.txt
/mnt/deepspeech2_data/voxforge_dataset/wav/cmu_us_bdl_arctic_arctic_b0125.wav,/mnt/deepspeech2_data/voxforge_dataset/txt/cmu_us_bdl_arctic_arctic_b0125.txt
/mnt/deepspeech2_data/voxforge_dataset/wav/cmu_us_bdl_arctic_arctic_a0065.wav,/mnt/deepspeech2_data/voxforge_dataset/txt/cmu_us_bdl_arctic_arctic_a0065.txt
/mnt/deepspeech2_data/voxforge_dataset/wav/cmu_us_bdl_arctic_arctic_b0224.wav,/mnt/deepspeech2_data/voxforge_dataset/txt/cmu_us_bdl_arctic_arctic_b0224.txt
/mnt/deepspeech2_data/voxforge_dataset/wav/cmu_us_bdl_arctic_arctic_b0424.wav,/mnt/deepspeech2_data/voxforge_dataset/txt/cmu_us_bdl_arctic_arctic_b0424.txt
/mnt/deepspeech2_data/voxforge_dataset/wav/cmu_us_bdl_arctic_arctic_a0573.wav,/mnt/deepspeech2_data/voxforge_dataset/txt/cmu_us_bdl_arctic_arctic_a0573.txt
/mnt/deepspeech2_data/voxforge_dataset/wav/cmu_us_bdl_arctic_arctic_a0151.wav,/mnt/deepspeech2_data/voxforge_dataset/txt/cmu_us_bdl_arctic_arctic_a0151.txt
/mnt/deepspeech2_data/voxforge_dataset/wav/cmu_us_bdl_arctic_arctic_a0441.wav,/mnt/deepspeech2_data/voxforge_dataset/txt/cmu_us_bdl_arctic_arctic_a0441.txt
/mnt/deepspeech2_data/voxforge_dataset/wav/cmu_us_bdl_arctic_arctic_a0510.wav,/mnt/deepspeech2_data/voxforge_dataset/txt/cmu_us_bdl_arctic_arctic_a0510.txt
/mnt/deepspeech2_data/voxforge_dataset/wav/cmu_us_bdl_arctic_arctic_b0513.wav,/mnt/deepspeech2_data/voxforge_dataset/txt/cmu_us_bdl_arctic_arctic_b0513.txt
/mnt/deepspeech2_data/voxforge_dataset/wav/cmu_us_bdl_arctic_arctic_b0402.wav,/mnt/deepspeech2_data/voxforge_dataset/txt/cmu_us_bdl_arctic_arctic_b0402.txt
/mnt/deepspeech2_data/voxforge_dataset/wav/cmu_us_bdl_arctic_arctic_b0483.wav,/mnt/deepspeech2_data/voxforge_dataset/txt/cmu_us_bdl_arctic_arctic_b0483.txt
/mnt/deepspeech2_data/voxforge_dataset/wav/cmu_us_bdl_arctic_arctic_a0382.wav,/mnt/deepspeech2_data/voxforge_dataset/txt/cmu_us_bdl_arctic_arctic_a0382.txt
/mnt/deepspeech2_data/voxforge_dataset/wav/cmu_us_bdl_arctic_arctic_a0588.wav,/mnt/deepspeech2_data/voxforge_dataset/txt/cmu_us_bdl_arctic_arctic_a0588.txt
/mnt/deepspeech2_data/voxforge_dataset/wav/cmu_us_bdl_arctic_arctic_a0581.wav,/mnt/deepspeech2_data/voxforge_dataset/txt/cmu_us_bdl_arctic_arctic_a0581.txt
/mnt/deepspeech2_data/voxforge_dataset/wav/cmu_us_bdl_arctic_arctic_a0424.wav,/mnt/deepspeech2_data/voxforge_dataset/txt/cmu_us_bdl_arctic_arctic_a0424.txt
/mnt/deepspeech2_data/voxforge_dataset/wav/cmu_us_bdl_arctic_arctic_a0312.wav,/mnt/deepspeech2_data/voxforge_dataset/txt/cmu_us_bdl_arctic_arctic_a0312.txt
/mnt/deepspeech2_data/voxforge_dataset/wav/cmu_us_bdl_arctic_arctic_a0153.wav,/mnt/deepspeech2_data/voxforge_dataset/txt/cmu_us_bdl_arctic_arctic_a0153.txt
/mnt/deepspeech2_data/voxforge_dataset/wav/cmu_us_bdl_arctic_arctic_a0149.wav,/mnt/deepspeech2_data/voxforge_dataset/txt/cmu_us_bdl_arctic_arctic_a0149.txt
/mnt/deepspeech2_data/voxforge_dataset/wav/cmu_us_bdl_arctic_arctic_a0332.wav,/mnt/deepspeech2_data/voxforge_dataset/txt/cmu_us_bdl_arctic_arctic_a0332.txt
/mnt/deepspeech2_data/voxforge_dataset/wav/cmu_us_bdl_arctic_arctic_b0439.wav,/mnt/deepspeech2_data/voxforge_dataset/txt/cmu_us_bdl_arctic_arctic_b0439.txt
/mnt/deepspeech2_data/voxforge_dataset/wav/cmu_us_bdl_arctic_arctic_b0403.wav,/mnt/deepspeech2_data/voxforge_dataset/txt/cmu_us_bdl_arctic_arctic_b0403.txt
/mnt/deepspeech2_data/voxforge_dataset/wav/cmu_us_bdl_arctic_arctic_a0302.wav,/mnt/deepspeech2_data/voxforge_dataset/txt/cmu_us_bdl_arctic_arctic_a0302.txt
/mnt/deepspeech2_data/voxforge_dataset/wav/cmu_us_bdl_arctic_arctic_b0201.wav,/mnt/deepspeech2_data/voxforge_dataset/txt/cmu_us_bdl_arctic_arctic_b0201.txt
/mnt/deepspeech2_data/voxforge_dataset/wav/cmu_us_slt_arctic_arctic_a0329.wav,/mnt/deepspeech2_data/voxforge_dataset/txt/cmu_us_slt_arctic_arctic_a0329.txt
/mnt/deepspeech2_data/voxforge_dataset/wav/cmu_us_slt_arctic_arctic_a0240.wav,/mnt/deepspeech2_data/voxforge_dataset/txt/cmu_us_slt_arctic_arctic_a0240.txt
/mnt/deepspeech2_data/voxforge_dataset/wav/cmu_us_slt_arctic_arctic_a0399.wav,/mnt/deepspeech2_data/voxforge_dataset/txt/cmu_us_slt_arctic_arctic_a0399.txt
/mnt/deepspeech2_data/voxforge_dataset/wav/cmu_us_slt_arctic_arctic_b0343.wav,/mnt/deepspeech2_data/voxforge_dataset/txt/cmu_us_slt_arctic_arctic_b0343.txt
/mnt/deepspeech2_data/voxforge_dataset/wav/cmu_us_slt_arctic_arctic_b0102.wav,/mnt/deepspeech2_data/voxforge_dataset/txt/cmu_us_slt_arctic_arctic_b0102.txt
/mnt/deepspeech2_data/voxforge_dataset/wav/cmu_us_slt_arctic_arctic_b0464.wav,/mnt/deepspeech2_data/voxforge_dataset/txt/cmu_us_slt_arctic_arctic_b0464.txt
/mnt/deepspeech2_data/voxforge_dataset/wav/cmu_us_slt_arctic_arctic_b0218.wav,/mnt/deepspeech2_data/voxforge_dataset/txt/cmu_us_slt_arctic_arctic_b0218.txt
/mnt/deepspeech2_data/voxforge_dataset/wav/cmu_us_slt_arctic_arctic_a0183.wav,/mnt/deepspeech2_data/voxforge_dataset/txt/cmu_us_slt_arctic_arctic_a0183.txt
/mnt/deepspeech2_data/voxforge_dataset/wav/cmu_us_slt_arctic_arctic_a0221.wav,/mnt/deepspeech2_data/voxforge_dataset/txt/cmu_us_slt_arctic_arctic_a0221.txt
/mnt/deepspeech2_data/voxforge_dataset/wav/cmu_us_slt_arctic_arctic_b0130.wav,/mnt/deepspeech2_data/voxforge_dataset/txt/cmu_us_slt_arctic_arctic_b0130.txt
/mnt/deepspeech2_data/voxforge_dataset/wav/cmu_us_slt_arctic_arctic_b0054.wav,/mnt/deepspeech2_data/voxforge_dataset/txt/cmu_us_slt_arctic_arctic_b0054.txt
/mnt/deepspeech2_data/voxforge_dataset/wav/cmu_us_slt_arctic_arctic_b0500.wav,/mnt/deepspeech2_data/voxforge_dataset/txt/cmu_us_slt_arctic_arctic_b0500.txt
/mnt/deepspeech2_data/voxforge_dataset/wav/cmu_us_slt_arctic_arctic_a0338.wav,/mnt/deepspeech2_data/voxforge_dataset/txt/cmu_us_slt_arctic_arctic_a0338.txt
/mnt/deepspeech2_data/voxforge_dataset/wav/cmu_us_slt_arctic_arctic_a0134.wav,/mnt/deepspeech2_data/voxforge_dataset/txt/cmu_us_slt_arctic_arctic_a0134.txt
/mnt/deepspeech2_data/voxforge_dataset/wav/cmu_us_slt_arctic_arctic_b0283.wav,/mnt/deepspeech2_data/voxforge_dataset/txt/cmu_us_slt_arctic_arctic_b0283.txt
/mnt/deepspeech2_data/voxforge_dataset/wav/cmu_us_slt_arctic_arctic_a0241.wav,/mnt/deepspeech2_data/voxforge_dataset/txt/cmu_us_slt_arctic_arctic_a0241.txt
/mnt/deepspeech2_data/voxforge_dataset/wav/cmu_us_slt_arctic_arctic_a0304.wav,/mnt/deepspeech2_data/voxforge_dataset/txt/cmu_us_slt_arctic_arctic_a0304.txt
/mnt/deepspeech2_data/voxforge_dataset/wav/cmu_us_slt_arctic_arctic_b0287.wav,/mnt/deepspeech2_data/voxforge_dataset/txt/cmu_us_slt_arctic_arctic_b0287.txt
/mnt/deepspeech2_data/voxforge_dataset/wav/cmu_us_slt_arctic_arctic_a0536.wav,/mnt/deepspeech2_data/voxforge_dataset/txt/cmu_us_slt_arctic_arctic_a0536.txt
/mnt/deepspeech2_data/voxforge_dataset/wav/cmu_us_slt_arctic_arctic_b0339.wav,/mnt/deepspeech2_data/voxforge_dataset/txt/cmu_us_slt_arctic_arctic_b0339.txt
/mnt/deepspeech2_data/voxforge_dataset/wav/cmu_us_slt_arctic_arctic_b0119.wav,/mnt/deepspeech2_data/voxforge_dataset/txt/cmu_us_slt_arctic_arctic_b0119.txt
/mnt/deepspeech2_data/voxforge_dataset/wav/cmu_us_slt_arctic_arctic_a0400.wav,/mnt/deepspeech2_data/voxforge_dataset/txt/cmu_us_slt_arctic_arctic_a0400.txt
/mnt/deepspeech2_data/voxforge_dataset/wav/cmu_us_slt_arctic_arctic_a0488.wav,/mnt/deepspeech2_data/voxforge_dataset/txt/cmu_us_slt_arctic_arctic_a0488.txt
/mnt/deepspeech2_data/voxforge_dataset/wav/cmu_us_slt_arctic_arctic_b0346.wav,/mnt/deepspeech2_data/voxforge_dataset/txt/cmu_us_slt_arctic_arctic_b0346.txt
/mnt/deepspeech2_data/voxforge_dataset/wav/cmu_us_slt_arctic_arctic_a0365.wav,/mnt/deepspeech2_data/voxforge_dataset/txt/cmu_us_slt_arctic_arctic_a0365.txt
/mnt/deepspeech2_data/voxforge_dataset/wav/cmu_us_slt_arctic_arctic_a0057.wav,/mnt/deepspeech2_data/voxforge_dataset/txt/cmu_us_slt_arctic_arctic_a0057.txt
/mnt/deepspeech2_data/voxforge_dataset/wav/cmu_us_slt_arctic_arctic_a0419.wav,/mnt/deepspeech2_data/voxforge_dataset/txt/cmu_us_slt_arctic_arctic_a0419.txt
/mnt/deepspeech2_data/voxforge_dataset/wav/cmu_us_slt_arctic_arctic_a0093.wav,/mnt/deepspeech2_data/voxforge_dataset/txt/cmu_us_slt_arctic_arctic_a0093.txt
/mnt/deepspeech2_data/voxforge_dataset/wav/cmu_us_slt_arctic_arctic_b0278.wav,/mnt/deepspeech2_data/voxforge_dataset/txt/cmu_us_slt_arctic_arctic_b0278.txt
/mnt/deepspeech2_data/voxforge_dataset/wav/cmu_us_slt_arctic_arctic_a0248.wav,/mnt/deepspeech2_data/voxforge_dataset/txt/cmu_us_slt_arctic_arctic_a0248.txt
/mnt/deepspeech2_data/voxforge_dataset/wav/cmu_us_slt_arctic_arctic_a0021.wav,/mnt/deepspeech2_data/voxforge_dataset/txt/cmu_us_slt_arctic_arctic_a0021.txt
/mnt/deepspeech2_data/voxforge_dataset/wav/cmu_us_slt_arctic_arctic_a0075.wav,/mnt/deepspeech2_data/voxforge_dataset/txt/cmu_us_slt_arctic_arctic_a0075.txt
/mnt/deepspeech2_data/voxforge_dataset/wav/cmu_us_slt_arctic_arctic_a0143.wav,/mnt/deepspeech2_data/voxforge_dataset/txt/cmu_us_slt_arctic_arctic_a0143.txt
/mnt/deepspeech2_data/voxforge_dataset/wav/cmu_us_slt_arctic_arctic_b0291.wav,/mnt/deepspeech2_data/voxforge_dataset/txt/cmu_us_slt_arctic_arctic_b0291.txt
/mnt/deepspeech2_data/voxforge_dataset/wav/cmu_us_slt_arctic_arctic_a0198.wav,/mnt/deepspeech2_data/voxforge_dataset/txt/cmu_us_slt_arctic_arctic_a0198.txt
/mnt/deepspeech2_data/voxforge_dataset/wav/cmu_us_slt_arctic_arctic_b0274.wav,/mnt/deepspeech2_data/voxforge_dataset/txt/cmu_us_slt_arctic_arctic_b0274.txt
/mnt/deepspeech2_data/voxforge_dataset/wav/cmu_us_slt_arctic_arctic_b0064.wav,/mnt/deepspeech2_data/voxforge_dataset/txt/cmu_us_slt_arctic_arctic_b0064.txt
/mnt/deepspeech2_data/voxforge_dataset/wav/cmu_us_slt_arctic_arctic_b0026.wav,/mnt/deepspeech2_data/voxforge_dataset/txt/cmu_us_slt_arctic_arctic_b0026.txt
/mnt/deepspeech2_data/voxforge_dataset/wav/cmu_us_slt_arctic_arctic_b0426.wav,/mnt/deepspeech2_data/voxforge_dataset/txt/cmu_us_slt_arctic_arctic_b0426.txt
/mnt/deepspeech2_data/voxforge_dataset/wav/cmu_us_slt_arctic_arctic_b0430.wav,/mnt/deepspeech2_data/voxforge_dataset/txt/cmu_us_slt_arctic_arctic_b0430.txt
/mnt/deepspeech2_data/voxforge_dataset/wav/cmu_us_slt_arctic_arctic_a0223.wav,/mnt/deepspeech2_data/voxforge_dataset/txt/cmu_us_slt_arctic_arctic_a0223.txt
/mnt/deepspeech2_data/voxforge_dataset/wav/cmu_us_slt_arctic_arctic_a0273.wav,/mnt/deepspeech2_data/voxforge_dataset/txt/cmu_us_slt_arctic_arctic_a0273.txt
/mnt/deepspeech2_data/voxforge_dataset/wav/cmu_us_slt_arctic_arctic_a0187.wav,/mnt/deepspeech2_data/voxforge_dataset/txt/cmu_us_slt_arctic_arctic_a0187.txt
/mnt/deepspeech2_data/voxforge_dataset/wav/cmu_us_slt_arctic_arctic_b0521.wav,/mnt/deepspeech2_data/voxforge_dataset/txt/cmu_us_slt_arctic_arctic_b0521.txt
/mnt/deepspeech2_data/voxforge_dataset/wav/cmu_us_slt_arctic_arctic_b0338.wav,/mnt/deepspeech2_data/voxforge_dataset/txt/cmu_us_slt_arctic_arctic_b0338.txt
/mnt/deepspeech2_data/voxforge_dataset/wav/cmu_us_slt_arctic_arctic_a0331.wav,/mnt/deepspeech2_data/voxforge_dataset/txt/cmu_us_slt_arctic_arctic_a0331.txt
/mnt/deepspeech2_data/voxforge_dataset/wav/cmu_us_slt_arctic_arctic_a0450.wav,/mnt/deepspeech2_data/voxforge_dataset/txt/cmu_us_slt_arctic_arctic_a0450.txt
/mnt/deepspeech2_data/voxforge_dataset/wav/cmu_us_slt_arctic_arctic_a0442.wav,/mnt/deepspeech2_data/voxforge_dataset/txt/cmu_us_slt_arctic_arctic_a0442.txt
/mnt/deepspeech2_data/voxforge_dataset/wav/cmu_us_slt_arctic_arctic_a0530.wav,/mnt/deepspeech2_data/voxforge_dataset/txt/cmu_us_slt_arctic_arctic_a0530.txt
/mnt/deepspeech2_data/voxforge_dataset/wav/cmu_us_slt_arctic_arctic_b0083.wav,/mnt/deepspeech2_data/voxforge_dataset/txt/cmu_us_slt_arctic_arctic_b0083.txt
/mnt/deepspeech2_data/voxforge_dataset/wav/cmu_us_slt_arctic_arctic_a0571.wav,/mnt/deepspeech2_data/voxforge_dataset/txt/cmu_us_slt_arctic_arctic_a0571.txt
/mnt/deepspeech2_data/voxforge_dataset/wav/cmu_us_slt_arctic_arctic_b0526.wav,/mnt/deepspeech2_data/voxforge_dataset/txt/cmu_us_slt_arctic_arctic_b0526.txt
/mnt/deepspeech2_data/voxforge_dataset/wav/cmu_us_slt_arctic_arctic_a0469.wav,/mnt/deepspeech2_data/voxforge_dataset/txt/cmu_us_slt_arctic_arctic_a0469.txt
/mnt/deepspeech2_data/voxforge_dataset/wav/cmu_us_slt_arctic_arctic_b0240.wav,/mnt/deepspeech2_data/voxforge_dataset/txt/cmu_us_slt_arctic_arctic_b0240.txt
/mnt/deepspeech2_data/voxforge_dataset/wav/cmu_us_slt_arctic_arctic_a0457.wav,/mnt/deepspeech2_data/voxforge_dataset/txt/cmu_us_slt_arctic_arctic_a0457.txt
/mnt/deepspeech2_data/voxforge_dataset/wav/cmu_us_slt_arctic_arctic_a0210.wav,/mnt/deepspeech2_data/voxforge_dataset/txt/cmu_us_slt_arctic_arctic_a0210.txt
/mnt/deepspeech2_data/voxforge_dataset/wav/cmu_us_slt_arctic_arctic_a0006.wav,/mnt/deepspeech2_data/voxforge_dataset/txt/cmu_us_slt_arctic_arctic_a0006.txt
/mnt/deepspeech2_data/voxforge_dataset/wav/cmu_us_slt_arctic_arctic_b0466.wav,/mnt/deepspeech2_data/voxforge_dataset/txt/cmu_us_slt_arctic_arctic_b0466.txt
/mnt/deepspeech2_data/voxforge_dataset/wav/cmu_us_slt_arctic_arctic_b0144.wav,/mnt/deepspeech2_data/voxforge_dataset/txt/cmu_us_slt_arctic_arctic_b0144.txt
/mnt/deepspeech2_data/voxforge_dataset/wav/cmu_us_slt_arctic_arctic_b0359.wav,/mnt/deepspeech2_data/voxforge_dataset/txt/cmu_us_slt_arctic_arctic_b0359.txt
/mnt/deepspeech2_data/voxforge_dataset/wav/cmu_us_slt_arctic_arctic_b0326.wav,/mnt/deepspeech2_data/voxforge_dataset/txt/cmu_us_slt_arctic_arctic_b0326.txt
/mnt/deepspeech2_data/voxforge_dataset/wav/cmu_us_slt_arctic_arctic_a0404.wav,/mnt/deepspeech2_data/voxforge_dataset/txt/cmu_us_slt_arctic_arctic_a0404.txt
/mnt/deepspeech2_data/voxforge_dataset/wav/cmu_us_slt_arctic_arctic_b0392.wav,/mnt/deepspeech2_data/voxforge_dataset/txt/cmu_us_slt_arctic_arctic_b0392.txt
/mnt/deepspeech2_data/voxforge_dataset/wav/cmu_us_slt_arctic_arctic_b0053.wav,/mnt/deepspeech2_data/voxforge_dataset/txt/cmu_us_slt_arctic_arctic_b0053.txt
/mnt/deepspeech2_data/voxforge_dataset/wav/cmu_us_slt_arctic_arctic_a0020.wav,/mnt/deepspeech2_data/voxforge_dataset/txt/cmu_us_slt_arctic_arctic_a0020.txt
/mnt/deepspeech2_data/voxforge_dataset/wav/cmu_us_slt_arctic_arctic_a0529.wav,/mnt/deepspeech2_data/voxforge_dataset/txt/cmu_us_slt_arctic_arctic_a0529.txt
/mnt/deepspeech2_data/voxforge_dataset/wav/cmu_us_slt_arctic_arctic_b0298.wav,/mnt/deepspeech2_data/voxforge_dataset/txt/cmu_us_slt_arctic_arctic_b0298.txt
/mnt/deepspeech2_data/voxforge_dataset/wav/cmu_us_slt_arctic_arctic_b0282.wav,/mnt/deepspeech2_data/voxforge_dataset/txt/cmu_us_slt_arctic_arctic_b0282.txt
/mnt/deepspeech2_data/voxforge_dataset/wav/cmu_us_slt_arctic_arctic_a0064.wav,/mnt/deepspeech2_data/voxforge_dataset/txt/cmu_us_slt_arctic_arctic_a0064.txt
/mnt/deepspeech2_data/voxforge_dataset/wav/cmu_us_slt_arctic_arctic_a0141.wav,/mnt/deepspeech2_data/voxforge_dataset/txt/cmu_us_slt_arctic_arctic_a0141.txt
/mnt/deepspeech2_data/voxforge_dataset/wav/cmu_us_slt_arctic_arctic_a0289.wav,/mnt/deepspeech2_data/voxforge_dataset/txt/cmu_us_slt_arctic_arctic_a0289.txt
/mnt/deepspeech2_data/voxforge_dataset/wav/cmu_us_slt_arctic_arctic_a0376.wav,/mnt/deepspeech2_data/voxforge_dataset/txt/cmu_us_slt_arctic_arctic_a0376.txt
/mnt/deepspeech2_data/voxforge_dataset/wav/cmu_us_slt_arctic_arctic_b0431.wav,/mnt/deepspeech2_data/voxforge_dataset/txt/cmu_us_slt_arctic_arctic_b0431.txt
/mnt/deepspeech2_data/voxforge_dataset/wav/cmu_us_slt_arctic_arctic_a0074.wav,/mnt/deepspeech2_data/voxforge_dataset/txt/cmu_us_slt_arctic_arctic_a0074.txt
/mnt/deepspeech2_data/voxforge_dataset/wav/cmu_us_slt_arctic_arctic_a0157.wav,/mnt/deepspeech2_data/voxforge_dataset/txt/cmu_us_slt_arctic_arctic_a0157.txt
/mnt/deepspeech2_data/voxforge_dataset/wav/cmu_us_slt_arctic_arctic_a0328.wav,/mnt/deepspeech2_data/voxforge_dataset/txt/cmu_us_slt_arctic_arctic_a0328.txt
/mnt/deepspeech2_data/voxforge_dataset/wav/cmu_us_slt_arctic_arctic_b0491.wav,/mnt/deepspeech2_data/voxforge_dataset/txt/cmu_us_slt_arctic_arctic_b0491.txt
/mnt/deepspeech2_data/voxforge_dataset/wav/cmu_us_slt_arctic_arctic_a0144.wav,/mnt/deepspeech2_data/voxforge_dataset/txt/cmu_us_slt_arctic_arctic_a0144.txt
/mnt/deepspeech2_data/voxforge_dataset/wav/cmu_us_slt_arctic_arctic_b0238.wav,/mnt/deepspeech2_data/voxforge_dataset/txt/cmu_us_slt_arctic_arctic_b0238.txt
/mnt/deepspeech2_data/voxforge_dataset/wav/cmu_us_slt_arctic_arctic_b0468.wav,/mnt/deepspeech2_data/voxforge_dataset/txt/cmu_us_slt_arctic_arctic_b0468.txt
/mnt/deepspeech2_data/voxforge_dataset/wav/cmu_us_slt_arctic_arctic_b0434.wav,/mnt/deepspeech2_data/voxforge_dataset/txt/cmu_us_slt_arctic_arctic_b0434.txt
/mnt/deepspeech2_data/voxforge_dataset/wav/cmu_us_slt_arctic_arctic_b0027.wav,/mnt/deepspeech2_data/voxforge_dataset/txt/cmu_us_slt_arctic_arctic_b0027.txt
/mnt/deepspeech2_data/voxforge_dataset/wav/cmu_us_slt_arctic_arctic_a0491.wav,/mnt/deepspeech2_data/voxforge_dataset/txt/cmu_us_slt_arctic_arctic_a0491.txt
/mnt/deepspeech2_data/voxforge_dataset/wav/cmu_us_slt_arctic_arctic_b0055.wav,/mnt/deepspeech2_data/voxforge_dataset/txt/cmu_us_slt_arctic_arctic_b0055.txt
/mnt/deepspeech2_data/voxforge_dataset/wav/cmu_us_slt_arctic_arctic_b0049.wav,/mnt/deepspeech2_data/voxforge_dataset/txt/cmu_us_slt_arctic_arctic_b0049.txt
/mnt/deepspeech2_data/voxforge_dataset/wav/cmu_us_slt_arctic_arctic_a0519.wav,/mnt/deepspeech2_data/voxforge_dataset/txt/cmu_us_slt_arctic_arctic_a0519.txt
/mnt/deepspeech2_data/voxforge_dataset/wav/cmu_us_slt_arctic_arctic_b0172.wav,/mnt/deepspeech2_data/voxforge_dataset/txt/cmu_us_slt_arctic_arctic_b0172.txt
/mnt/deepspeech2_data/voxforge_dataset/wav/cmu_us_slt_arctic_arctic_a0058.wav,/mnt/deepspeech2_data/voxforge_dataset/txt/cmu_us_slt_arctic_arctic_a0058.txt
/mnt/deepspeech2_data/voxforge_dataset/wav/cmu_us_slt_arctic_arctic_b0506.wav,/mnt/deepspeech2_data/voxforge_dataset/txt/cmu_us_slt_arctic_arctic_b0506.txt
/mnt/deepspeech2_data/voxforge_dataset/wav/cmu_us_slt_arctic_arctic_a0483.wav,/mnt/deepspeech2_data/voxforge_dataset/txt/cmu_us_slt_arctic_arctic_a0483.txt
/mnt/deepspeech2_data/voxforge_dataset/wav/cmu_us_slt_arctic_arctic_a0510.wav,/mnt/deepspeech2_data/voxforge_dataset/txt/cmu_us_slt_arctic_arctic_a0510.txt
/mnt/deepspeech2_data/voxforge_dataset/wav/cmu_us_slt_arctic_arctic_b0313.wav,/mnt/deepspeech2_data/voxforge_dataset/txt/cmu_us_slt_arctic_arctic_b0313.txt
/mnt/deepspeech2_data/voxforge_dataset/wav/cmu_us_slt_arctic_arctic_a0073.wav,/mnt/deepspeech2_data/voxforge_dataset/txt/cmu_us_slt_arctic_arctic_a0073.txt
/mnt/deepspeech2_data/voxforge_dataset/wav/cmu_us_slt_arctic_arctic_b0090.wav,/mnt/deepspeech2_data/voxforge_dataset/txt/cmu_us_slt_arctic_arctic_b0090.txt
/mnt/deepspeech2_data/voxforge_dataset/wav/cmu_us_slt_arctic_arctic_a0213.wav,/mnt/deepspeech2_data/voxforge_dataset/txt/cmu_us_slt_arctic_arctic_a0213.txt
/mnt/deepspeech2_data/voxforge_dataset/wav/cmu_us_slt_arctic_arctic_b0060.wav,/mnt/deepspeech2_data/voxforge_dataset/txt/cmu_us_slt_arctic_arctic_b0060.txt
/mnt/deepspeech2_data/voxforge_dataset/wav/cmu_us_slt_arctic_arctic_a0455.wav,/mnt/deepspeech2_data/voxforge_dataset/txt/cmu_us_slt_arctic_arctic_a0455.txt
/mnt/deepspeech2_data/voxforge_dataset/wav/cmu_us_slt_arctic_arctic_a0411.wav,/mnt/deepspeech2_data/voxforge_dataset/txt/cmu_us_slt_arctic_arctic_a0411.txt
/mnt/deepspeech2_data/voxforge_dataset/wav/cmu_us_slt_arctic_arctic_a0088.wav,/mnt/deepspeech2_data/voxforge_dataset/txt/cmu_us_slt_arctic_arctic_a0088.txt
/mnt/deepspeech2_data/voxforge_dataset/wav/cmu_us_slt_arctic_arctic_a0186.wav,/mnt/deepspeech2_data/voxforge_dataset/txt/cmu_us_slt_arctic_arctic_a0186.txt
/mnt/deepspeech2_data/voxforge_dataset/wav/cmu_us_slt_arctic_arctic_b0347.wav,/mnt/deepspeech2_data/voxforge_dataset/txt/cmu_us_slt_arctic_arctic_b0347.txt
/mnt/deepspeech2_data/voxforge_dataset/wav/cmu_us_slt_arctic_arctic_a0024.wav,/mnt/deepspeech2_data/voxforge_dataset/txt/cmu_us_slt_arctic_arctic_a0024.txt
/mnt/deepspeech2_data/voxforge_dataset/wav/cmu_us_slt_arctic_arctic_b0123.wav,/mnt/deepspeech2_data/voxforge_dataset/txt/cmu_us_slt_arctic_arctic_b0123.txt
/mnt/deepspeech2_data/voxforge_dataset/wav/cmu_us_slt_arctic_arctic_b0420.wav,/mnt/deepspeech2_data/voxforge_dataset/txt/cmu_us_slt_arctic_arctic_b0420.txt
/mnt/deepspeech2_data/voxforge_dataset/wav/cmu_us_slt_arctic_arctic_a0569.wav,/mnt/deepspeech2_data/voxforge_dataset/txt/cmu_us_slt_arctic_arctic_a0569.txt
/mnt/deepspeech2_data/voxforge_dataset/wav/cmu_us_slt_arctic_arctic_b0206.wav,/mnt/deepspeech2_data/voxforge_dataset/txt/cmu_us_slt_arctic_arctic_b0206.txt
/mnt/deepspeech2_data/voxforge_dataset/wav/cmu_us_slt_arctic_arctic_a0055.wav,/mnt/deepspeech2_data/voxforge_dataset/txt/cmu_us_slt_arctic_arctic_a0055.txt
/mnt/deepspeech2_data/voxforge_dataset/wav/cmu_us_slt_arctic_arctic_a0249.wav,/mnt/deepspeech2_data/voxforge_dataset/txt/cmu_us_slt_arctic_arctic_a0249.txt
/mnt/deepspeech2_data/voxforge_dataset/wav/cmu_us_slt_arctic_arctic_a0250.wav,/mnt/deepspeech2_data/voxforge_dataset/txt/cmu_us_slt_arctic_arctic_a0250.txt
/mnt/deepspeech2_data/voxforge_dataset/wav/cmu_us_slt_arctic_arctic_b0524.wav,/mnt/deepspeech2_data/voxforge_dataset/txt/cmu_us_slt_arctic_arctic_b0524.txt
/mnt/deepspeech2_data/voxforge_dataset/wav/cmu_us_slt_arctic_arctic_b0480.wav,/mnt/deepspeech2_data/voxforge_dataset/txt/cmu_us_slt_arctic_arctic_b0480.txt
/mnt/deepspeech2_data/voxforge_dataset/wav/cmu_us_slt_arctic_arctic_a0375.wav,/mnt/deepspeech2_data/voxforge_dataset/txt/cmu_us_slt_arctic_arctic_a0375.txt
/mnt/deepspeech2_data/voxforge_dataset/wav/cmu_us_slt_arctic_arctic_b0201.wav,/mnt/deepspeech2_data/voxforge_dataset/txt/cmu_us_slt_arctic_arctic_b0201.txt
/mnt/deepspeech2_data/voxforge_dataset/wav/cmu_us_clb_arctic_arctic_b0228.wav,/mnt/deepspeech2_data/voxforge_dataset/txt/cmu_us_clb_arctic_arctic_b0228.txt
/mnt/deepspeech2_data/voxforge_dataset/wav/cmu_us_clb_arctic_arctic_a0098.wav,/mnt/deepspeech2_data/voxforge_dataset/txt/cmu_us_clb_arctic_arctic_a0098.txt
/mnt/deepspeech2_data/voxforge_dataset/wav/cmu_us_clb_arctic_arctic_a0005.wav,/mnt/deepspeech2_data/voxforge_dataset/txt/cmu_us_clb_arctic_arctic_a0005.txt
/mnt/deepspeech2_data/voxforge_dataset/wav/cmu_us_clb_arctic_arctic_a0351.wav,/mnt/deepspeech2_data/voxforge_dataset/txt/cmu_us_clb_arctic_arctic_a0351.txt
/mnt/deepspeech2_data/voxforge_dataset/wav/cmu_us_clb_arctic_arctic_b0261.wav,/mnt/deepspeech2_data/voxforge_dataset/txt/cmu_us_clb_arctic_arctic_b0261.txt
/mnt/deepspeech2_data/voxforge_dataset/wav/cmu_us_clb_arctic_arctic_a0333.wav,/mnt/deepspeech2_data/voxforge_dataset/txt/cmu_us_clb_arctic_arctic_a0333.txt
/mnt/deepspeech2_data/voxforge_dataset/wav/cmu_us_clb_arctic_arctic_a0236.wav,/mnt/deepspeech2_data/voxforge_dataset/txt/cmu_us_clb_arctic_arctic_a0236.txt
/mnt/deepspeech2_data/voxforge_dataset/wav/cmu_us_clb_arctic_arctic_b0062.wav,/mnt/deepspeech2_data/voxforge_dataset/txt/cmu_us_clb_arctic_arctic_b0062.txt
/mnt/deepspeech2_data/voxforge_dataset/wav/cmu_us_clb_arctic_arctic_b0205.wav,/mnt/deepspeech2_data/voxforge_dataset/txt/cmu_us_clb_arctic_arctic_b0205.txt
/mnt/deepspeech2_data/voxforge_dataset/wav/cmu_us_clb_arctic_arctic_b0388.wav,/mnt/deepspeech2_data/voxforge_dataset/txt/cmu_us_clb_arctic_arctic_b0388.txt
/mnt/deepspeech2_data/voxforge_dataset/wav/cmu_us_clb_arctic_arctic_a0221.wav,/mnt/deepspeech2_data/voxforge_dataset/txt/cmu_us_clb_arctic_arctic_a0221.txt
/mnt/deepspeech2_data/voxforge_dataset/wav/cmu_us_clb_arctic_arctic_b0151.wav,/mnt/deepspeech2_data/voxforge_dataset/txt/cmu_us_clb_arctic_arctic_b0151.txt
/mnt/deepspeech2_data/voxforge_dataset/wav/cmu_us_clb_arctic_arctic_a0272.wav,/mnt/deepspeech2_data/voxforge_dataset/txt/cmu_us_clb_arctic_arctic_a0272.txt
/mnt/deepspeech2_data/voxforge_dataset/wav/cmu_us_clb_arctic_arctic_a0388.wav,/mnt/deepspeech2_data/voxforge_dataset/txt/cmu_us_clb_arctic_arctic_a0388.txt
/mnt/deepspeech2_data/voxforge_dataset/wav/cmu_us_clb_arctic_arctic_b0470.wav,/mnt/deepspeech2_data/voxforge_dataset/txt/cmu_us_clb_arctic_arctic_b0470.txt
/mnt/deepspeech2_data/voxforge_dataset/wav/cmu_us_clb_arctic_arctic_b0535.wav,/mnt/deepspeech2_data/voxforge_dataset/txt/cmu_us_clb_arctic_arctic_b0535.txt
/mnt/deepspeech2_data/voxforge_dataset/wav/cmu_us_clb_arctic_arctic_b0284.wav,/mnt/deepspeech2_data/voxforge_dataset/txt/cmu_us_clb_arctic_arctic_b0284.txt
/mnt/deepspeech2_data/voxforge_dataset/wav/cmu_us_clb_arctic_arctic_b0023.wav,/mnt/deepspeech2_data/voxforge_dataset/txt/cmu_us_clb_arctic_arctic_b0023.txt
/mnt/deepspeech2_data/voxforge_dataset/wav/cmu_us_clb_arctic_arctic_a0400.wav,/mnt/deepspeech2_data/voxforge_dataset/txt/cmu_us_clb_arctic_arctic_a0400.txt
/mnt/deepspeech2_data/voxforge_dataset/wav/cmu_us_clb_arctic_arctic_b0372.wav,/mnt/deepspeech2_data/voxforge_dataset/txt/cmu_us_clb_arctic_arctic_b0372.txt
/mnt/deepspeech2_data/voxforge_dataset/wav/cmu_us_clb_arctic_arctic_a0341.wav,/mnt/deepspeech2_data/voxforge_dataset/txt/cmu_us_clb_arctic_arctic_a0341.txt
/mnt/deepspeech2_data/voxforge_dataset/wav/cmu_us_clb_arctic_arctic_a0526.wav,/mnt/deepspeech2_data/voxforge_dataset/txt/cmu_us_clb_arctic_arctic_a0526.txt
/mnt/deepspeech2_data/voxforge_dataset/wav/cmu_us_clb_arctic_arctic_a0257.wav,/mnt/deepspeech2_data/voxforge_dataset/txt/cmu_us_clb_arctic_arctic_a0257.txt
/mnt/deepspeech2_data/voxforge_dataset/wav/cmu_us_clb_arctic_arctic_a0496.wav,/mnt/deepspeech2_data/voxforge_dataset/txt/cmu_us_clb_arctic_arctic_a0496.txt
/mnt/deepspeech2_data/voxforge_dataset/wav/cmu_us_clb_arctic_arctic_a0338.wav,/mnt/deepspeech2_data/voxforge_dataset/txt/cmu_us_clb_arctic_arctic_a0338.txt
/mnt/deepspeech2_data/voxforge_dataset/wav/cmu_us_clb_arctic_arctic_b0231.wav,/mnt/deepspeech2_data/voxforge_dataset/txt/cmu_us_clb_arctic_arctic_b0231.txt
/mnt/deepspeech2_data/voxforge_dataset/wav/cmu_us_clb_arctic_arctic_b0024.wav,/mnt/deepspeech2_data/voxforge_dataset/txt/cmu_us_clb_arctic_arctic_b0024.txt
/mnt/deepspeech2_data/voxforge_dataset/wav/cmu_us_clb_arctic_arctic_b0194.wav,/mnt/deepspeech2_data/voxforge_dataset/txt/cmu_us_clb_arctic_arctic_b0194.txt
/mnt/deepspeech2_data/voxforge_dataset/wav/cmu_us_clb_arctic_arctic_a0428.wav,/mnt/deepspeech2_data/voxforge_dataset/txt/cmu_us_clb_arctic_arctic_a0428.txt
/mnt/deepspeech2_data/voxforge_dataset/wav/cmu_us_clb_arctic_arctic_b0273.wav,/mnt/deepspeech2_data/voxforge_dataset/txt/cmu_us_clb_arctic_arctic_b0273.txt
/mnt/deepspeech2_data/voxforge_dataset/wav/cmu_us_clb_arctic_arctic_a0301.wav,/mnt/deepspeech2_data/voxforge_dataset/txt/cmu_us_clb_arctic_arctic_a0301.txt
/mnt/deepspeech2_data/voxforge_dataset/wav/cmu_us_clb_arctic_arctic_b0451.wav,/mnt/deepspeech2_data/voxforge_dataset/txt/cmu_us_clb_arctic_arctic_b0451.txt
/mnt/deepspeech2_data/voxforge_dataset/wav/cmu_us_clb_arctic_arctic_b0265.wav,/mnt/deepspeech2_data/voxforge_dataset/txt/cmu_us_clb_arctic_arctic_b0265.txt
/mnt/deepspeech2_data/voxforge_dataset/wav/cmu_us_clb_arctic_arctic_b0291.wav,/mnt/deepspeech2_data/voxforge_dataset/txt/cmu_us_clb_arctic_arctic_b0291.txt
/mnt/deepspeech2_data/voxforge_dataset/wav/cmu_us_clb_arctic_arctic_a0533.wav,/mnt/deepspeech2_data/voxforge_dataset/txt/cmu_us_clb_arctic_arctic_a0533.txt
/mnt/deepspeech2_data/voxforge_dataset/wav/cmu_us_clb_arctic_arctic_a0101.wav,/mnt/deepspeech2_data/voxforge_dataset/txt/cmu_us_clb_arctic_arctic_a0101.txt
/mnt/deepspeech2_data/voxforge_dataset/wav/cmu_us_clb_arctic_arctic_a0071.wav,/mnt/deepspeech2_data/voxforge_dataset/txt/cmu_us_clb_arctic_arctic_a0071.txt
/mnt/deepspeech2_data/voxforge_dataset/wav/cmu_us_clb_arctic_arctic_b0143.wav,/mnt/deepspeech2_data/voxforge_dataset/txt/cmu_us_clb_arctic_arctic_b0143.txt
/mnt/deepspeech2_data/voxforge_dataset/wav/cmu_us_clb_arctic_arctic_b0334.wav,/mnt/deepspeech2_data/voxforge_dataset/txt/cmu_us_clb_arctic_arctic_b0334.txt
/mnt/deepspeech2_data/voxforge_dataset/wav/cmu_us_clb_arctic_arctic_a0209.wav,/mnt/deepspeech2_data/voxforge_dataset/txt/cmu_us_clb_arctic_arctic_a0209.txt
/mnt/deepspeech2_data/voxforge_dataset/wav/cmu_us_clb_arctic_arctic_b0393.wav,/mnt/deepspeech2_data/voxforge_dataset/txt/cmu_us_clb_arctic_arctic_b0393.txt
/mnt/deepspeech2_data/voxforge_dataset/wav/cmu_us_clb_arctic_arctic_a0343.wav,/mnt/deepspeech2_data/voxforge_dataset/txt/cmu_us_clb_arctic_arctic_a0343.txt
/mnt/deepspeech2_data/voxforge_dataset/wav/cmu_us_clb_arctic_arctic_b0169.wav,/mnt/deepspeech2_data/voxforge_dataset/txt/cmu_us_clb_arctic_arctic_b0169.txt
/mnt/deepspeech2_data/voxforge_dataset/wav/cmu_us_clb_arctic_arctic_b0538.wav,/mnt/deepspeech2_data/voxforge_dataset/txt/cmu_us_clb_arctic_arctic_b0538.txt
/mnt/deepspeech2_data/voxforge_dataset/wav/cmu_us_clb_arctic_arctic_a0085.wav,/mnt/deepspeech2_data/voxforge_dataset/txt/cmu_us_clb_arctic_arctic_a0085.txt
/mnt/deepspeech2_data/voxforge_dataset/wav/cmu_us_clb_arctic_arctic_b0235.wav,/mnt/deepspeech2_data/voxforge_dataset/txt/cmu_us_clb_arctic_arctic_b0235.txt
/mnt/deepspeech2_data/voxforge_dataset/wav/cmu_us_clb_arctic_arctic_a0251.wav,/mnt/deepspeech2_data/voxforge_dataset/txt/cmu_us_clb_arctic_arctic_a0251.txt
/mnt/deepspeech2_data/voxforge_dataset/wav/cmu_us_clb_arctic_arctic_a0495.wav,/mnt/deepspeech2_data/voxforge_dataset/txt/cmu_us_clb_arctic_arctic_a0495.txt
/mnt/deepspeech2_data/voxforge_dataset/wav/cmu_us_clb_arctic_arctic_b0197.wav,/mnt/deepspeech2_data/voxforge_dataset/txt/cmu_us_clb_arctic_arctic_b0197.txt
/mnt/deepspeech2_data/voxforge_dataset/wav/cmu_us_clb_arctic_arctic_a0233.wav,/mnt/deepspeech2_data/voxforge_dataset/txt/cmu_us_clb_arctic_arctic_a0233.txt
/mnt/deepspeech2_data/voxforge_dataset/wav/cmu_us_clb_arctic_arctic_b0200.wav,/mnt/deepspeech2_data/voxforge_dataset/txt/cmu_us_clb_arctic_arctic_b0200.txt
/mnt/deepspeech2_data/voxforge_dataset/wav/cmu_us_clb_arctic_arctic_a0103.wav,/mnt/deepspeech2_data/voxforge_dataset/txt/cmu_us_clb_arctic_arctic_a0103.txt
/mnt/deepspeech2_data/voxforge_dataset/wav/cmu_us_clb_arctic_arctic_a0180.wav,/mnt/deepspeech2_data/voxforge_dataset/txt/cmu_us_clb_arctic_arctic_a0180.txt
/mnt/deepspeech2_data/voxforge_dataset/wav/cmu_us_clb_arctic_arctic_a0553.wav,/mnt/deepspeech2_data/voxforge_dataset/txt/cmu_us_clb_arctic_arctic_a0553.txt
/mnt/deepspeech2_data/voxforge_dataset/wav/cmu_us_clb_arctic_arctic_a0078.wav,/mnt/deepspeech2_data/voxforge_dataset/txt/cmu_us_clb_arctic_arctic_a0078.txt
/mnt/deepspeech2_data/voxforge_dataset/wav/cmu_us_clb_arctic_arctic_a0014.wav,/mnt/deepspeech2_data/voxforge_dataset/txt/cmu_us_clb_arctic_arctic_a0014.txt
/mnt/deepspeech2_data/voxforge_dataset/wav/cmu_us_clb_arctic_arctic_b0505.wav,/mnt/deepspeech2_data/voxforge_dataset/txt/cmu_us_clb_arctic_arctic_b0505.txt
/mnt/deepspeech2_data/voxforge_dataset/wav/cmu_us_clb_arctic_arctic_a0518.wav,/mnt/deepspeech2_data/voxforge_dataset/txt/cmu_us_clb_arctic_arctic_a0518.txt
/mnt/deepspeech2_data/voxforge_dataset/wav/cmu_us_clb_arctic_arctic_a0295.wav,/mnt/deepspeech2_data/voxforge_dataset/txt/cmu_us_clb_arctic_arctic_a0295.txt
/mnt/deepspeech2_data/voxforge_dataset/wav/cmu_us_clb_arctic_arctic_a0506.wav,/mnt/deepspeech2_data/voxforge_dataset/txt/cmu_us_clb_arctic_arctic_a0506.txt
/mnt/deepspeech2_data/voxforge_dataset/wav/cmu_us_clb_arctic_arctic_b0426.wav,/mnt/deepspeech2_data/voxforge_dataset/txt/cmu_us_clb_arctic_arctic_b0426.txt
/mnt/deepspeech2_data/voxforge_dataset/wav/cmu_us_clb_arctic_arctic_b0145.wav,/mnt/deepspeech2_data/voxforge_dataset/txt/cmu_us_clb_arctic_arctic_b0145.txt
/mnt/deepspeech2_data/voxforge_dataset/wav/cmu_us_clb_arctic_arctic_a0113.wav,/mnt/deepspeech2_data/voxforge_dataset/txt/cmu_us_clb_arctic_arctic_a0113.txt
/mnt/deepspeech2_data/voxforge_dataset/wav/cmu_us_clb_arctic_arctic_a0006.wav,/mnt/deepspeech2_data/voxforge_dataset/txt/cmu_us_clb_arctic_arctic_a0006.txt
/mnt/deepspeech2_data/voxforge_dataset/wav/cmu_us_clb_arctic_arctic_b0120.wav,/mnt/deepspeech2_data/voxforge_dataset/txt/cmu_us_clb_arctic_arctic_b0120.txt
/mnt/deepspeech2_data/voxforge_dataset/wav/cmu_us_clb_arctic_arctic_a0482.wav,/mnt/deepspeech2_data/voxforge_dataset/txt/cmu_us_clb_arctic_arctic_a0482.txt
/mnt/deepspeech2_data/voxforge_dataset/wav/cmu_us_clb_arctic_arctic_b0241.wav,/mnt/deepspeech2_data/voxforge_dataset/txt/cmu_us_clb_arctic_arctic_b0241.txt
/mnt/deepspeech2_data/voxforge_dataset/wav/cmu_us_clb_arctic_arctic_a0204.wav,/mnt/deepspeech2_data/voxforge_dataset/txt/cmu_us_clb_arctic_arctic_a0204.txt
/mnt/deepspeech2_data/voxforge_dataset/wav/cmu_us_clb_arctic_arctic_a0267.wav,/mnt/deepspeech2_data/voxforge_dataset/txt/cmu_us_clb_arctic_arctic_a0267.txt
/mnt/deepspeech2_data/voxforge_dataset/wav/cmu_us_clb_arctic_arctic_b0233.wav,/mnt/deepspeech2_data/voxforge_dataset/txt/cmu_us_clb_arctic_arctic_b0233.txt
/mnt/deepspeech2_data/voxforge_dataset/wav/cmu_us_clb_arctic_arctic_a0511.wav,/mnt/deepspeech2_data/voxforge_dataset/txt/cmu_us_clb_arctic_arctic_a0511.txt
/mnt/deepspeech2_data/voxforge_dataset/wav/cmu_us_clb_arctic_arctic_a0328.wav,/mnt/deepspeech2_data/voxforge_dataset/txt/cmu_us_clb_arctic_arctic_a0328.txt
/mnt/deepspeech2_data/voxforge_dataset/wav/cmu_us_clb_arctic_arctic_a0335.wav,/mnt/deepspeech2_data/voxforge_dataset/txt/cmu_us_clb_arctic_arctic_a0335.txt
/mnt/deepspeech2_data/voxforge_dataset/wav/cmu_us_clb_arctic_arctic_b0181.wav,/mnt/deepspeech2_data/voxforge_dataset/txt/cmu_us_clb_arctic_arctic_b0181.txt
/mnt/deepspeech2_data/voxforge_dataset/wav/cmu_us_clb_arctic_arctic_a0070.wav,/mnt/deepspeech2_data/voxforge_dataset/txt/cmu_us_clb_arctic_arctic_a0070.txt
/mnt/deepspeech2_data/voxforge_dataset/wav/cmu_us_clb_arctic_arctic_a0003.wav,/mnt/deepspeech2_data/voxforge_dataset/txt/cmu_us_clb_arctic_arctic_a0003.txt
/mnt/deepspeech2_data/voxforge_dataset/wav/cmu_us_clb_arctic_arctic_a0124.wav,/mnt/deepspeech2_data/voxforge_dataset/txt/cmu_us_clb_arctic_arctic_a0124.txt
/mnt/deepspeech2_data/voxforge_dataset/wav/cmu_us_clb_arctic_arctic_b0042.wav,/mnt/deepspeech2_data/voxforge_dataset/txt/cmu_us_clb_arctic_arctic_b0042.txt
/mnt/deepspeech2_data/voxforge_dataset/wav/cmu_us_clb_arctic_arctic_a0364.wav,/mnt/deepspeech2_data/voxforge_dataset/txt/cmu_us_clb_arctic_arctic_a0364.txt
/mnt/deepspeech2_data/voxforge_dataset/wav/cmu_us_clb_arctic_arctic_a0252.wav,/mnt/deepspeech2_data/voxforge_dataset/txt/cmu_us_clb_arctic_arctic_a0252.txt
/mnt/deepspeech2_data/voxforge_dataset/wav/cmu_us_clb_arctic_arctic_a0145.wav,/mnt/deepspeech2_data/voxforge_dataset/txt/cmu_us_clb_arctic_arctic_a0145.txt
/mnt/deepspeech2_data/voxforge_dataset/wav/cmu_us_clb_arctic_arctic_a0002.wav,/mnt/deepspeech2_data/voxforge_dataset/txt/cmu_us_clb_arctic_arctic_a0002.txt
/mnt/deepspeech2_data/voxforge_dataset/wav/cmu_us_clb_arctic_arctic_a0284.wav,/mnt/deepspeech2_data/voxforge_dataset/txt/cmu_us_clb_arctic_arctic_a0284.txt
/mnt/deepspeech2_data/voxforge_dataset/wav/cmu_us_clb_arctic_arctic_a0372.wav,/mnt/deepspeech2_data/voxforge_dataset/txt/cmu_us_clb_arctic_arctic_a0372.txt
/mnt/deepspeech2_data/voxforge_dataset/wav/cmu_us_clb_arctic_arctic_b0172.wav,/mnt/deepspeech2_data/voxforge_dataset/txt/cmu_us_clb_arctic_arctic_b0172.txt
/mnt/deepspeech2_data/voxforge_dataset/wav/cmu_us_clb_arctic_arctic_a0291.wav,/mnt/deepspeech2_data/voxforge_dataset/txt/cmu_us_clb_arctic_arctic_a0291.txt
/mnt/deepspeech2_data/voxforge_dataset/wav/cmu_us_clb_arctic_arctic_a0115.wav,/mnt/deepspeech2_data/voxforge_dataset/txt/cmu_us_clb_arctic_arctic_a0115.txt
/mnt/deepspeech2_data/voxforge_dataset/wav/cmu_us_clb_arctic_arctic_b0305.wav,/mnt/deepspeech2_data/voxforge_dataset/txt/cmu_us_clb_arctic_arctic_b0305.txt
/mnt/deepspeech2_data/voxforge_dataset/wav/cmu_us_clb_arctic_arctic_a0392.wav,/mnt/deepspeech2_data/voxforge_dataset/txt/cmu_us_clb_arctic_arctic_a0392.txt
/mnt/deepspeech2_data/voxforge_dataset/wav/cmu_us_clb_arctic_arctic_b0316.wav,/mnt/deepspeech2_data/voxforge_dataset/txt/cmu_us_clb_arctic_arctic_b0316.txt
/mnt/deepspeech2_data/voxforge_dataset/wav/cmu_us_clb_arctic_arctic_b0061.wav,/mnt/deepspeech2_data/voxforge_dataset/txt/cmu_us_clb_arctic_arctic_b0061.txt
/mnt/deepspeech2_data/voxforge_dataset/wav/cmu_us_clb_arctic_arctic_b0294.wav,/mnt/deepspeech2_data/voxforge_dataset/txt/cmu_us_clb_arctic_arctic_b0294.txt
/mnt/deepspeech2_data/voxforge_dataset/wav/cmu_us_clb_arctic_arctic_b0297.wav,/mnt/deepspeech2_data/voxforge_dataset/txt/cmu_us_clb_arctic_arctic_b0297.txt
/mnt/deepspeech2_data/voxforge_dataset/wav/cmu_us_clb_arctic_arctic_a0104.wav,/mnt/deepspeech2_data/voxforge_dataset/txt/cmu_us_clb_arctic_arctic_a0104.txt
/mnt/deepspeech2_data/voxforge_dataset/wav/cmu_us_clb_arctic_arctic_b0432.wav,/mnt/deepspeech2_data/voxforge_dataset/txt/cmu_us_clb_arctic_arctic_b0432.txt
/mnt/deepspeech2_data/voxforge_dataset/wav/cmu_us_clb_arctic_arctic_a0411.wav,/mnt/deepspeech2_data/voxforge_dataset/txt/cmu_us_clb_arctic_arctic_a0411.txt
/mnt/deepspeech2_data/voxforge_dataset/wav/cmu_us_clb_arctic_arctic_a0164.wav,/mnt/deepspeech2_data/voxforge_dataset/txt/cmu_us_clb_arctic_arctic_a0164.txt
/mnt/deepspeech2_data/voxforge_dataset/wav/cmu_us_clb_arctic_arctic_a0424.wav,/mnt/deepspeech2_data/voxforge_dataset/txt/cmu_us_clb_arctic_arctic_a0424.txt
/mnt/deepspeech2_data/voxforge_dataset/wav/cmu_us_clb_arctic_arctic_a0477.wav,/mnt/deepspeech2_data/voxforge_dataset/txt/cmu_us_clb_arctic_arctic_a0477.txt
/mnt/deepspeech2_data/voxforge_dataset/wav/cmu_us_clb_arctic_arctic_a0016.wav,/mnt/deepspeech2_data/voxforge_dataset/txt/cmu_us_clb_arctic_arctic_a0016.txt
/mnt/deepspeech2_data/voxforge_dataset/wav/cmu_us_clb_arctic_arctic_b0098.wav,/mnt/deepspeech2_data/voxforge_dataset/txt/cmu_us_clb_arctic_arctic_b0098.txt
/mnt/deepspeech2_data/voxforge_dataset/wav/cmu_us_clb_arctic_arctic_a0368.wav,/mnt/deepspeech2_data/voxforge_dataset/txt/cmu_us_clb_arctic_arctic_a0368.txt
/mnt/deepspeech2_data/voxforge_dataset/wav/cmu_us_clb_arctic_arctic_b0304.wav,/mnt/deepspeech2_data/voxforge_dataset/txt/cmu_us_clb_arctic_arctic_b0304.txt
/mnt/deepspeech2_data/voxforge_dataset/wav/cmu_us_clb_arctic_arctic_a0035.wav,/mnt/deepspeech2_data/voxforge_dataset/txt/cmu_us_clb_arctic_arctic_a0035.txt
/mnt/deepspeech2_data/voxforge_dataset/wav/cmu_us_clb_arctic_arctic_a0105.wav,/mnt/deepspeech2_data/voxforge_dataset/txt/cmu_us_clb_arctic_arctic_a0105.txt
/mnt/deepspeech2_data/voxforge_dataset/wav/cmu_us_clb_arctic_arctic_a0017.wav,/mnt/deepspeech2_data/voxforge_dataset/txt/cmu_us_clb_arctic_arctic_a0017.txt
/mnt/deepspeech2_data/voxforge_dataset/wav/cmu_us_clb_arctic_arctic_b0259.wav,/mnt/deepspeech2_data/voxforge_dataset/txt/cmu_us_clb_arctic_arctic_b0259.txt
/mnt/deepspeech2_data/voxforge_dataset/wav/cmu_us_clb_arctic_arctic_b0364.wav,/mnt/deepspeech2_data/voxforge_dataset/txt/cmu_us_clb_arctic_arctic_b0364.txt
/mnt/deepspeech2_data/voxforge_dataset/wav/cmu_us_clb_arctic_arctic_a0055.wav,/mnt/deepspeech2_data/voxforge_dataset/txt/cmu_us_clb_arctic_arctic_a0055.txt
/mnt/deepspeech2_data/voxforge_dataset/wav/cmu_us_clb_arctic_arctic_b0389.wav,/mnt/deepspeech2_data/voxforge_dataset/txt/cmu_us_clb_arctic_arctic_b0389.txt
/mnt/deepspeech2_data/voxforge_dataset/wav/cmu_us_clb_arctic_arctic_b0358.wav,/mnt/deepspeech2_data/voxforge_dataset/txt/cmu_us_clb_arctic_arctic_b0358.txt
/mnt/deepspeech2_data/voxforge_dataset/wav/cmu_us_clb_arctic_arctic_b0204.wav,/mnt/deepspeech2_data/voxforge_dataset/txt/cmu_us_clb_arctic_arctic_b0204.txt
/mnt/deepspeech2_data/voxforge_dataset/wav/cmu_us_clb_arctic_arctic_a0375.wav,/mnt/deepspeech2_data/voxforge_dataset/txt/cmu_us_clb_arctic_arctic_a0375.txt
/mnt/deepspeech2_data/voxforge_dataset/wav/cmu_us_rms_arctic_arctic_a0484.wav,/mnt/deepspeech2_data/voxforge_dataset/txt/cmu_us_rms_arctic_arctic_a0484.txt
/mnt/deepspeech2_data/voxforge_dataset/wav/cmu_us_rms_arctic_arctic_a0018.wav,/mnt/deepspeech2_data/voxforge_dataset/txt/cmu_us_rms_arctic_arctic_a0018.txt
/mnt/deepspeech2_data/voxforge_dataset/wav/cmu_us_rms_arctic_arctic_b0519.wav,/mnt/deepspeech2_data/voxforge_dataset/txt/cmu_us_rms_arctic_arctic_b0519.txt
/mnt/deepspeech2_data/voxforge_dataset/wav/cmu_us_rms_arctic_arctic_b0001.wav,/mnt/deepspeech2_data/voxforge_dataset/txt/cmu_us_rms_arctic_arctic_b0001.txt
/mnt/deepspeech2_data/voxforge_dataset/wav/cmu_us_rms_arctic_arctic_a0236.wav,/mnt/deepspeech2_data/voxforge_dataset/txt/cmu_us_rms_arctic_arctic_a0236.txt
/mnt/deepspeech2_data/voxforge_dataset/wav/cmu_us_rms_arctic_arctic_b0343.wav,/mnt/deepspeech2_data/voxforge_dataset/txt/cmu_us_rms_arctic_arctic_b0343.txt
/mnt/deepspeech2_data/voxforge_dataset/wav/cmu_us_rms_arctic_arctic_b0375.wav,/mnt/deepspeech2_data/voxforge_dataset/txt/cmu_us_rms_arctic_arctic_b0375.txt
/mnt/deepspeech2_data/voxforge_dataset/wav/cmu_us_rms_arctic_arctic_b0088.wav,/mnt/deepspeech2_data/voxforge_dataset/txt/cmu_us_rms_arctic_arctic_b0088.txt
/mnt/deepspeech2_data/voxforge_dataset/wav/cmu_us_rms_arctic_arctic_b0261.wav,/mnt/deepspeech2_data/voxforge_dataset/txt/cmu_us_rms_arctic_arctic_b0261.txt
/mnt/deepspeech2_data/voxforge_dataset/wav/cmu_us_rms_arctic_arctic_a0333.wav,/mnt/deepspeech2_data/voxforge_dataset/txt/cmu_us_rms_arctic_arctic_a0333.txt
/mnt/deepspeech2_data/voxforge_dataset/wav/cmu_us_rms_arctic_arctic_a0362.wav,/mnt/deepspeech2_data/voxforge_dataset/txt/cmu_us_rms_arctic_arctic_a0362.txt
/mnt/deepspeech2_data/voxforge_dataset/wav/cmu_us_rms_arctic_arctic_a0453.wav,/mnt/deepspeech2_data/voxforge_dataset/txt/cmu_us_rms_arctic_arctic_a0453.txt
/mnt/deepspeech2_data/voxforge_dataset/wav/cmu_us_rms_arctic_arctic_b0283.wav,/mnt/deepspeech2_data/voxforge_dataset/txt/cmu_us_rms_arctic_arctic_b0283.txt
/mnt/deepspeech2_data/voxforge_dataset/wav/cmu_us_rms_arctic_arctic_b0084.wav,/mnt/deepspeech2_data/voxforge_dataset/txt/cmu_us_rms_arctic_arctic_b0084.txt
/mnt/deepspeech2_data/voxforge_dataset/wav/cmu_us_rms_arctic_arctic_a0057.wav,/mnt/deepspeech2_data/voxforge_dataset/txt/cmu_us_rms_arctic_arctic_a0057.txt
/mnt/deepspeech2_data/voxforge_dataset/wav/cmu_us_rms_arctic_arctic_a0557.wav,/mnt/deepspeech2_data/voxforge_dataset/txt/cmu_us_rms_arctic_arctic_a0557.txt
/mnt/deepspeech2_data/voxforge_dataset/wav/cmu_us_rms_arctic_arctic_a0241.wav,/mnt/deepspeech2_data/voxforge_dataset/txt/cmu_us_rms_arctic_arctic_a0241.txt
/mnt/deepspeech2_data/voxforge_dataset/wav/cmu_us_rms_arctic_arctic_b0318.wav,/mnt/deepspeech2_data/voxforge_dataset/txt/cmu_us_rms_arctic_arctic_b0318.txt
/mnt/deepspeech2_data/voxforge_dataset/wav/cmu_us_rms_arctic_arctic_b0164.wav,/mnt/deepspeech2_data/voxforge_dataset/txt/cmu_us_rms_arctic_arctic_b0164.txt
/mnt/deepspeech2_data/voxforge_dataset/wav/cmu_us_rms_arctic_arctic_a0089.wav,/mnt/deepspeech2_data/voxforge_dataset/txt/cmu_us_rms_arctic_arctic_a0089.txt
/mnt/deepspeech2_data/voxforge_dataset/wav/cmu_us_rms_arctic_arctic_b0119.wav,/mnt/deepspeech2_data/voxforge_dataset/txt/cmu_us_rms_arctic_arctic_b0119.txt
/mnt/deepspeech2_data/voxforge_dataset/wav/cmu_us_rms_arctic_arctic_a0203.wav,/mnt/deepspeech2_data/voxforge_dataset/txt/cmu_us_rms_arctic_arctic_a0203.txt
/mnt/deepspeech2_data/voxforge_dataset/wav/cmu_us_rms_arctic_arctic_a0390.wav,/mnt/deepspeech2_data/voxforge_dataset/txt/cmu_us_rms_arctic_arctic_a0390.txt
/mnt/deepspeech2_data/voxforge_dataset/wav/cmu_us_rms_arctic_arctic_b0352.wav,/mnt/deepspeech2_data/voxforge_dataset/txt/cmu_us_rms_arctic_arctic_b0352.txt
/mnt/deepspeech2_data/voxforge_dataset/wav/cmu_us_rms_arctic_arctic_b0287.wav,/mnt/deepspeech2_data/voxforge_dataset/txt/cmu_us_rms_arctic_arctic_b0287.txt
/mnt/deepspeech2_data/voxforge_dataset/wav/cmu_us_rms_arctic_arctic_b0130.wav,/mnt/deepspeech2_data/voxforge_dataset/txt/cmu_us_rms_arctic_arctic_b0130.txt
/mnt/deepspeech2_data/voxforge_dataset/wav/cmu_us_rms_arctic_arctic_b0182.wav,/mnt/deepspeech2_data/voxforge_dataset/txt/cmu_us_rms_arctic_arctic_b0182.txt
/mnt/deepspeech2_data/voxforge_dataset/wav/cmu_us_rms_arctic_arctic_a0131.wav,/mnt/deepspeech2_data/voxforge_dataset/txt/cmu_us_rms_arctic_arctic_a0131.txt
/mnt/deepspeech2_data/voxforge_dataset/wav/cmu_us_rms_arctic_arctic_b0301.wav,/mnt/deepspeech2_data/voxforge_dataset/txt/cmu_us_rms_arctic_arctic_b0301.txt
/mnt/deepspeech2_data/voxforge_dataset/wav/cmu_us_rms_arctic_arctic_a0007.wav,/mnt/deepspeech2_data/voxforge_dataset/txt/cmu_us_rms_arctic_arctic_a0007.txt
/mnt/deepspeech2_data/voxforge_dataset/wav/cmu_us_rms_arctic_arctic_b0110.wav,/mnt/deepspeech2_data/voxforge_dataset/txt/cmu_us_rms_arctic_arctic_b0110.txt
/mnt/deepspeech2_data/voxforge_dataset/wav/cmu_us_rms_arctic_arctic_a0442.wav,/mnt/deepspeech2_data/voxforge_dataset/txt/cmu_us_rms_arctic_arctic_a0442.txt
/mnt/deepspeech2_data/voxforge_dataset/wav/cmu_us_rms_arctic_arctic_b0071.wav,/mnt/deepspeech2_data/voxforge_dataset/txt/cmu_us_rms_arctic_arctic_b0071.txt
/mnt/deepspeech2_data/voxforge_dataset/wav/cmu_us_rms_arctic_arctic_b0401.wav,/mnt/deepspeech2_data/voxforge_dataset/txt/cmu_us_rms_arctic_arctic_b0401.txt
/mnt/deepspeech2_data/voxforge_dataset/wav/cmu_us_rms_arctic_arctic_a0359.wav,/mnt/deepspeech2_data/voxforge_dataset/txt/cmu_us_rms_arctic_arctic_a0359.txt
/mnt/deepspeech2_data/voxforge_dataset/wav/cmu_us_rms_arctic_arctic_a0182.wav,/mnt/deepspeech2_data/voxforge_dataset/txt/cmu_us_rms_arctic_arctic_a0182.txt
/mnt/deepspeech2_data/voxforge_dataset/wav/cmu_us_rms_arctic_arctic_a0029.wav,/mnt/deepspeech2_data/voxforge_dataset/txt/cmu_us_rms_arctic_arctic_a0029.txt
/mnt/deepspeech2_data/voxforge_dataset/wav/cmu_us_rms_arctic_arctic_a0499.wav,/mnt/deepspeech2_data/voxforge_dataset/txt/cmu_us_rms_arctic_arctic_a0499.txt
/mnt/deepspeech2_data/voxforge_dataset/wav/cmu_us_rms_arctic_arctic_a0198.wav,/mnt/deepspeech2_data/voxforge_dataset/txt/cmu_us_rms_arctic_arctic_a0198.txt
/mnt/deepspeech2_data/voxforge_dataset/wav/cmu_us_rms_arctic_arctic_a0386.wav,/mnt/deepspeech2_data/voxforge_dataset/txt/cmu_us_rms_arctic_arctic_a0386.txt
/mnt/deepspeech2_data/voxforge_dataset/wav/cmu_us_rms_arctic_arctic_a0263.wav,/mnt/deepspeech2_data/voxforge_dataset/txt/cmu_us_rms_arctic_arctic_a0263.txt
/mnt/deepspeech2_data/voxforge_dataset/wav/cmu_us_rms_arctic_arctic_b0365.wav,/mnt/deepspeech2_data/voxforge_dataset/txt/cmu_us_rms_arctic_arctic_b0365.txt
/mnt/deepspeech2_data/voxforge_dataset/wav/cmu_us_rms_arctic_arctic_a0365.wav,/mnt/deepspeech2_data/voxforge_dataset/txt/cmu_us_rms_arctic_arctic_a0365.txt
/mnt/deepspeech2_data/voxforge_dataset/wav/cmu_us_rms_arctic_arctic_a0011.wav,/mnt/deepspeech2_data/voxforge_dataset/txt/cmu_us_rms_arctic_arctic_a0011.txt
/mnt/deepspeech2_data/voxforge_dataset/wav/cmu_us_rms_arctic_arctic_a0014.wav,/mnt/deepspeech2_data/voxforge_dataset/txt/cmu_us_rms_arctic_arctic_a0014.txt
/mnt/deepspeech2_data/voxforge_dataset/wav/cmu_us_rms_arctic_arctic_a0415.wav,/mnt/deepspeech2_data/voxforge_dataset/txt/cmu_us_rms_arctic_arctic_a0415.txt
/mnt/deepspeech2_data/voxforge_dataset/wav/cmu_us_rms_arctic_arctic_a0515.wav,/mnt/deepspeech2_data/voxforge_dataset/txt/cmu_us_rms_arctic_arctic_a0515.txt
/mnt/deepspeech2_data/voxforge_dataset/wav/cmu_us_rms_arctic_arctic_a0485.wav,/mnt/deepspeech2_data/voxforge_dataset/txt/cmu_us_rms_arctic_arctic_a0485.txt
/mnt/deepspeech2_data/voxforge_dataset/wav/cmu_us_rms_arctic_arctic_b0041.wav,/mnt/deepspeech2_data/voxforge_dataset/txt/cmu_us_rms_arctic_arctic_b0041.txt
/mnt/deepspeech2_data/voxforge_dataset/wav/cmu_us_rms_arctic_arctic_b0257.wav,/mnt/deepspeech2_data/voxforge_dataset/txt/cmu_us_rms_arctic_arctic_b0257.txt
/mnt/deepspeech2_data/voxforge_dataset/wav/cmu_us_rms_arctic_arctic_a0184.wav,/mnt/deepspeech2_data/voxforge_dataset/txt/cmu_us_rms_arctic_arctic_a0184.txt
/mnt/deepspeech2_data/voxforge_dataset/wav/cmu_us_rms_arctic_arctic_b0035.wav,/mnt/deepspeech2_data/voxforge_dataset/txt/cmu_us_rms_arctic_arctic_b0035.txt
/mnt/deepspeech2_data/voxforge_dataset/wav/cmu_us_rms_arctic_arctic_b0406.wav,/mnt/deepspeech2_data/voxforge_dataset/txt/cmu_us_rms_arctic_arctic_b0406.txt
/mnt/deepspeech2_data/voxforge_dataset/wav/cmu_us_rms_arctic_arctic_b0009.wav,/mnt/deepspeech2_data/voxforge_dataset/txt/cmu_us_rms_arctic_arctic_b0009.txt
/mnt/deepspeech2_data/voxforge_dataset/wav/cmu_us_rms_arctic_arctic_a0204.wav,/mnt/deepspeech2_data/voxforge_dataset/txt/cmu_us_rms_arctic_arctic_a0204.txt
/mnt/deepspeech2_data/voxforge_dataset/wav/cmu_us_rms_arctic_arctic_b0393.wav,/mnt/deepspeech2_data/voxforge_dataset/txt/cmu_us_rms_arctic_arctic_b0393.txt
/mnt/deepspeech2_data/voxforge_dataset/wav/cmu_us_rms_arctic_arctic_a0120.wav,/mnt/deepspeech2_data/voxforge_dataset/txt/cmu_us_rms_arctic_arctic_a0120.txt
/mnt/deepspeech2_data/voxforge_dataset/wav/cmu_us_rms_arctic_arctic_b0053.wav,/mnt/deepspeech2_data/voxforge_dataset/txt/cmu_us_rms_arctic_arctic_b0053.txt
/mnt/deepspeech2_data/voxforge_dataset/wav/cmu_us_rms_arctic_arctic_a0220.wav,/mnt/deepspeech2_data/voxforge_dataset/txt/cmu_us_rms_arctic_arctic_a0220.txt
/mnt/deepspeech2_data/voxforge_dataset/wav/cmu_us_rms_arctic_arctic_a0046.wav,/mnt/deepspeech2_data/voxforge_dataset/txt/cmu_us_rms_arctic_arctic_a0046.txt
/mnt/deepspeech2_data/voxforge_dataset/wav/cmu_us_rms_arctic_arctic_a0124.wav,/mnt/deepspeech2_data/voxforge_dataset/txt/cmu_us_rms_arctic_arctic_a0124.txt
/mnt/deepspeech2_data/voxforge_dataset/wav/cmu_us_rms_arctic_arctic_b0350.wav,/mnt/deepspeech2_data/voxforge_dataset/txt/cmu_us_rms_arctic_arctic_b0350.txt
/mnt/deepspeech2_data/voxforge_dataset/wav/cmu_us_rms_arctic_arctic_b0417.wav,/mnt/deepspeech2_data/voxforge_dataset/txt/cmu_us_rms_arctic_arctic_b0417.txt
/mnt/deepspeech2_data/voxforge_dataset/wav/cmu_us_rms_arctic_arctic_a0452.wav,/mnt/deepspeech2_data/voxforge_dataset/txt/cmu_us_rms_arctic_arctic_a0452.txt
/mnt/deepspeech2_data/voxforge_dataset/wav/cmu_us_rms_arctic_arctic_b0080.wav,/mnt/deepspeech2_data/voxforge_dataset/txt/cmu_us_rms_arctic_arctic_b0080.txt
/mnt/deepspeech2_data/voxforge_dataset/wav/cmu_us_rms_arctic_arctic_a0171.wav,/mnt/deepspeech2_data/voxforge_dataset/txt/cmu_us_rms_arctic_arctic_a0171.txt
/mnt/deepspeech2_data/voxforge_dataset/wav/cmu_us_rms_arctic_arctic_a0273.wav,/mnt/deepspeech2_data/voxforge_dataset/txt/cmu_us_rms_arctic_arctic_a0273.txt
/mnt/deepspeech2_data/voxforge_dataset/wav/cmu_us_rms_arctic_arctic_a0468.wav,/mnt/deepspeech2_data/voxforge_dataset/txt/cmu_us_rms_arctic_arctic_a0468.txt
/mnt/deepspeech2_data/voxforge_dataset/wav/cmu_us_rms_arctic_arctic_b0330.wav,/mnt/deepspeech2_data/voxforge_dataset/txt/cmu_us_rms_arctic_arctic_b0330.txt
/mnt/deepspeech2_data/voxforge_dataset/wav/cmu_us_rms_arctic_arctic_a0404.wav,/mnt/deepspeech2_data/voxforge_dataset/txt/cmu_us_rms_arctic_arctic_a0404.txt
/mnt/deepspeech2_data/voxforge_dataset/wav/cmu_us_rms_arctic_arctic_a0522.wav,/mnt/deepspeech2_data/voxforge_dataset/txt/cmu_us_rms_arctic_arctic_a0522.txt
/mnt/deepspeech2_data/voxforge_dataset/wav/cmu_us_rms_arctic_arctic_b0494.wav,/mnt/deepspeech2_data/voxforge_dataset/txt/cmu_us_rms_arctic_arctic_b0494.txt
/mnt/deepspeech2_data/voxforge_dataset/wav/cmu_us_rms_arctic_arctic_a0451.wav,/mnt/deepspeech2_data/voxforge_dataset/txt/cmu_us_rms_arctic_arctic_a0451.txt
/mnt/deepspeech2_data/voxforge_dataset/wav/cmu_us_rms_arctic_arctic_b0223.wav,/mnt/deepspeech2_data/voxforge_dataset/txt/cmu_us_rms_arctic_arctic_b0223.txt
/mnt/deepspeech2_data/voxforge_dataset/wav/cmu_us_rms_arctic_arctic_a0157.wav,/mnt/deepspeech2_data/voxforge_dataset/txt/cmu_us_rms_arctic_arctic_a0157.txt
/mnt/deepspeech2_data/voxforge_dataset/wav/cmu_us_rms_arctic_arctic_b0472.wav,/mnt/deepspeech2_data/voxforge_dataset/txt/cmu_us_rms_arctic_arctic_b0472.txt
/mnt/deepspeech2_data/voxforge_dataset/wav/cmu_us_rms_arctic_arctic_b0395.wav,/mnt/deepspeech2_data/voxforge_dataset/txt/cmu_us_rms_arctic_arctic_b0395.txt
/mnt/deepspeech2_data/voxforge_dataset/wav/cmu_us_rms_arctic_arctic_a0364.wav,/mnt/deepspeech2_data/voxforge_dataset/txt/cmu_us_rms_arctic_arctic_a0364.txt
/mnt/deepspeech2_data/voxforge_dataset/wav/cmu_us_rms_arctic_arctic_a0367.wav,/mnt/deepspeech2_data/voxforge_dataset/txt/cmu_us_rms_arctic_arctic_a0367.txt
/mnt/deepspeech2_data/voxforge_dataset/wav/cmu_us_rms_arctic_arctic_b0042.wav,/mnt/deepspeech2_data/voxforge_dataset/txt/cmu_us_rms_arctic_arctic_b0042.txt
/mnt/deepspeech2_data/voxforge_dataset/wav/cmu_us_rms_arctic_arctic_a0449.wav,/mnt/deepspeech2_data/voxforge_dataset/txt/cmu_us_rms_arctic_arctic_a0449.txt
/mnt/deepspeech2_data/voxforge_dataset/wav/cmu_us_rms_arctic_arctic_a0092.wav,/mnt/deepspeech2_data/voxforge_dataset/txt/cmu_us_rms_arctic_arctic_a0092.txt
/mnt/deepspeech2_data/voxforge_dataset/wav/cmu_us_rms_arctic_arctic_b0441.wav,/mnt/deepspeech2_data/voxforge_dataset/txt/cmu_us_rms_arctic_arctic_b0441.txt
/mnt/deepspeech2_data/voxforge_dataset/wav/cmu_us_rms_arctic_arctic_a0546.wav,/mnt/deepspeech2_data/voxforge_dataset/txt/cmu_us_rms_arctic_arctic_a0546.txt
/mnt/deepspeech2_data/voxforge_dataset/wav/cmu_us_rms_arctic_arctic_a0208.wav,/mnt/deepspeech2_data/voxforge_dataset/txt/cmu_us_rms_arctic_arctic_a0208.txt
/mnt/deepspeech2_data/voxforge_dataset/wav/cmu_us_rms_arctic_arctic_b0162.wav,/mnt/deepspeech2_data/voxforge_dataset/txt/cmu_us_rms_arctic_arctic_b0162.txt
/mnt/deepspeech2_data/voxforge_dataset/wav/cmu_us_rms_arctic_arctic_a0391.wav,/mnt/deepspeech2_data/voxforge_dataset/txt/cmu_us_rms_arctic_arctic_a0391.txt
/mnt/deepspeech2_data/voxforge_dataset/wav/cmu_us_rms_arctic_arctic_a0478.wav,/mnt/deepspeech2_data/voxforge_dataset/txt/cmu_us_rms_arctic_arctic_a0478.txt
/mnt/deepspeech2_data/voxforge_dataset/wav/cmu_us_rms_arctic_arctic_a0017.wav,/mnt/deepspeech2_data/voxforge_dataset/txt/cmu_us_rms_arctic_arctic_a0017.txt
/mnt/deepspeech2_data/voxforge_dataset/wav/cmu_us_rms_arctic_arctic_a0323.wav,/mnt/deepspeech2_data/voxforge_dataset/txt/cmu_us_rms_arctic_arctic_a0323.txt
/mnt/deepspeech2_data/voxforge_dataset/wav/cmu_us_rms_arctic_arctic_a0051.wav,/mnt/deepspeech2_data/voxforge_dataset/txt/cmu_us_rms_arctic_arctic_a0051.txt
/mnt/deepspeech2_data/voxforge_dataset/wav/cmu_us_rms_arctic_arctic_b0296.wav,/mnt/deepspeech2_data/voxforge_dataset/txt/cmu_us_rms_arctic_arctic_b0296.txt
/mnt/deepspeech2_data/voxforge_dataset/wav/cmu_us_rms_arctic_arctic_a0554.wav,/mnt/deepspeech2_data/voxforge_dataset/txt/cmu_us_rms_arctic_arctic_a0554.txt
/mnt/deepspeech2_data/voxforge_dataset/wav/cmu_us_rms_arctic_arctic_b0255.wav,/mnt/deepspeech2_data/voxforge_dataset/txt/cmu_us_rms_arctic_arctic_b0255.txt
/mnt/deepspeech2_data/voxforge_dataset/wav/cmu_us_rms_arctic_arctic_b0199.wav,/mnt/deepspeech2_data/voxforge_dataset/txt/cmu_us_rms_arctic_arctic_b0199.txt
/mnt/deepspeech2_data/voxforge_dataset/wav/cmu_us_rms_arctic_arctic_a0519.wav,/mnt/deepspeech2_data/voxforge_dataset/txt/cmu_us_rms_arctic_arctic_a0519.txt
/mnt/deepspeech2_data/voxforge_dataset/wav/cmu_us_rms_arctic_arctic_b0380.wav,/mnt/deepspeech2_data/voxforge_dataset/txt/cmu_us_rms_arctic_arctic_b0380.txt
/mnt/deepspeech2_data/voxforge_dataset/wav/cmu_us_rms_arctic_arctic_a0555.wav,/mnt/deepspeech2_data/voxforge_dataset/txt/cmu_us_rms_arctic_arctic_a0555.txt
/mnt/deepspeech2_data/voxforge_dataset/wav/cmu_us_rms_arctic_arctic_a0178.wav,/mnt/deepspeech2_data/voxforge_dataset/txt/cmu_us_rms_arctic_arctic_a0178.txt
/mnt/deepspeech2_data/voxforge_dataset/wav/cmu_us_rms_arctic_arctic_a0582.wav,/mnt/deepspeech2_data/voxforge_dataset/txt/cmu_us_rms_arctic_arctic_a0582.txt
/mnt/deepspeech2_data/voxforge_dataset/wav/cmu_us_rms_arctic_arctic_b0484.wav,/mnt/deepspeech2_data/voxforge_dataset/txt/cmu_us_rms_arctic_arctic_b0484.txt
/mnt/deepspeech2_data/voxforge_dataset/wav/cmu_us_rms_arctic_arctic_b0307.wav,/mnt/deepspeech2_data/voxforge_dataset/txt/cmu_us_rms_arctic_arctic_b0307.txt
/mnt/deepspeech2_data/voxforge_dataset/wav/cmu_us_rms_arctic_arctic_a0299.wav,/mnt/deepspeech2_data/voxforge_dataset/txt/cmu_us_rms_arctic_arctic_a0299.txt
/mnt/deepspeech2_data/voxforge_dataset/wav/cmu_us_rms_arctic_arctic_a0402.wav,/mnt/deepspeech2_data/voxforge_dataset/txt/cmu_us_rms_arctic_arctic_a0402.txt
/mnt/deepspeech2_data/voxforge_dataset/wav/cmu_us_rms_arctic_arctic_b0123.wav,/mnt/deepspeech2_data/voxforge_dataset/txt/cmu_us_rms_arctic_arctic_b0123.txt
/mnt/deepspeech2_data/voxforge_dataset/wav/cmu_us_rms_arctic_arctic_b0450.wav,/mnt/deepspeech2_data/voxforge_dataset/txt/cmu_us_rms_arctic_arctic_b0450.txt
/mnt/deepspeech2_data/voxforge_dataset/wav/cmu_us_rms_arctic_arctic_b0382.wav,/mnt/deepspeech2_data/voxforge_dataset/txt/cmu_us_rms_arctic_arctic_b0382.txt
/mnt/deepspeech2_data/voxforge_dataset/wav/cmu_us_rms_arctic_arctic_a0581.wav,/mnt/deepspeech2_data/voxforge_dataset/txt/cmu_us_rms_arctic_arctic_a0581.txt
/mnt/deepspeech2_data/voxforge_dataset/wav/cmu_us_rms_arctic_arctic_b0498.wav,/mnt/deepspeech2_data/voxforge_dataset/txt/cmu_us_rms_arctic_arctic_b0498.txt
/mnt/deepspeech2_data/voxforge_dataset/wav/cmu_us_rms_arctic_arctic_b0364.wav,/mnt/deepspeech2_data/voxforge_dataset/txt/cmu_us_rms_arctic_arctic_b0364.txt
/mnt/deepspeech2_data/voxforge_dataset/wav/cmu_us_rms_arctic_arctic_a0380.wav,/mnt/deepspeech2_data/voxforge_dataset/txt/cmu_us_rms_arctic_arctic_a0380.txt
/mnt/deepspeech2_data/voxforge_dataset/wav/cmu_us_rms_arctic_arctic_b0479.wav,/mnt/deepspeech2_data/voxforge_dataset/txt/cmu_us_rms_arctic_arctic_b0479.txt
/mnt/deepspeech2_data/voxforge_dataset/wav/cmu_us_rms_arctic_arctic_a0387.wav,/mnt/deepspeech2_data/voxforge_dataset/txt/cmu_us_rms_arctic_arctic_a0387.txt
/mnt/deepspeech2_data/voxforge_dataset/wav/cmu_us_rms_arctic_arctic_b0201.wav,/mnt/deepspeech2_data/voxforge_dataset/txt/cmu_us_rms_arctic_arctic_b0201.txt
/mnt/deepspeech2_data/voxforge_dataset/wav/cmu_us_bdl_arctic_arctic_a0389.wav,/mnt/deepspeech2_data/voxforge_dataset/txt/cmu_us_bdl_arctic_arctic_a0389.txt
/mnt/deepspeech2_data/voxforge_dataset/wav/cmu_us_bdl_arctic_arctic_b0102.wav,/mnt/deepspeech2_data/voxforge_dataset/txt/cmu_us_bdl_arctic_arctic_b0102.txt
/mnt/deepspeech2_data/voxforge_dataset/wav/cmu_us_bdl_arctic_arctic_a0381.wav,/mnt/deepspeech2_data/voxforge_dataset/txt/cmu_us_bdl_arctic_arctic_a0381.txt
/mnt/deepspeech2_data/voxforge_dataset/wav/cmu_us_bdl_arctic_arctic_b0001.wav,/mnt/deepspeech2_data/voxforge_dataset/txt/cmu_us_bdl_arctic_arctic_b0001.txt
/mnt/deepspeech2_data/voxforge_dataset/wav/cmu_us_bdl_arctic_arctic_a0379.wav,/mnt/deepspeech2_data/voxforge_dataset/txt/cmu_us_bdl_arctic_arctic_a0379.txt
/mnt/deepspeech2_data/voxforge_dataset/wav/cmu_us_bdl_arctic_arctic_b0511.wav,/mnt/deepspeech2_data/voxforge_dataset/txt/cmu_us_bdl_arctic_arctic_b0511.txt
/mnt/deepspeech2_data/voxforge_dataset/wav/cmu_us_bdl_arctic_arctic_a0399.wav,/mnt/deepspeech2_data/voxforge_dataset/txt/cmu_us_bdl_arctic_arctic_a0399.txt
/mnt/deepspeech2_data/voxforge_dataset/wav/cmu_us_bdl_arctic_arctic_b0464.wav,/mnt/deepspeech2_data/voxforge_dataset/txt/cmu_us_bdl_arctic_arctic_b0464.txt
/mnt/deepspeech2_data/voxforge_dataset/wav/cmu_us_bdl_arctic_arctic_a0195.wav,/mnt/deepspeech2_data/voxforge_dataset/txt/cmu_us_bdl_arctic_arctic_a0195.txt
/mnt/deepspeech2_data/voxforge_dataset/wav/cmu_us_bdl_arctic_arctic_b0128.wav,/mnt/deepspeech2_data/voxforge_dataset/txt/cmu_us_bdl_arctic_arctic_b0128.txt
/mnt/deepspeech2_data/voxforge_dataset/wav/cmu_us_bdl_arctic_arctic_b0088.wav,/mnt/deepspeech2_data/voxforge_dataset/txt/cmu_us_bdl_arctic_arctic_b0088.txt
/mnt/deepspeech2_data/voxforge_dataset/wav/cmu_us_bdl_arctic_arctic_a0100.wav,/mnt/deepspeech2_data/voxforge_dataset/txt/cmu_us_bdl_arctic_arctic_a0100.txt
/mnt/deepspeech2_data/voxforge_dataset/wav/cmu_us_bdl_arctic_arctic_b0436.wav,/mnt/deepspeech2_data/voxforge_dataset/txt/cmu_us_bdl_arctic_arctic_b0436.txt
/mnt/deepspeech2_data/voxforge_dataset/wav/cmu_us_bdl_arctic_arctic_b0346.wav,/mnt/deepspeech2_data/voxforge_dataset/txt/cmu_us_bdl_arctic_arctic_b0346.txt
/mnt/deepspeech2_data/voxforge_dataset/wav/cmu_us_bdl_arctic_arctic_a0340.wav,/mnt/deepspeech2_data/voxforge_dataset/txt/cmu_us_bdl_arctic_arctic_a0340.txt
/mnt/deepspeech2_data/voxforge_dataset/wav/cmu_us_bdl_arctic_arctic_b0262.wav,/mnt/deepspeech2_data/voxforge_dataset/txt/cmu_us_bdl_arctic_arctic_b0262.txt
/mnt/deepspeech2_data/voxforge_dataset/wav/cmu_us_bdl_arctic_arctic_b0198.wav,/mnt/deepspeech2_data/voxforge_dataset/txt/cmu_us_bdl_arctic_arctic_b0198.txt
/mnt/deepspeech2_data/voxforge_dataset/wav/cmu_us_bdl_arctic_arctic_a0232.wav,/mnt/deepspeech2_data/voxforge_dataset/txt/cmu_us_bdl_arctic_arctic_a0232.txt
/mnt/deepspeech2_data/voxforge_dataset/wav/cmu_us_bdl_arctic_arctic_b0151.wav,/mnt/deepspeech2_data/voxforge_dataset/txt/cmu_us_bdl_arctic_arctic_b0151.txt
/mnt/deepspeech2_data/voxforge_dataset/wav/cmu_us_bdl_arctic_arctic_b0422.wav,/mnt/deepspeech2_data/voxforge_dataset/txt/cmu_us_bdl_arctic_arctic_b0422.txt
/mnt/deepspeech2_data/voxforge_dataset/wav/cmu_us_bdl_arctic_arctic_a0057.wav,/mnt/deepspeech2_data/voxforge_dataset/txt/cmu_us_bdl_arctic_arctic_a0057.txt
/mnt/deepspeech2_data/voxforge_dataset/wav/cmu_us_bdl_arctic_arctic_a0460.wav,/mnt/deepspeech2_data/voxforge_dataset/txt/cmu_us_bdl_arctic_arctic_a0460.txt
/mnt/deepspeech2_data/voxforge_dataset/wav/cmu_us_bdl_arctic_arctic_b0338.wav,/mnt/deepspeech2_data/voxforge_dataset/txt/cmu_us_bdl_arctic_arctic_b0338.txt
/mnt/deepspeech2_data/voxforge_dataset/wav/cmu_us_bdl_arctic_arctic_b0457.wav,/mnt/deepspeech2_data/voxforge_dataset/txt/cmu_us_bdl_arctic_arctic_b0457.txt
/mnt/deepspeech2_data/voxforge_dataset/wav/cmu_us_bdl_arctic_arctic_b0034.wav,/mnt/deepspeech2_data/voxforge_dataset/txt/cmu_us_bdl_arctic_arctic_b0034.txt
/mnt/deepspeech2_data/voxforge_dataset/wav/cmu_us_bdl_arctic_arctic_b0462.wav,/mnt/deepspeech2_data/voxforge_dataset/txt/cmu_us_bdl_arctic_arctic_b0462.txt
/mnt/deepspeech2_data/voxforge_dataset/wav/cmu_us_bdl_arctic_arctic_a0293.wav,/mnt/deepspeech2_data/voxforge_dataset/txt/cmu_us_bdl_arctic_arctic_a0293.txt
/mnt/deepspeech2_data/voxforge_dataset/wav/cmu_us_bdl_arctic_arctic_a0505.wav,/mnt/deepspeech2_data/voxforge_dataset/txt/cmu_us_bdl_arctic_arctic_a0505.txt
/mnt/deepspeech2_data/voxforge_dataset/wav/cmu_us_bdl_arctic_arctic_b0522.wav,/mnt/deepspeech2_data/voxforge_dataset/txt/cmu_us_bdl_arctic_arctic_b0522.txt
/mnt/deepspeech2_data/voxforge_dataset/wav/cmu_us_bdl_arctic_arctic_a0223.wav,/mnt/deepspeech2_data/voxforge_dataset/txt/cmu_us_bdl_arctic_arctic_a0223.txt
/mnt/deepspeech2_data/voxforge_dataset/wav/cmu_us_bdl_arctic_arctic_a0290.wav,/mnt/deepspeech2_data/voxforge_dataset/txt/cmu_us_bdl_arctic_arctic_a0290.txt
/mnt/deepspeech2_data/voxforge_dataset/wav/cmu_us_bdl_arctic_arctic_a0206.wav,/mnt/deepspeech2_data/voxforge_dataset/txt/cmu_us_bdl_arctic_arctic_a0206.txt
/mnt/deepspeech2_data/voxforge_dataset/wav/cmu_us_bdl_arctic_arctic_b0053.wav,/mnt/deepspeech2_data/voxforge_dataset/txt/cmu_us_bdl_arctic_arctic_b0053.txt
/mnt/deepspeech2_data/voxforge_dataset/wav/cmu_us_bdl_arctic_arctic_b0229.wav,/mnt/deepspeech2_data/voxforge_dataset/txt/cmu_us_bdl_arctic_arctic_b0229.txt
/mnt/deepspeech2_data/voxforge_dataset/wav/cmu_us_bdl_arctic_arctic_b0530.wav,/mnt/deepspeech2_data/voxforge_dataset/txt/cmu_us_bdl_arctic_arctic_b0530.txt
/mnt/deepspeech2_data/voxforge_dataset/wav/cmu_us_bdl_arctic_arctic_b0022.wav,/mnt/deepspeech2_data/voxforge_dataset/txt/cmu_us_bdl_arctic_arctic_b0022.txt
/mnt/deepspeech2_data/voxforge_dataset/wav/cmu_us_bdl_arctic_arctic_a0304.wav,/mnt/deepspeech2_data/voxforge_dataset/txt/cmu_us_bdl_arctic_arctic_a0304.txt
/mnt/deepspeech2_data/voxforge_dataset/wav/cmu_us_bdl_arctic_arctic_b0216.wav,/mnt/deepspeech2_data/voxforge_dataset/txt/cmu_us_bdl_arctic_arctic_b0216.txt
/mnt/deepspeech2_data/voxforge_dataset/wav/cmu_us_bdl_arctic_arctic_b0393.wav,/mnt/deepspeech2_data/voxforge_dataset/txt/cmu_us_bdl_arctic_arctic_b0393.txt
/mnt/deepspeech2_data/voxforge_dataset/wav/cmu_us_bdl_arctic_arctic_a0436.wav,/mnt/deepspeech2_data/voxforge_dataset/txt/cmu_us_bdl_arctic_arctic_a0436.txt
/mnt/deepspeech2_data/voxforge_dataset/wav/cmu_us_bdl_arctic_arctic_b0248.wav,/mnt/deepspeech2_data/voxforge_dataset/txt/cmu_us_bdl_arctic_arctic_b0248.txt
/mnt/deepspeech2_data/voxforge_dataset/wav/cmu_us_bdl_arctic_arctic_b0146.wav,/mnt/deepspeech2_data/voxforge_dataset/txt/cmu_us_bdl_arctic_arctic_b0146.txt
/mnt/deepspeech2_data/voxforge_dataset/wav/cmu_us_bdl_arctic_arctic_b0539.wav,/mnt/deepspeech2_data/voxforge_dataset/txt/cmu_us_bdl_arctic_arctic_b0539.txt
/mnt/deepspeech2_data/voxforge_dataset/wav/cmu_us_bdl_arctic_arctic_b0118.wav,/mnt/deepspeech2_data/voxforge_dataset/txt/cmu_us_bdl_arctic_arctic_b0118.txt
/mnt/deepspeech2_data/voxforge_dataset/wav/cmu_us_bdl_arctic_arctic_b0114.wav,/mnt/deepspeech2_data/voxforge_dataset/txt/cmu_us_bdl_arctic_arctic_b0114.txt
/mnt/deepspeech2_data/voxforge_dataset/wav/cmu_us_bdl_arctic_arctic_a0442.wav,/mnt/deepspeech2_data/voxforge_dataset/txt/cmu_us_bdl_arctic_arctic_a0442.txt
/mnt/deepspeech2_data/voxforge_dataset/wav/cmu_us_bdl_arctic_arctic_a0550.wav,/mnt/deepspeech2_data/voxforge_dataset/txt/cmu_us_bdl_arctic_arctic_a0550.txt
/mnt/deepspeech2_data/voxforge_dataset/wav/cmu_us_bdl_arctic_arctic_b0528.wav,/mnt/deepspeech2_data/voxforge_dataset/txt/cmu_us_bdl_arctic_arctic_b0528.txt
/mnt/deepspeech2_data/voxforge_dataset/wav/cmu_us_bdl_arctic_arctic_b0157.wav,/mnt/deepspeech2_data/voxforge_dataset/txt/cmu_us_bdl_arctic_arctic_b0157.txt
/mnt/deepspeech2_data/voxforge_dataset/wav/cmu_us_bdl_arctic_arctic_a0468.wav,/mnt/deepspeech2_data/voxforge_dataset/txt/cmu_us_bdl_arctic_arctic_a0468.txt
/mnt/deepspeech2_data/voxforge_dataset/wav/cmu_us_bdl_arctic_arctic_a0042.wav,/mnt/deepspeech2_data/voxforge_dataset/txt/cmu_us_bdl_arctic_arctic_a0042.txt
/mnt/deepspeech2_data/voxforge_dataset/wav/cmu_us_bdl_arctic_arctic_a0076.wav,/mnt/deepspeech2_data/voxforge_dataset/txt/cmu_us_bdl_arctic_arctic_a0076.txt
/mnt/deepspeech2_data/voxforge_dataset/wav/cmu_us_bdl_arctic_arctic_a0177.wav,/mnt/deepspeech2_data/voxforge_dataset/txt/cmu_us_bdl_arctic_arctic_a0177.txt
/mnt/deepspeech2_data/voxforge_dataset/wav/cmu_us_bdl_arctic_arctic_b0332.wav,/mnt/deepspeech2_data/voxforge_dataset/txt/cmu_us_bdl_arctic_arctic_b0332.txt
/mnt/deepspeech2_data/voxforge_dataset/wav/cmu_us_bdl_arctic_arctic_a0518.wav,/mnt/deepspeech2_data/voxforge_dataset/txt/cmu_us_bdl_arctic_arctic_a0518.txt
/mnt/deepspeech2_data/voxforge_dataset/wav/cmu_us_bdl_arctic_arctic_b0028.wav,/mnt/deepspeech2_data/voxforge_dataset/txt/cmu_us_bdl_arctic_arctic_b0028.txt
/mnt/deepspeech2_data/voxforge_dataset/wav/cmu_us_bdl_arctic_arctic_b0013.wav,/mnt/deepspeech2_data/voxforge_dataset/txt/cmu_us_bdl_arctic_arctic_b0013.txt
/mnt/deepspeech2_data/voxforge_dataset/wav/cmu_us_bdl_arctic_arctic_a0237.wav,/mnt/deepspeech2_data/voxforge_dataset/txt/cmu_us_bdl_arctic_arctic_a0237.txt
/mnt/deepspeech2_data/voxforge_dataset/wav/cmu_us_bdl_arctic_arctic_b0361.wav,/mnt/deepspeech2_data/voxforge_dataset/txt/cmu_us_bdl_arctic_arctic_b0361.txt
/mnt/deepspeech2_data/voxforge_dataset/wav/cmu_us_bdl_arctic_arctic_b0395.wav,/mnt/deepspeech2_data/voxforge_dataset/txt/cmu_us_bdl_arctic_arctic_b0395.txt
/mnt/deepspeech2_data/voxforge_dataset/wav/cmu_us_bdl_arctic_arctic_a0461.wav,/mnt/deepspeech2_data/voxforge_dataset/txt/cmu_us_bdl_arctic_arctic_a0461.txt
/mnt/deepspeech2_data/voxforge_dataset/wav/cmu_us_bdl_arctic_arctic_a0078.wav,/mnt/deepspeech2_data/voxforge_dataset/txt/cmu_us_bdl_arctic_arctic_a0078.txt
/mnt/deepspeech2_data/voxforge_dataset/wav/cmu_us_bdl_arctic_arctic_a0417.wav,/mnt/deepspeech2_data/voxforge_dataset/txt/cmu_us_bdl_arctic_arctic_a0417.txt
/mnt/deepspeech2_data/voxforge_dataset/wav/cmu_us_bdl_arctic_arctic_a0513.wav,/mnt/deepspeech2_data/voxforge_dataset/txt/cmu_us_bdl_arctic_arctic_a0513.txt
/mnt/deepspeech2_data/voxforge_dataset/wav/cmu_us_bdl_arctic_arctic_a0568.wav,/mnt/deepspeech2_data/voxforge_dataset/txt/cmu_us_bdl_arctic_arctic_a0568.txt
/mnt/deepspeech2_data/voxforge_dataset/wav/cmu_us_bdl_arctic_arctic_b0349.wav,/mnt/deepspeech2_data/voxforge_dataset/txt/cmu_us_bdl_arctic_arctic_b0349.txt
/mnt/deepspeech2_data/voxforge_dataset/wav/cmu_us_bdl_arctic_arctic_b0065.wav,/mnt/deepspeech2_data/voxforge_dataset/txt/cmu_us_bdl_arctic_arctic_b0065.txt
/mnt/deepspeech2_data/voxforge_dataset/wav/cmu_us_bdl_arctic_arctic_a0384.wav,/mnt/deepspeech2_data/voxforge_dataset/txt/cmu_us_bdl_arctic_arctic_a0384.txt
/mnt/deepspeech2_data/voxforge_dataset/wav/cmu_us_bdl_arctic_arctic_b0056.wav,/mnt/deepspeech2_data/voxforge_dataset/txt/cmu_us_bdl_arctic_arctic_b0056.txt
/mnt/deepspeech2_data/voxforge_dataset/wav/cmu_us_bdl_arctic_arctic_a0423.wav,/mnt/deepspeech2_data/voxforge_dataset/txt/cmu_us_bdl_arctic_arctic_a0423.txt
/mnt/deepspeech2_data/voxforge_dataset/wav/cmu_us_bdl_arctic_arctic_a0452.wav,/mnt/deepspeech2_data/voxforge_dataset/txt/cmu_us_bdl_arctic_arctic_a0452.txt
/mnt/deepspeech2_data/voxforge_dataset/wav/cmu_us_bdl_arctic_arctic_a0274.wav,/mnt/deepspeech2_data/voxforge_dataset/txt/cmu_us_bdl_arctic_arctic_a0274.txt
/mnt/deepspeech2_data/voxforge_dataset/wav/cmu_us_bdl_arctic_arctic_a0512.wav,/mnt/deepspeech2_data/voxforge_dataset/txt/cmu_us_bdl_arctic_arctic_a0512.txt
/mnt/deepspeech2_data/voxforge_dataset/wav/cmu_us_bdl_arctic_arctic_a0539.wav,/mnt/deepspeech2_data/voxforge_dataset/txt/cmu_us_bdl_arctic_arctic_a0539.txt
/mnt/deepspeech2_data/voxforge_dataset/wav/cmu_us_bdl_arctic_arctic_a0074.wav,/mnt/deepspeech2_data/voxforge_dataset/txt/cmu_us_bdl_arctic_arctic_a0074.txt
/mnt/deepspeech2_data/voxforge_dataset/wav/cmu_us_bdl_arctic_arctic_a0560.wav,/mnt/deepspeech2_data/voxforge_dataset/txt/cmu_us_bdl_arctic_arctic_a0560.txt
/mnt/deepspeech2_data/voxforge_dataset/wav/cmu_us_bdl_arctic_arctic_a0522.wav,/mnt/deepspeech2_data/voxforge_dataset/txt/cmu_us_bdl_arctic_arctic_a0522.txt
/mnt/deepspeech2_data/voxforge_dataset/wav/cmu_us_bdl_arctic_arctic_a0463.wav,/mnt/deepspeech2_data/voxforge_dataset/txt/cmu_us_bdl_arctic_arctic_a0463.txt
/mnt/deepspeech2_data/voxforge_dataset/wav/cmu_us_bdl_arctic_arctic_b0414.wav,/mnt/deepspeech2_data/voxforge_dataset/txt/cmu_us_bdl_arctic_arctic_b0414.txt
/mnt/deepspeech2_data/voxforge_dataset/wav/cmu_us_bdl_arctic_arctic_b0425.wav,/mnt/deepspeech2_data/voxforge_dataset/txt/cmu_us_bdl_arctic_arctic_b0425.txt
/mnt/deepspeech2_data/voxforge_dataset/wav/cmu_us_bdl_arctic_arctic_a0122.wav,/mnt/deepspeech2_data/voxforge_dataset/txt/cmu_us_bdl_arctic_arctic_a0122.txt
/mnt/deepspeech2_data/voxforge_dataset/wav/cmu_us_bdl_arctic_arctic_a0225.wav,/mnt/deepspeech2_data/voxforge_dataset/txt/cmu_us_bdl_arctic_arctic_a0225.txt
/mnt/deepspeech2_data/voxforge_dataset/wav/cmu_us_bdl_arctic_arctic_a0047.wav,/mnt/deepspeech2_data/voxforge_dataset/txt/cmu_us_bdl_arctic_arctic_a0047.txt
/mnt/deepspeech2_data/voxforge_dataset/wav/cmu_us_bdl_arctic_arctic_b0294.wav,/mnt/deepspeech2_data/voxforge_dataset/txt/cmu_us_bdl_arctic_arctic_b0294.txt
/mnt/deepspeech2_data/voxforge_dataset/wav/cmu_us_bdl_arctic_arctic_a0538.wav,/mnt/deepspeech2_data/voxforge_dataset/txt/cmu_us_bdl_arctic_arctic_a0538.txt
/mnt/deepspeech2_data/voxforge_dataset/wav/cmu_us_bdl_arctic_arctic_b0210.wav,/mnt/deepspeech2_data/voxforge_dataset/txt/cmu_us_bdl_arctic_arctic_b0210.txt
/mnt/deepspeech2_data/voxforge_dataset/wav/cmu_us_bdl_arctic_arctic_b0373.wav,/mnt/deepspeech2_data/voxforge_dataset/txt/cmu_us_bdl_arctic_arctic_b0373.txt
/mnt/deepspeech2_data/voxforge_dataset/wav/cmu_us_bdl_arctic_arctic_b0247.wav,/mnt/deepspeech2_data/voxforge_dataset/txt/cmu_us_bdl_arctic_arctic_b0247.txt
/mnt/deepspeech2_data/voxforge_dataset/wav/cmu_us_bdl_arctic_arctic_b0488.wav,/mnt/deepspeech2_data/voxforge_dataset/txt/cmu_us_bdl_arctic_arctic_b0488.txt
/mnt/deepspeech2_data/voxforge_dataset/wav/cmu_us_bdl_arctic_arctic_a0471.wav,/mnt/deepspeech2_data/voxforge_dataset/txt/cmu_us_bdl_arctic_arctic_a0471.txt
/mnt/deepspeech2_data/voxforge_dataset/wav/cmu_us_bdl_arctic_arctic_b0199.wav,/mnt/deepspeech2_data/voxforge_dataset/txt/cmu_us_bdl_arctic_arctic_b0199.txt
/mnt/deepspeech2_data/voxforge_dataset/wav/cmu_us_bdl_arctic_arctic_a0002.wav,/mnt/deepspeech2_data/voxforge_dataset/txt/cmu_us_bdl_arctic_arctic_a0002.txt
/mnt/deepspeech2_data/voxforge_dataset/wav/cmu_us_bdl_arctic_arctic_a0508.wav,/mnt/deepspeech2_data/voxforge_dataset/txt/cmu_us_bdl_arctic_arctic_a0508.txt
/mnt/deepspeech2_data/voxforge_dataset/wav/cmu_us_bdl_arctic_arctic_a0284.wav,/mnt/deepspeech2_data/voxforge_dataset/txt/cmu_us_bdl_arctic_arctic_a0284.txt
/mnt/deepspeech2_data/voxforge_dataset/wav/cmu_us_bdl_arctic_arctic_a0324.wav,/mnt/deepspeech2_data/voxforge_dataset/txt/cmu_us_bdl_arctic_arctic_a0324.txt
/mnt/deepspeech2_data/voxforge_dataset/wav/cmu_us_bdl_arctic_arctic_b0098.wav,/mnt/deepspeech2_data/voxforge_dataset/txt/cmu_us_bdl_arctic_arctic_b0098.txt
/mnt/deepspeech2_data/voxforge_dataset/wav/cmu_us_bdl_arctic_arctic_a0527.wav,/mnt/deepspeech2_data/voxforge_dataset/txt/cmu_us_bdl_arctic_arctic_a0527.txt
/mnt/deepspeech2_data/voxforge_dataset/wav/cmu_us_bdl_arctic_arctic_b0124.wav,/mnt/deepspeech2_data/voxforge_dataset/txt/cmu_us_bdl_arctic_arctic_b0124.txt
/mnt/deepspeech2_data/voxforge_dataset/wav/cmu_us_bdl_arctic_arctic_b0313.wav,/mnt/deepspeech2_data/voxforge_dataset/txt/cmu_us_bdl_arctic_arctic_b0313.txt
/mnt/deepspeech2_data/voxforge_dataset/wav/cmu_us_bdl_arctic_arctic_b0374.wav,/mnt/deepspeech2_data/voxforge_dataset/txt/cmu_us_bdl_arctic_arctic_b0374.txt
/mnt/deepspeech2_data/voxforge_dataset/wav/cmu_us_bdl_arctic_arctic_a0319.wav,/mnt/deepspeech2_data/voxforge_dataset/txt/cmu_us_bdl_arctic_arctic_a0319.txt
/mnt/deepspeech2_data/voxforge_dataset/wav/cmu_us_bdl_arctic_arctic_a0050.wav,/mnt/deepspeech2_data/voxforge_dataset/txt/cmu_us_bdl_arctic_arctic_a0050.txt
/mnt/deepspeech2_data/voxforge_dataset/wav/cmu_us_bdl_arctic_arctic_b0420.wav,/mnt/deepspeech2_data/voxforge_dataset/txt/cmu_us_bdl_arctic_arctic_b0420.txt
/mnt/deepspeech2_data/voxforge_dataset/wav/cmu_us_bdl_arctic_arctic_a0276.wav,/mnt/deepspeech2_data/voxforge_dataset/txt/cmu_us_bdl_arctic_arctic_a0276.txt
/mnt/deepspeech2_data/voxforge_dataset/wav/cmu_us_bdl_arctic_arctic_b0358.wav,/mnt/deepspeech2_data/voxforge_dataset/txt/cmu_us_bdl_arctic_arctic_b0358.txt
/mnt/deepspeech2_data/voxforge_dataset/wav/cmu_us_bdl_arctic_arctic_b0465.wav,/mnt/deepspeech2_data/voxforge_dataset/txt/cmu_us_bdl_arctic_arctic_b0465.txt
/mnt/deepspeech2_data/voxforge_dataset/wav/cmu_us_bdl_arctic_arctic_a0249.wav,/mnt/deepspeech2_data/voxforge_dataset/txt/cmu_us_bdl_arctic_arctic_a0249.txt
/mnt/deepspeech2_data/voxforge_dataset/wav/cmu_us_bdl_arctic_arctic_a0283.wav,/mnt/deepspeech2_data/voxforge_dataset/txt/cmu_us_bdl_arctic_arctic_a0283.txt
/mnt/deepspeech2_data/voxforge_dataset/wav/cmu_us_bdl_arctic_arctic_a0027.wav,/mnt/deepspeech2_data/voxforge_dataset/txt/cmu_us_bdl_arctic_arctic_a0027.txt
/mnt/deepspeech2_data/voxforge_dataset/wav/cmu_us_bdl_arctic_arctic_b0407.wav,/mnt/deepspeech2_data/voxforge_dataset/txt/cmu_us_bdl_arctic_arctic_b0407.txt
/mnt/deepspeech2_data/voxforge_dataset/wav/cmu_us_bdl_arctic_arctic_a0136.wav,/mnt/deepspeech2_data/voxforge_dataset/txt/cmu_us_bdl_arctic_arctic_a0136.txt
/mnt/deepspeech2_data/voxforge_dataset/wav/cmu_us_bdl_arctic_arctic_a0525.wav,/mnt/deepspeech2_data/voxforge_dataset/txt/cmu_us_bdl_arctic_arctic_a0525.txt
/mnt/deepspeech2_data/voxforge_dataset/wav/cmu_us_bdl_arctic_arctic_a0387.wav,/mnt/deepspeech2_data/voxforge_dataset/txt/cmu_us_bdl_arctic_arctic_a0387.txt
/mnt/deepspeech2_data/voxforge_dataset/wav/cmu_us_slt_arctic_arctic_a0158.wav,/mnt/deepspeech2_data/voxforge_dataset/txt/cmu_us_slt_arctic_arctic_a0158.txt
/mnt/deepspeech2_data/voxforge_dataset/wav/cmu_us_slt_arctic_arctic_a0215.wav,/mnt/deepspeech2_data/voxforge_dataset/txt/cmu_us_slt_arctic_arctic_a0215.txt
/mnt/deepspeech2_data/voxforge_dataset/wav/cmu_us_slt_arctic_arctic_a0340.wav,/mnt/deepspeech2_data/voxforge_dataset/txt/cmu_us_slt_arctic_arctic_a0340.txt
/mnt/deepspeech2_data/voxforge_dataset/wav/cmu_us_slt_arctic_arctic_a0112.wav,/mnt/deepspeech2_data/voxforge_dataset/txt/cmu_us_slt_arctic_arctic_a0112.txt
/mnt/deepspeech2_data/voxforge_dataset/wav/cmu_us_slt_arctic_arctic_b0519.wav,/mnt/deepspeech2_data/voxforge_dataset/txt/cmu_us_slt_arctic_arctic_b0519.txt
/mnt/deepspeech2_data/voxforge_dataset/wav/cmu_us_slt_arctic_arctic_b0249.wav,/mnt/deepspeech2_data/voxforge_dataset/txt/cmu_us_slt_arctic_arctic_b0249.txt
/mnt/deepspeech2_data/voxforge_dataset/wav/cmu_us_slt_arctic_arctic_a0242.wav,/mnt/deepspeech2_data/voxforge_dataset/txt/cmu_us_slt_arctic_arctic_a0242.txt
/mnt/deepspeech2_data/voxforge_dataset/wav/cmu_us_slt_arctic_arctic_a0421.wav,/mnt/deepspeech2_data/voxforge_dataset/txt/cmu_us_slt_arctic_arctic_a0421.txt
/mnt/deepspeech2_data/voxforge_dataset/wav/cmu_us_slt_arctic_arctic_a0532.wav,/mnt/deepspeech2_data/voxforge_dataset/txt/cmu_us_slt_arctic_arctic_a0532.txt
/mnt/deepspeech2_data/voxforge_dataset/wav/cmu_us_slt_arctic_arctic_b0311.wav,/mnt/deepspeech2_data/voxforge_dataset/txt/cmu_us_slt_arctic_arctic_b0311.txt
/mnt/deepspeech2_data/voxforge_dataset/wav/cmu_us_slt_arctic_arctic_a0591.wav,/mnt/deepspeech2_data/voxforge_dataset/txt/cmu_us_slt_arctic_arctic_a0591.txt
/mnt/deepspeech2_data/voxforge_dataset/wav/cmu_us_slt_arctic_arctic_b0128.wav,/mnt/deepspeech2_data/voxforge_dataset/txt/cmu_us_slt_arctic_arctic_b0128.txt
/mnt/deepspeech2_data/voxforge_dataset/wav/cmu_us_slt_arctic_arctic_b0159.wav,/mnt/deepspeech2_data/voxforge_dataset/txt/cmu_us_slt_arctic_arctic_b0159.txt
/mnt/deepspeech2_data/voxforge_dataset/wav/cmu_us_slt_arctic_arctic_a0081.wav,/mnt/deepspeech2_data/voxforge_dataset/txt/cmu_us_slt_arctic_arctic_a0081.txt
/mnt/deepspeech2_data/voxforge_dataset/wav/cmu_us_slt_arctic_arctic_b0133.wav,/mnt/deepspeech2_data/voxforge_dataset/txt/cmu_us_slt_arctic_arctic_b0133.txt
/mnt/deepspeech2_data/voxforge_dataset/wav/cmu_us_slt_arctic_arctic_a0444.wav,/mnt/deepspeech2_data/voxforge_dataset/txt/cmu_us_slt_arctic_arctic_a0444.txt
/mnt/deepspeech2_data/voxforge_dataset/wav/cmu_us_slt_arctic_arctic_b0220.wav,/mnt/deepspeech2_data/voxforge_dataset/txt/cmu_us_slt_arctic_arctic_b0220.txt
/mnt/deepspeech2_data/voxforge_dataset/wav/cmu_us_slt_arctic_arctic_a0311.wav,/mnt/deepspeech2_data/voxforge_dataset/txt/cmu_us_slt_arctic_arctic_a0311.txt
/mnt/deepspeech2_data/voxforge_dataset/wav/cmu_us_slt_arctic_arctic_b0194.wav,/mnt/deepspeech2_data/voxforge_dataset/txt/cmu_us_slt_arctic_arctic_b0194.txt
/mnt/deepspeech2_data/voxforge_dataset/wav/cmu_us_slt_arctic_arctic_b0436.wav,/mnt/deepspeech2_data/voxforge_dataset/txt/cmu_us_slt_arctic_arctic_b0436.txt
/mnt/deepspeech2_data/voxforge_dataset/wav/cmu_us_slt_arctic_arctic_a0362.wav,/mnt/deepspeech2_data/voxforge_dataset/txt/cmu_us_slt_arctic_arctic_a0362.txt
/mnt/deepspeech2_data/voxforge_dataset/wav/cmu_us_slt_arctic_arctic_a0206.wav,/mnt/deepspeech2_data/voxforge_dataset/txt/cmu_us_slt_arctic_arctic_a0206.txt
/mnt/deepspeech2_data/voxforge_dataset/wav/cmu_us_slt_arctic_arctic_a0218.wav,/mnt/deepspeech2_data/voxforge_dataset/txt/cmu_us_slt_arctic_arctic_a0218.txt
/mnt/deepspeech2_data/voxforge_dataset/wav/cmu_us_slt_arctic_arctic_b0044.wav,/mnt/deepspeech2_data/voxforge_dataset/txt/cmu_us_slt_arctic_arctic_b0044.txt
/mnt/deepspeech2_data/voxforge_dataset/wav/cmu_us_slt_arctic_arctic_b0203.wav,/mnt/deepspeech2_data/voxforge_dataset/txt/cmu_us_slt_arctic_arctic_b0203.txt
/mnt/deepspeech2_data/voxforge_dataset/wav/cmu_us_slt_arctic_arctic_b0018.wav,/mnt/deepspeech2_data/voxforge_dataset/txt/cmu_us_slt_arctic_arctic_b0018.txt
/mnt/deepspeech2_data/voxforge_dataset/wav/cmu_us_slt_arctic_arctic_a0359.wav,/mnt/deepspeech2_data/voxforge_dataset/txt/cmu_us_slt_arctic_arctic_a0359.txt
/mnt/deepspeech2_data/voxforge_dataset/wav/cmu_us_slt_arctic_arctic_a0386.wav,/mnt/deepspeech2_data/voxforge_dataset/txt/cmu_us_slt_arctic_arctic_a0386.txt
/mnt/deepspeech2_data/voxforge_dataset/wav/cmu_us_slt_arctic_arctic_b0195.wav,/mnt/deepspeech2_data/voxforge_dataset/txt/cmu_us_slt_arctic_arctic_b0195.txt
/mnt/deepspeech2_data/voxforge_dataset/wav/cmu_us_slt_arctic_arctic_a0353.wav,/mnt/deepspeech2_data/voxforge_dataset/txt/cmu_us_slt_arctic_arctic_a0353.txt
/mnt/deepspeech2_data/voxforge_dataset/wav/cmu_us_slt_arctic_arctic_a0182.wav,/mnt/deepspeech2_data/voxforge_dataset/txt/cmu_us_slt_arctic_arctic_a0182.txt
/mnt/deepspeech2_data/voxforge_dataset/wav/cmu_us_slt_arctic_arctic_b0302.wav,/mnt/deepspeech2_data/voxforge_dataset/txt/cmu_us_slt_arctic_arctic_b0302.txt
/mnt/deepspeech2_data/voxforge_dataset/wav/cmu_us_slt_arctic_arctic_a0461.wav,/mnt/deepspeech2_data/voxforge_dataset/txt/cmu_us_slt_arctic_arctic_a0461.txt
/mnt/deepspeech2_data/voxforge_dataset/wav/cmu_us_slt_arctic_arctic_a0294.wav,/mnt/deepspeech2_data/voxforge_dataset/txt/cmu_us_slt_arctic_arctic_a0294.txt
/mnt/deepspeech2_data/voxforge_dataset/wav/cmu_us_slt_arctic_arctic_a0551.wav,/mnt/deepspeech2_data/voxforge_dataset/txt/cmu_us_slt_arctic_arctic_a0551.txt
/mnt/deepspeech2_data/voxforge_dataset/wav/cmu_us_slt_arctic_arctic_a0393.wav,/mnt/deepspeech2_data/voxforge_dataset/txt/cmu_us_slt_arctic_arctic_a0393.txt
/mnt/deepspeech2_data/voxforge_dataset/wav/cmu_us_slt_arctic_arctic_a0131.wav,/mnt/deepspeech2_data/voxforge_dataset/txt/cmu_us_slt_arctic_arctic_a0131.txt
/mnt/deepspeech2_data/voxforge_dataset/wav/cmu_us_slt_arctic_arctic_b0442.wav,/mnt/deepspeech2_data/voxforge_dataset/txt/cmu_us_slt_arctic_arctic_b0442.txt
/mnt/deepspeech2_data/voxforge_dataset/wav/cmu_us_slt_arctic_arctic_a0592.wav,/mnt/deepspeech2_data/voxforge_dataset/txt/cmu_us_slt_arctic_arctic_a0592.txt
/mnt/deepspeech2_data/voxforge_dataset/wav/cmu_us_slt_arctic_arctic_a0465.wav,/mnt/deepspeech2_data/voxforge_dataset/txt/cmu_us_slt_arctic_arctic_a0465.txt
/mnt/deepspeech2_data/voxforge_dataset/wav/cmu_us_slt_arctic_arctic_b0237.wav,/mnt/deepspeech2_data/voxforge_dataset/txt/cmu_us_slt_arctic_arctic_b0237.txt
/mnt/deepspeech2_data/voxforge_dataset/wav/cmu_us_slt_arctic_arctic_a0196.wav,/mnt/deepspeech2_data/voxforge_dataset/txt/cmu_us_slt_arctic_arctic_a0196.txt
/mnt/deepspeech2_data/voxforge_dataset/wav/cmu_us_slt_arctic_arctic_a0326.wav,/mnt/deepspeech2_data/voxforge_dataset/txt/cmu_us_slt_arctic_arctic_a0326.txt
/mnt/deepspeech2_data/voxforge_dataset/wav/cmu_us_slt_arctic_arctic_a0518.wav,/mnt/deepspeech2_data/voxforge_dataset/txt/cmu_us_slt_arctic_arctic_a0518.txt
/mnt/deepspeech2_data/voxforge_dataset/wav/cmu_us_slt_arctic_arctic_a0314.wav,/mnt/deepspeech2_data/voxforge_dataset/txt/cmu_us_slt_arctic_arctic_a0314.txt
/mnt/deepspeech2_data/voxforge_dataset/wav/cmu_us_slt_arctic_arctic_a0550.wav,/mnt/deepspeech2_data/voxforge_dataset/txt/cmu_us_slt_arctic_arctic_a0550.txt
/mnt/deepspeech2_data/voxforge_dataset/wav/cmu_us_slt_arctic_arctic_a0220.wav,/mnt/deepspeech2_data/voxforge_dataset/txt/cmu_us_slt_arctic_arctic_a0220.txt
/mnt/deepspeech2_data/voxforge_dataset/wav/cmu_us_slt_arctic_arctic_b0233.wav,/mnt/deepspeech2_data/voxforge_dataset/txt/cmu_us_slt_arctic_arctic_b0233.txt
/mnt/deepspeech2_data/voxforge_dataset/wav/cmu_us_slt_arctic_arctic_b0514.wav,/mnt/deepspeech2_data/voxforge_dataset/txt/cmu_us_slt_arctic_arctic_b0514.txt
/mnt/deepspeech2_data/voxforge_dataset/wav/cmu_us_slt_arctic_arctic_b0051.wav,/mnt/deepspeech2_data/voxforge_dataset/txt/cmu_us_slt_arctic_arctic_b0051.txt
/mnt/deepspeech2_data/voxforge_dataset/wav/cmu_us_slt_arctic_arctic_b0185.wav,/mnt/deepspeech2_data/voxforge_dataset/txt/cmu_us_slt_arctic_arctic_b0185.txt
/mnt/deepspeech2_data/voxforge_dataset/wav/cmu_us_slt_arctic_arctic_a0476.wav,/mnt/deepspeech2_data/voxforge_dataset/txt/cmu_us_slt_arctic_arctic_a0476.txt
/mnt/deepspeech2_data/voxforge_dataset/wav/cmu_us_slt_arctic_arctic_b0200.wav,/mnt/deepspeech2_data/voxforge_dataset/txt/cmu_us_slt_arctic_arctic_b0200.txt
/mnt/deepspeech2_data/voxforge_dataset/wav/cmu_us_slt_arctic_arctic_b0059.wav,/mnt/deepspeech2_data/voxforge_dataset/txt/cmu_us_slt_arctic_arctic_b0059.txt
/mnt/deepspeech2_data/voxforge_dataset/wav/cmu_us_slt_arctic_arctic_a0426.wav,/mnt/deepspeech2_data/voxforge_dataset/txt/cmu_us_slt_arctic_arctic_a0426.txt
/mnt/deepspeech2_data/voxforge_dataset/wav/cmu_us_slt_arctic_arctic_b0041.wav,/mnt/deepspeech2_data/voxforge_dataset/txt/cmu_us_slt_arctic_arctic_b0041.txt
/mnt/deepspeech2_data/voxforge_dataset/wav/cmu_us_slt_arctic_arctic_b0332.wav,/mnt/deepspeech2_data/voxforge_dataset/txt/cmu_us_slt_arctic_arctic_b0332.txt
/mnt/deepspeech2_data/voxforge_dataset/wav/cmu_us_slt_arctic_arctic_a0078.wav,/mnt/deepspeech2_data/voxforge_dataset/txt/cmu_us_slt_arctic_arctic_a0078.txt
/mnt/deepspeech2_data/voxforge_dataset/wav/cmu_us_slt_arctic_arctic_b0005.wav,/mnt/deepspeech2_data/voxforge_dataset/txt/cmu_us_slt_arctic_arctic_b0005.txt
/mnt/deepspeech2_data/voxforge_dataset/wav/cmu_us_slt_arctic_arctic_a0574.wav,/mnt/deepspeech2_data/voxforge_dataset/txt/cmu_us_slt_arctic_arctic_a0574.txt
/mnt/deepspeech2_data/voxforge_dataset/wav/cmu_us_slt_arctic_arctic_b0069.wav,/mnt/deepspeech2_data/voxforge_dataset/txt/cmu_us_slt_arctic_arctic_b0069.txt
/mnt/deepspeech2_data/voxforge_dataset/wav/cmu_us_slt_arctic_arctic_b0315.wav,/mnt/deepspeech2_data/voxforge_dataset/txt/cmu_us_slt_arctic_arctic_b0315.txt
/mnt/deepspeech2_data/voxforge_dataset/wav/cmu_us_slt_arctic_arctic_a0053.wav,/mnt/deepspeech2_data/voxforge_dataset/txt/cmu_us_slt_arctic_arctic_a0053.txt
/mnt/deepspeech2_data/voxforge_dataset/wav/cmu_us_slt_arctic_arctic_b0348.wav,/mnt/deepspeech2_data/voxforge_dataset/txt/cmu_us_slt_arctic_arctic_b0348.txt
/mnt/deepspeech2_data/voxforge_dataset/wav/cmu_us_slt_arctic_arctic_b0168.wav,/mnt/deepspeech2_data/voxforge_dataset/txt/cmu_us_slt_arctic_arctic_b0168.txt
/mnt/deepspeech2_data/voxforge_dataset/wav/cmu_us_slt_arctic_arctic_b0082.wav,/mnt/deepspeech2_data/voxforge_dataset/txt/cmu_us_slt_arctic_arctic_b0082.txt
/mnt/deepspeech2_data/voxforge_dataset/wav/cmu_us_slt_arctic_arctic_a0121.wav,/mnt/deepspeech2_data/voxforge_dataset/txt/cmu_us_slt_arctic_arctic_a0121.txt
/mnt/deepspeech2_data/voxforge_dataset/wav/cmu_us_slt_arctic_arctic_a0585.wav,/mnt/deepspeech2_data/voxforge_dataset/txt/cmu_us_slt_arctic_arctic_a0585.txt
/mnt/deepspeech2_data/voxforge_dataset/wav/cmu_us_slt_arctic_arctic_a0394.wav,/mnt/deepspeech2_data/voxforge_dataset/txt/cmu_us_slt_arctic_arctic_a0394.txt
/mnt/deepspeech2_data/voxforge_dataset/wav/cmu_us_slt_arctic_arctic_a0378.wav,/mnt/deepspeech2_data/voxforge_dataset/txt/cmu_us_slt_arctic_arctic_a0378.txt
/mnt/deepspeech2_data/voxforge_dataset/wav/cmu_us_slt_arctic_arctic_b0066.wav,/mnt/deepspeech2_data/voxforge_dataset/txt/cmu_us_slt_arctic_arctic_b0066.txt
/mnt/deepspeech2_data/voxforge_dataset/wav/cmu_us_slt_arctic_arctic_a0096.wav,/mnt/deepspeech2_data/voxforge_dataset/txt/cmu_us_slt_arctic_arctic_a0096.txt
/mnt/deepspeech2_data/voxforge_dataset/wav/cmu_us_slt_arctic_arctic_b0518.wav,/mnt/deepspeech2_data/voxforge_dataset/txt/cmu_us_slt_arctic_arctic_b0518.txt
/mnt/deepspeech2_data/voxforge_dataset/wav/cmu_us_slt_arctic_arctic_b0361.wav,/mnt/deepspeech2_data/voxforge_dataset/txt/cmu_us_slt_arctic_arctic_b0361.txt
/mnt/deepspeech2_data/voxforge_dataset/wav/cmu_us_slt_arctic_arctic_a0539.wav,/mnt/deepspeech2_data/voxforge_dataset/txt/cmu_us_slt_arctic_arctic_a0539.txt
/mnt/deepspeech2_data/voxforge_dataset/wav/cmu_us_slt_arctic_arctic_b0321.wav,/mnt/deepspeech2_data/voxforge_dataset/txt/cmu_us_slt_arctic_arctic_b0321.txt
/mnt/deepspeech2_data/voxforge_dataset/wav/cmu_us_slt_arctic_arctic_a0124.wav,/mnt/deepspeech2_data/voxforge_dataset/txt/cmu_us_slt_arctic_arctic_a0124.txt
/mnt/deepspeech2_data/voxforge_dataset/wav/cmu_us_slt_arctic_arctic_a0199.wav,/mnt/deepspeech2_data/voxforge_dataset/txt/cmu_us_slt_arctic_arctic_a0199.txt
/mnt/deepspeech2_data/voxforge_dataset/wav/cmu_us_slt_arctic_arctic_a0046.wav,/mnt/deepspeech2_data/voxforge_dataset/txt/cmu_us_slt_arctic_arctic_a0046.txt
/mnt/deepspeech2_data/voxforge_dataset/wav/cmu_us_slt_arctic_arctic_a0164.wav,/mnt/deepspeech2_data/voxforge_dataset/txt/cmu_us_slt_arctic_arctic_a0164.txt
/mnt/deepspeech2_data/voxforge_dataset/wav/cmu_us_slt_arctic_arctic_b0400.wav,/mnt/deepspeech2_data/voxforge_dataset/txt/cmu_us_slt_arctic_arctic_b0400.txt
/mnt/deepspeech2_data/voxforge_dataset/wav/cmu_us_slt_arctic_arctic_b0305.wav,/mnt/deepspeech2_data/voxforge_dataset/txt/cmu_us_slt_arctic_arctic_b0305.txt
/mnt/deepspeech2_data/voxforge_dataset/wav/cmu_us_slt_arctic_arctic_b0294.wav,/mnt/deepspeech2_data/voxforge_dataset/txt/cmu_us_slt_arctic_arctic_b0294.txt
/mnt/deepspeech2_data/voxforge_dataset/wav/cmu_us_slt_arctic_arctic_a0211.wav,/mnt/deepspeech2_data/voxforge_dataset/txt/cmu_us_slt_arctic_arctic_a0211.txt
/mnt/deepspeech2_data/voxforge_dataset/wav/cmu_us_slt_arctic_arctic_a0377.wav,/mnt/deepspeech2_data/voxforge_dataset/txt/cmu_us_slt_arctic_arctic_a0377.txt
/mnt/deepspeech2_data/voxforge_dataset/wav/cmu_us_slt_arctic_arctic_b0126.wav,/mnt/deepspeech2_data/voxforge_dataset/txt/cmu_us_slt_arctic_arctic_b0126.txt
/mnt/deepspeech2_data/voxforge_dataset/wav/cmu_us_slt_arctic_arctic_b0411.wav,/mnt/deepspeech2_data/voxforge_dataset/txt/cmu_us_slt_arctic_arctic_b0411.txt
/mnt/deepspeech2_data/voxforge_dataset/wav/cmu_us_slt_arctic_arctic_b0091.wav,/mnt/deepspeech2_data/voxforge_dataset/txt/cmu_us_slt_arctic_arctic_b0091.txt
/mnt/deepspeech2_data/voxforge_dataset/wav/cmu_us_slt_arctic_arctic_b0290.wav,/mnt/deepspeech2_data/voxforge_dataset/txt/cmu_us_slt_arctic_arctic_b0290.txt
/mnt/deepspeech2_data/voxforge_dataset/wav/cmu_us_slt_arctic_arctic_a0382.wav,/mnt/deepspeech2_data/voxforge_dataset/txt/cmu_us_slt_arctic_arctic_a0382.txt
/mnt/deepspeech2_data/voxforge_dataset/wav/cmu_us_slt_arctic_arctic_b0109.wav,/mnt/deepspeech2_data/voxforge_dataset/txt/cmu_us_slt_arctic_arctic_b0109.txt
/mnt/deepspeech2_data/voxforge_dataset/wav/cmu_us_slt_arctic_arctic_a0092.wav,/mnt/deepspeech2_data/voxforge_dataset/txt/cmu_us_slt_arctic_arctic_a0092.txt
/mnt/deepspeech2_data/voxforge_dataset/wav/cmu_us_slt_arctic_arctic_b0061.wav,/mnt/deepspeech2_data/voxforge_dataset/txt/cmu_us_slt_arctic_arctic_b0061.txt
/mnt/deepspeech2_data/voxforge_dataset/wav/cmu_us_slt_arctic_arctic_a0111.wav,/mnt/deepspeech2_data/voxforge_dataset/txt/cmu_us_slt_arctic_arctic_a0111.txt
/mnt/deepspeech2_data/voxforge_dataset/wav/cmu_us_slt_arctic_arctic_a0032.wav,/mnt/deepspeech2_data/voxforge_dataset/txt/cmu_us_slt_arctic_arctic_a0032.txt
/mnt/deepspeech2_data/voxforge_dataset/wav/cmu_us_slt_arctic_arctic_a0479.wav,/mnt/deepspeech2_data/voxforge_dataset/txt/cmu_us_slt_arctic_arctic_a0479.txt
/mnt/deepspeech2_data/voxforge_dataset/wav/cmu_us_slt_arctic_arctic_b0385.wav,/mnt/deepspeech2_data/voxforge_dataset/txt/cmu_us_slt_arctic_arctic_b0385.txt
/mnt/deepspeech2_data/voxforge_dataset/wav/cmu_us_slt_arctic_arctic_b0476.wav,/mnt/deepspeech2_data/voxforge_dataset/txt/cmu_us_slt_arctic_arctic_b0476.txt
/mnt/deepspeech2_data/voxforge_dataset/wav/cmu_us_slt_arctic_arctic_b0499.wav,/mnt/deepspeech2_data/voxforge_dataset/txt/cmu_us_slt_arctic_arctic_b0499.txt
/mnt/deepspeech2_data/voxforge_dataset/wav/cmu_us_slt_arctic_arctic_b0067.wav,/mnt/deepspeech2_data/voxforge_dataset/txt/cmu_us_slt_arctic_arctic_b0067.txt
/mnt/deepspeech2_data/voxforge_dataset/wav/cmu_us_slt_arctic_arctic_b0125.wav,/mnt/deepspeech2_data/voxforge_dataset/txt/cmu_us_slt_arctic_arctic_b0125.txt
/mnt/deepspeech2_data/voxforge_dataset/wav/cmu_us_slt_arctic_arctic_b0031.wav,/mnt/deepspeech2_data/voxforge_dataset/txt/cmu_us_slt_arctic_arctic_b0031.txt
/mnt/deepspeech2_data/voxforge_dataset/wav/cmu_us_slt_arctic_arctic_a0508.wav,/mnt/deepspeech2_data/voxforge_dataset/txt/cmu_us_slt_arctic_arctic_a0508.txt
/mnt/deepspeech2_data/voxforge_dataset/wav/cmu_us_slt_arctic_arctic_a0017.wav,/mnt/deepspeech2_data/voxforge_dataset/txt/cmu_us_slt_arctic_arctic_a0017.txt
/mnt/deepspeech2_data/voxforge_dataset/wav/cmu_us_slt_arctic_arctic_a0238.wav,/mnt/deepspeech2_data/voxforge_dataset/txt/cmu_us_slt_arctic_arctic_a0238.txt
/mnt/deepspeech2_data/voxforge_dataset/wav/cmu_us_slt_arctic_arctic_a0503.wav,/mnt/deepspeech2_data/voxforge_dataset/txt/cmu_us_slt_arctic_arctic_a0503.txt
/mnt/deepspeech2_data/voxforge_dataset/wav/cmu_us_slt_arctic_arctic_a0430.wav,/mnt/deepspeech2_data/voxforge_dataset/txt/cmu_us_slt_arctic_arctic_a0430.txt
/mnt/deepspeech2_data/voxforge_dataset/wav/cmu_us_slt_arctic_arctic_b0190.wav,/mnt/deepspeech2_data/voxforge_dataset/txt/cmu_us_slt_arctic_arctic_b0190.txt
/mnt/deepspeech2_data/voxforge_dataset/wav/cmu_us_slt_arctic_arctic_b0479.wav,/mnt/deepspeech2_data/voxforge_dataset/txt/cmu_us_slt_arctic_arctic_b0479.txt
/mnt/deepspeech2_data/voxforge_dataset/wav/cmu_us_slt_arctic_arctic_b0439.wav,/mnt/deepspeech2_data/voxforge_dataset/txt/cmu_us_slt_arctic_arctic_b0439.txt
/mnt/deepspeech2_data/voxforge_dataset/wav/cmu_us_slt_arctic_arctic_b0242.wav,/mnt/deepspeech2_data/voxforge_dataset/txt/cmu_us_slt_arctic_arctic_b0242.txt
/mnt/deepspeech2_data/voxforge_dataset/wav/cmu_us_slt_arctic_arctic_a0298.wav,/mnt/deepspeech2_data/voxforge_dataset/txt/cmu_us_slt_arctic_arctic_a0298.txt
/mnt/deepspeech2_data/voxforge_dataset/wav/cmu_us_slt_arctic_arctic_b0497.wav,/mnt/deepspeech2_data/voxforge_dataset/txt/cmu_us_slt_arctic_arctic_b0497.txt
/mnt/deepspeech2_data/voxforge_dataset/wav/cmu_us_clb_arctic_arctic_a0562.wav,/mnt/deepspeech2_data/voxforge_dataset/txt/cmu_us_clb_arctic_arctic_a0562.txt
/mnt/deepspeech2_data/voxforge_dataset/wav/cmu_us_clb_arctic_arctic_b0001.wav,/mnt/deepspeech2_data/voxforge_dataset/txt/cmu_us_clb_arctic_arctic_b0001.txt
/mnt/deepspeech2_data/voxforge_dataset/wav/cmu_us_clb_arctic_arctic_b0025.wav,/mnt/deepspeech2_data/voxforge_dataset/txt/cmu_us_clb_arctic_arctic_b0025.txt
/mnt/deepspeech2_data/voxforge_dataset/wav/cmu_us_clb_arctic_arctic_b0336.wav,/mnt/deepspeech2_data/voxforge_dataset/txt/cmu_us_clb_arctic_arctic_b0336.txt
/mnt/deepspeech2_data/voxforge_dataset/wav/cmu_us_clb_arctic_arctic_a0080.wav,/mnt/deepspeech2_data/voxforge_dataset/txt/cmu_us_clb_arctic_arctic_a0080.txt
/mnt/deepspeech2_data/voxforge_dataset/wav/cmu_us_clb_arctic_arctic_a0242.wav,/mnt/deepspeech2_data/voxforge_dataset/txt/cmu_us_clb_arctic_arctic_a0242.txt
/mnt/deepspeech2_data/voxforge_dataset/wav/cmu_us_clb_arctic_arctic_b0003.wav,/mnt/deepspeech2_data/voxforge_dataset/txt/cmu_us_clb_arctic_arctic_b0003.txt
/mnt/deepspeech2_data/voxforge_dataset/wav/cmu_us_clb_arctic_arctic_b0221.wav,/mnt/deepspeech2_data/voxforge_dataset/txt/cmu_us_clb_arctic_arctic_b0221.txt
/mnt/deepspeech2_data/voxforge_dataset/wav/cmu_us_clb_arctic_arctic_b0135.wav,/mnt/deepspeech2_data/voxforge_dataset/txt/cmu_us_clb_arctic_arctic_b0135.txt
/mnt/deepspeech2_data/voxforge_dataset/wav/cmu_us_clb_arctic_arctic_b0093.wav,/mnt/deepspeech2_data/voxforge_dataset/txt/cmu_us_clb_arctic_arctic_b0093.txt
/mnt/deepspeech2_data/voxforge_dataset/wav/cmu_us_clb_arctic_arctic_a0362.wav,/mnt/deepspeech2_data/voxforge_dataset/txt/cmu_us_clb_arctic_arctic_a0362.txt
/mnt/deepspeech2_data/voxforge_dataset/wav/cmu_us_clb_arctic_arctic_a0081.wav,/mnt/deepspeech2_data/voxforge_dataset/txt/cmu_us_clb_arctic_arctic_a0081.txt
/mnt/deepspeech2_data/voxforge_dataset/wav/cmu_us_clb_arctic_arctic_b0045.wav,/mnt/deepspeech2_data/voxforge_dataset/txt/cmu_us_clb_arctic_arctic_b0045.txt
/mnt/deepspeech2_data/voxforge_dataset/wav/cmu_us_clb_arctic_arctic_a0532.wav,/mnt/deepspeech2_data/voxforge_dataset/txt/cmu_us_clb_arctic_arctic_a0532.txt
/mnt/deepspeech2_data/voxforge_dataset/wav/cmu_us_clb_arctic_arctic_a0443.wav,/mnt/deepspeech2_data/voxforge_dataset/txt/cmu_us_clb_arctic_arctic_a0443.txt
/mnt/deepspeech2_data/voxforge_dataset/wav/cmu_us_clb_arctic_arctic_a0028.wav,/mnt/deepspeech2_data/voxforge_dataset/txt/cmu_us_clb_arctic_arctic_a0028.txt
/mnt/deepspeech2_data/voxforge_dataset/wav/cmu_us_clb_arctic_arctic_b0054.wav,/mnt/deepspeech2_data/voxforge_dataset/txt/cmu_us_clb_arctic_arctic_b0054.txt
/mnt/deepspeech2_data/voxforge_dataset/wav/cmu_us_clb_arctic_arctic_a0203.wav,/mnt/deepspeech2_data/voxforge_dataset/txt/cmu_us_clb_arctic_arctic_a0203.txt
/mnt/deepspeech2_data/voxforge_dataset/wav/cmu_us_clb_arctic_arctic_a0230.wav,/mnt/deepspeech2_data/voxforge_dataset/txt/cmu_us_clb_arctic_arctic_a0230.txt
/mnt/deepspeech2_data/voxforge_dataset/wav/cmu_us_clb_arctic_arctic_a0467.wav,/mnt/deepspeech2_data/voxforge_dataset/txt/cmu_us_clb_arctic_arctic_a0467.txt
/mnt/deepspeech2_data/voxforge_dataset/wav/cmu_us_clb_arctic_arctic_a0390.wav,/mnt/deepspeech2_data/voxforge_dataset/txt/cmu_us_clb_arctic_arctic_a0390.txt
/mnt/deepspeech2_data/voxforge_dataset/wav/cmu_us_clb_arctic_arctic_b0203.wav,/mnt/deepspeech2_data/voxforge_dataset/txt/cmu_us_clb_arctic_arctic_b0203.txt
/mnt/deepspeech2_data/voxforge_dataset/wav/cmu_us_clb_arctic_arctic_b0111.wav,/mnt/deepspeech2_data/voxforge_dataset/txt/cmu_us_clb_arctic_arctic_b0111.txt
/mnt/deepspeech2_data/voxforge_dataset/wav/cmu_us_clb_arctic_arctic_b0159.wav,/mnt/deepspeech2_data/voxforge_dataset/txt/cmu_us_clb_arctic_arctic_b0159.txt
/mnt/deepspeech2_data/voxforge_dataset/wav/cmu_us_clb_arctic_arctic_b0369.wav,/mnt/deepspeech2_data/voxforge_dataset/txt/cmu_us_clb_arctic_arctic_b0369.txt
/mnt/deepspeech2_data/voxforge_dataset/wav/cmu_us_clb_arctic_arctic_b0288.wav,/mnt/deepspeech2_data/voxforge_dataset/txt/cmu_us_clb_arctic_arctic_b0288.txt
/mnt/deepspeech2_data/voxforge_dataset/wav/cmu_us_clb_arctic_arctic_a0235.wav,/mnt/deepspeech2_data/voxforge_dataset/txt/cmu_us_clb_arctic_arctic_a0235.txt
/mnt/deepspeech2_data/voxforge_dataset/wav/cmu_us_clb_arctic_arctic_b0179.wav,/mnt/deepspeech2_data/voxforge_dataset/txt/cmu_us_clb_arctic_arctic_b0179.txt
/mnt/deepspeech2_data/voxforge_dataset/wav/cmu_us_clb_arctic_arctic_a0447.wav,/mnt/deepspeech2_data/voxforge_dataset/txt/cmu_us_clb_arctic_arctic_a0447.txt
/mnt/deepspeech2_data/voxforge_dataset/wav/cmu_us_clb_arctic_arctic_a0143.wav,/mnt/deepspeech2_data/voxforge_dataset/txt/cmu_us_clb_arctic_arctic_a0143.txt
/mnt/deepspeech2_data/voxforge_dataset/wav/cmu_us_clb_arctic_arctic_a0528.wav,/mnt/deepspeech2_data/voxforge_dataset/txt/cmu_us_clb_arctic_arctic_a0528.txt
/mnt/deepspeech2_data/voxforge_dataset/wav/cmu_us_clb_arctic_arctic_a0413.wav,/mnt/deepspeech2_data/voxforge_dataset/txt/cmu_us_clb_arctic_arctic_a0413.txt
/mnt/deepspeech2_data/voxforge_dataset/wav/cmu_us_clb_arctic_arctic_b0341.wav,/mnt/deepspeech2_data/voxforge_dataset/txt/cmu_us_clb_arctic_arctic_b0341.txt
/mnt/deepspeech2_data/voxforge_dataset/wav/cmu_us_clb_arctic_arctic_a0004.wav,/mnt/deepspeech2_data/voxforge_dataset/txt/cmu_us_clb_arctic_arctic_a0004.txt
/mnt/deepspeech2_data/voxforge_dataset/wav/cmu_us_clb_arctic_arctic_a0280.wav,/mnt/deepspeech2_data/voxforge_dataset/txt/cmu_us_clb_arctic_arctic_a0280.txt
/mnt/deepspeech2_data/voxforge_dataset/wav/cmu_us_clb_arctic_arctic_a0218.wav,/mnt/deepspeech2_data/voxforge_dataset/txt/cmu_us_clb_arctic_arctic_a0218.txt
/mnt/deepspeech2_data/voxforge_dataset/wav/cmu_us_clb_arctic_arctic_b0510.wav,/mnt/deepspeech2_data/voxforge_dataset/txt/cmu_us_clb_arctic_arctic_b0510.txt
/mnt/deepspeech2_data/voxforge_dataset/wav/cmu_us_clb_arctic_arctic_b0186.wav,/mnt/deepspeech2_data/voxforge_dataset/txt/cmu_us_clb_arctic_arctic_b0186.txt
/mnt/deepspeech2_data/voxforge_dataset/wav/cmu_us_clb_arctic_arctic_a0222.wav,/mnt/deepspeech2_data/voxforge_dataset/txt/cmu_us_clb_arctic_arctic_a0222.txt
/mnt/deepspeech2_data/voxforge_dataset/wav/cmu_us_clb_arctic_arctic_a0458.wav,/mnt/deepspeech2_data/voxforge_dataset/txt/cmu_us_clb_arctic_arctic_a0458.txt
/mnt/deepspeech2_data/voxforge_dataset/wav/cmu_us_clb_arctic_arctic_a0485.wav,/mnt/deepspeech2_data/voxforge_dataset/txt/cmu_us_clb_arctic_arctic_a0485.txt
/mnt/deepspeech2_data/voxforge_dataset/wav/cmu_us_clb_arctic_arctic_a0076.wav,/mnt/deepspeech2_data/voxforge_dataset/txt/cmu_us_clb_arctic_arctic_a0076.txt
/mnt/deepspeech2_data/voxforge_dataset/wav/cmu_us_clb_arctic_arctic_a0091.wav,/mnt/deepspeech2_data/voxforge_dataset/txt/cmu_us_clb_arctic_arctic_a0091.txt
/mnt/deepspeech2_data/voxforge_dataset/wav/cmu_us_clb_arctic_arctic_b0485.wav,/mnt/deepspeech2_data/voxforge_dataset/txt/cmu_us_clb_arctic_arctic_b0485.txt
/mnt/deepspeech2_data/voxforge_dataset/wav/cmu_us_clb_arctic_arctic_b0041.wav,/mnt/deepspeech2_data/voxforge_dataset/txt/cmu_us_clb_arctic_arctic_b0041.txt
/mnt/deepspeech2_data/voxforge_dataset/wav/cmu_us_clb_arctic_arctic_a0450.wav,/mnt/deepspeech2_data/voxforge_dataset/txt/cmu_us_clb_arctic_arctic_a0450.txt
/mnt/deepspeech2_data/voxforge_dataset/wav/cmu_us_clb_arctic_arctic_b0410.wav,/mnt/deepspeech2_data/voxforge_dataset/txt/cmu_us_clb_arctic_arctic_b0410.txt
/mnt/deepspeech2_data/voxforge_dataset/wav/cmu_us_clb_arctic_arctic_b0004.wav,/mnt/deepspeech2_data/voxforge_dataset/txt/cmu_us_clb_arctic_arctic_b0004.txt
/mnt/deepspeech2_data/voxforge_dataset/wav/cmu_us_clb_arctic_arctic_b0415.wav,/mnt/deepspeech2_data/voxforge_dataset/txt/cmu_us_clb_arctic_arctic_b0415.txt
/mnt/deepspeech2_data/voxforge_dataset/wav/cmu_us_clb_arctic_arctic_a0244.wav,/mnt/deepspeech2_data/voxforge_dataset/txt/cmu_us_clb_arctic_arctic_a0244.txt
/mnt/deepspeech2_data/voxforge_dataset/wav/cmu_us_clb_arctic_arctic_a0426.wav,/mnt/deepspeech2_data/voxforge_dataset/txt/cmu_us_clb_arctic_arctic_a0426.txt
/mnt/deepspeech2_data/voxforge_dataset/wav/cmu_us_clb_arctic_arctic_b0072.wav,/mnt/deepspeech2_data/voxforge_dataset/txt/cmu_us_clb_arctic_arctic_b0072.txt
/mnt/deepspeech2_data/voxforge_dataset/wav/cmu_us_clb_arctic_arctic_a0273.wav,/mnt/deepspeech2_data/voxforge_dataset/txt/cmu_us_clb_arctic_arctic_a0273.txt
/mnt/deepspeech2_data/voxforge_dataset/wav/cmu_us_clb_arctic_arctic_a0262.wav,/mnt/deepspeech2_data/voxforge_dataset/txt/cmu_us_clb_arctic_arctic_a0262.txt
/mnt/deepspeech2_data/voxforge_dataset/wav/cmu_us_clb_arctic_arctic_b0392.wav,/mnt/deepspeech2_data/voxforge_dataset/txt/cmu_us_clb_arctic_arctic_b0392.txt
/mnt/deepspeech2_data/voxforge_dataset/wav/cmu_us_clb_arctic_arctic_a0469.wav,/mnt/deepspeech2_data/voxforge_dataset/txt/cmu_us_clb_arctic_arctic_a0469.txt
/mnt/deepspeech2_data/voxforge_dataset/wav/cmu_us_clb_arctic_arctic_b0012.wav,/mnt/deepspeech2_data/voxforge_dataset/txt/cmu_us_clb_arctic_arctic_b0012.txt
/mnt/deepspeech2_data/voxforge_dataset/wav/cmu_us_clb_arctic_arctic_a0256.wav,/mnt/deepspeech2_data/voxforge_dataset/txt/cmu_us_clb_arctic_arctic_a0256.txt
/mnt/deepspeech2_data/voxforge_dataset/wav/cmu_us_clb_arctic_arctic_b0057.wav,/mnt/deepspeech2_data/voxforge_dataset/txt/cmu_us_clb_arctic_arctic_b0057.txt
/mnt/deepspeech2_data/voxforge_dataset/wav/cmu_us_clb_arctic_arctic_b0055.wav,/mnt/deepspeech2_data/voxforge_dataset/txt/cmu_us_clb_arctic_arctic_b0055.txt
/mnt/deepspeech2_data/voxforge_dataset/wav/cmu_us_clb_arctic_arctic_b0469.wav,/mnt/deepspeech2_data/voxforge_dataset/txt/cmu_us_clb_arctic_arctic_b0469.txt
/mnt/deepspeech2_data/voxforge_dataset/wav/cmu_us_clb_arctic_arctic_b0007.wav,/mnt/deepspeech2_data/voxforge_dataset/txt/cmu_us_clb_arctic_arctic_b0007.txt
/mnt/deepspeech2_data/voxforge_dataset/wav/cmu_us_clb_arctic_arctic_b0219.wav,/mnt/deepspeech2_data/voxforge_dataset/txt/cmu_us_clb_arctic_arctic_b0219.txt
/mnt/deepspeech2_data/voxforge_dataset/wav/cmu_us_clb_arctic_arctic_b0282.wav,/mnt/deepspeech2_data/voxforge_dataset/txt/cmu_us_clb_arctic_arctic_b0282.txt
/mnt/deepspeech2_data/voxforge_dataset/wav/cmu_us_clb_arctic_arctic_a0565.wav,/mnt/deepspeech2_data/voxforge_dataset/txt/cmu_us_clb_arctic_arctic_a0565.txt
/mnt/deepspeech2_data/voxforge_dataset/wav/cmu_us_clb_arctic_arctic_b0008.wav,/mnt/deepspeech2_data/voxforge_dataset/txt/cmu_us_clb_arctic_arctic_b0008.txt
/mnt/deepspeech2_data/voxforge_dataset/wav/cmu_us_clb_arctic_arctic_b0404.wav,/mnt/deepspeech2_data/voxforge_dataset/txt/cmu_us_clb_arctic_arctic_b0404.txt
/mnt/deepspeech2_data/voxforge_dataset/wav/cmu_us_clb_arctic_arctic_b0075.wav,/mnt/deepspeech2_data/voxforge_dataset/txt/cmu_us_clb_arctic_arctic_b0075.txt
/mnt/deepspeech2_data/voxforge_dataset/wav/cmu_us_clb_arctic_arctic_a0587.wav,/mnt/deepspeech2_data/voxforge_dataset/txt/cmu_us_clb_arctic_arctic_a0587.txt
/mnt/deepspeech2_data/voxforge_dataset/wav/cmu_us_clb_arctic_arctic_a0011.wav,/mnt/deepspeech2_data/voxforge_dataset/txt/cmu_us_clb_arctic_arctic_a0011.txt
/mnt/deepspeech2_data/voxforge_dataset/wav/cmu_us_clb_arctic_arctic_b0490.wav,/mnt/deepspeech2_data/voxforge_dataset/txt/cmu_us_clb_arctic_arctic_b0490.txt
/mnt/deepspeech2_data/voxforge_dataset/wav/cmu_us_clb_arctic_arctic_b0105.wav,/mnt/deepspeech2_data/voxforge_dataset/txt/cmu_us_clb_arctic_arctic_b0105.txt
/mnt/deepspeech2_data/voxforge_dataset/wav/cmu_us_clb_arctic_arctic_a0462.wav,/mnt/deepspeech2_data/voxforge_dataset/txt/cmu_us_clb_arctic_arctic_a0462.txt
/mnt/deepspeech2_data/voxforge_dataset/wav/cmu_us_clb_arctic_arctic_b0238.wav,/mnt/deepspeech2_data/voxforge_dataset/txt/cmu_us_clb_arctic_arctic_b0238.txt
/mnt/deepspeech2_data/voxforge_dataset/wav/cmu_us_clb_arctic_arctic_a0154.wav,/mnt/deepspeech2_data/voxforge_dataset/txt/cmu_us_clb_arctic_arctic_a0154.txt
/mnt/deepspeech2_data/voxforge_dataset/wav/cmu_us_clb_arctic_arctic_a0010.wav,/mnt/deepspeech2_data/voxforge_dataset/txt/cmu_us_clb_arctic_arctic_a0010.txt
/mnt/deepspeech2_data/voxforge_dataset/wav/cmu_us_clb_arctic_arctic_a0350.wav,/mnt/deepspeech2_data/voxforge_dataset/txt/cmu_us_clb_arctic_arctic_a0350.txt
/mnt/deepspeech2_data/voxforge_dataset/wav/cmu_us_clb_arctic_arctic_a0289.wav,/mnt/deepspeech2_data/voxforge_dataset/txt/cmu_us_clb_arctic_arctic_a0289.txt
/mnt/deepspeech2_data/voxforge_dataset/wav/cmu_us_clb_arctic_arctic_a0285.wav,/mnt/deepspeech2_data/voxforge_dataset/txt/cmu_us_clb_arctic_arctic_a0285.txt
/mnt/deepspeech2_data/voxforge_dataset/wav/cmu_us_clb_arctic_arctic_b0106.wav,/mnt/deepspeech2_data/voxforge_dataset/txt/cmu_us_clb_arctic_arctic_b0106.txt
/mnt/deepspeech2_data/voxforge_dataset/wav/cmu_us_clb_arctic_arctic_a0034.wav,/mnt/deepspeech2_data/voxforge_dataset/txt/cmu_us_clb_arctic_arctic_a0034.txt
/mnt/deepspeech2_data/voxforge_dataset/wav/cmu_us_clb_arctic_arctic_b0340.wav,/mnt/deepspeech2_data/voxforge_dataset/txt/cmu_us_clb_arctic_arctic_b0340.txt
/mnt/deepspeech2_data/voxforge_dataset/wav/cmu_us_clb_arctic_arctic_a0135.wav,/mnt/deepspeech2_data/voxforge_dataset/txt/cmu_us_clb_arctic_arctic_a0135.txt
/mnt/deepspeech2_data/voxforge_dataset/wav/cmu_us_clb_arctic_arctic_a0319.wav,/mnt/deepspeech2_data/voxforge_dataset/txt/cmu_us_clb_arctic_arctic_a0319.txt
/mnt/deepspeech2_data/voxforge_dataset/wav/cmu_us_clb_arctic_arctic_b0060.wav,/mnt/deepspeech2_data/voxforge_dataset/txt/cmu_us_clb_arctic_arctic_b0060.txt
/mnt/deepspeech2_data/voxforge_dataset/wav/cmu_us_clb_arctic_arctic_b0371.wav,/mnt/deepspeech2_data/voxforge_dataset/txt/cmu_us_clb_arctic_arctic_b0371.txt
/mnt/deepspeech2_data/voxforge_dataset/wav/cmu_us_clb_arctic_arctic_a0151.wav,/mnt/deepspeech2_data/voxforge_dataset/txt/cmu_us_clb_arctic_arctic_a0151.txt
/mnt/deepspeech2_data/voxforge_dataset/wav/cmu_us_clb_arctic_arctic_a0449.wav,/mnt/deepspeech2_data/voxforge_dataset/txt/cmu_us_clb_arctic_arctic_a0449.txt
/mnt/deepspeech2_data/voxforge_dataset/wav/cmu_us_clb_arctic_arctic_a0325.wav,/mnt/deepspeech2_data/voxforge_dataset/txt/cmu_us_clb_arctic_arctic_a0325.txt
/mnt/deepspeech2_data/voxforge_dataset/wav/cmu_us_clb_arctic_arctic_b0263.wav,/mnt/deepspeech2_data/voxforge_dataset/txt/cmu_us_clb_arctic_arctic_b0263.txt
/mnt/deepspeech2_data/voxforge_dataset/wav/cmu_us_clb_arctic_arctic_b0440.wav,/mnt/deepspeech2_data/voxforge_dataset/txt/cmu_us_clb_arctic_arctic_b0440.txt
/mnt/deepspeech2_data/voxforge_dataset/wav/cmu_us_clb_arctic_arctic_a0471.wav,/mnt/deepspeech2_data/voxforge_dataset/txt/cmu_us_clb_arctic_arctic_a0471.txt
/mnt/deepspeech2_data/voxforge_dataset/wav/cmu_us_clb_arctic_arctic_a0483.wav,/mnt/deepspeech2_data/voxforge_dataset/txt/cmu_us_clb_arctic_arctic_a0483.txt
/mnt/deepspeech2_data/voxforge_dataset/wav/cmu_us_clb_arctic_arctic_b0031.wav,/mnt/deepspeech2_data/voxforge_dataset/txt/cmu_us_clb_arctic_arctic_b0031.txt
/mnt/deepspeech2_data/voxforge_dataset/wav/cmu_us_clb_arctic_arctic_b0386.wav,/mnt/deepspeech2_data/voxforge_dataset/txt/cmu_us_clb_arctic_arctic_b0386.txt
/mnt/deepspeech2_data/voxforge_dataset/wav/cmu_us_clb_arctic_arctic_b0523.wav,/mnt/deepspeech2_data/voxforge_dataset/txt/cmu_us_clb_arctic_arctic_b0523.txt
/mnt/deepspeech2_data/voxforge_dataset/wav/cmu_us_clb_arctic_arctic_b0148.wav,/mnt/deepspeech2_data/voxforge_dataset/txt/cmu_us_clb_arctic_arctic_b0148.txt
/mnt/deepspeech2_data/voxforge_dataset/wav/cmu_us_clb_arctic_arctic_b0067.wav,/mnt/deepspeech2_data/voxforge_dataset/txt/cmu_us_clb_arctic_arctic_b0067.txt
/mnt/deepspeech2_data/voxforge_dataset/wav/cmu_us_clb_arctic_arctic_a0050.wav,/mnt/deepspeech2_data/voxforge_dataset/txt/cmu_us_clb_arctic_arctic_a0050.txt
/mnt/deepspeech2_data/voxforge_dataset/wav/cmu_us_clb_arctic_arctic_b0506.wav,/mnt/deepspeech2_data/voxforge_dataset/txt/cmu_us_clb_arctic_arctic_b0506.txt
/mnt/deepspeech2_data/voxforge_dataset/wav/cmu_us_clb_arctic_arctic_b0320.wav,/mnt/deepspeech2_data/voxforge_dataset/txt/cmu_us_clb_arctic_arctic_b0320.txt
/mnt/deepspeech2_data/voxforge_dataset/wav/cmu_us_clb_arctic_arctic_b0450.wav,/mnt/deepspeech2_data/voxforge_dataset/txt/cmu_us_clb_arctic_arctic_b0450.txt
/mnt/deepspeech2_data/voxforge_dataset/wav/cmu_us_clb_arctic_arctic_b0503.wav,/mnt/deepspeech2_data/voxforge_dataset/txt/cmu_us_clb_arctic_arctic_b0503.txt
/mnt/deepspeech2_data/voxforge_dataset/wav/cmu_us_clb_arctic_arctic_b0483.wav,/mnt/deepspeech2_data/voxforge_dataset/txt/cmu_us_clb_arctic_arctic_b0483.txt
/mnt/deepspeech2_data/voxforge_dataset/wav/cmu_us_clb_arctic_arctic_b0447.wav,/mnt/deepspeech2_data/voxforge_dataset/txt/cmu_us_clb_arctic_arctic_b0447.txt
/mnt/deepspeech2_data/voxforge_dataset/wav/cmu_us_clb_arctic_arctic_b0513.wav,/mnt/deepspeech2_data/voxforge_dataset/txt/cmu_us_clb_arctic_arctic_b0513.txt
/mnt/deepspeech2_data/voxforge_dataset/wav/cmu_us_clb_arctic_arctic_a0429.wav,/mnt/deepspeech2_data/voxforge_dataset/txt/cmu_us_clb_arctic_arctic_a0429.txt
/mnt/deepspeech2_data/voxforge_dataset/wav/cmu_us_clb_arctic_arctic_b0409.wav,/mnt/deepspeech2_data/voxforge_dataset/txt/cmu_us_clb_arctic_arctic_b0409.txt
/mnt/deepspeech2_data/voxforge_dataset/wav/cmu_us_clb_arctic_arctic_a0369.wav,/mnt/deepspeech2_data/voxforge_dataset/txt/cmu_us_clb_arctic_arctic_a0369.txt
/mnt/deepspeech2_data/voxforge_dataset/wav/cmu_us_clb_arctic_arctic_b0482.wav,/mnt/deepspeech2_data/voxforge_dataset/txt/cmu_us_clb_arctic_arctic_b0482.txt
/mnt/deepspeech2_data/voxforge_dataset/wav/cmu_us_clb_arctic_arctic_b0480.wav,/mnt/deepspeech2_data/voxforge_dataset/txt/cmu_us_clb_arctic_arctic_b0480.txt
/mnt/deepspeech2_data/voxforge_dataset/wav/cmu_us_clb_arctic_arctic_b0292.wav,/mnt/deepspeech2_data/voxforge_dataset/txt/cmu_us_clb_arctic_arctic_b0292.txt
/mnt/deepspeech2_data/voxforge_dataset/wav/cmu_us_clb_arctic_arctic_a0366.wav,/mnt/deepspeech2_data/voxforge_dataset/txt/cmu_us_clb_arctic_arctic_a0366.txt
/mnt/deepspeech2_data/voxforge_dataset/wav/cmu_us_rms_arctic_arctic_a0329.wav,/mnt/deepspeech2_data/voxforge_dataset/txt/cmu_us_rms_arctic_arctic_a0329.txt
/mnt/deepspeech2_data/voxforge_dataset/wav/cmu_us_rms_arctic_arctic_a0389.wav,/mnt/deepspeech2_data/voxforge_dataset/txt/cmu_us_rms_arctic_arctic_a0389.txt
/mnt/deepspeech2_data/voxforge_dataset/wav/cmu_us_rms_arctic_arctic_a0102.wav,/mnt/deepspeech2_data/voxforge_dataset/txt/cmu_us_rms_arctic_arctic_a0102.txt
/mnt/deepspeech2_data/voxforge_dataset/wav/cmu_us_rms_arctic_arctic_a0112.wav,/mnt/deepspeech2_data/voxforge_dataset/txt/cmu_us_rms_arctic_arctic_a0112.txt
/mnt/deepspeech2_data/voxforge_dataset/wav/cmu_us_rms_arctic_arctic_a0385.wav,/mnt/deepspeech2_data/voxforge_dataset/txt/cmu_us_rms_arctic_arctic_a0385.txt
/mnt/deepspeech2_data/voxforge_dataset/wav/cmu_us_rms_arctic_arctic_a0261.wav,/mnt/deepspeech2_data/voxforge_dataset/txt/cmu_us_rms_arctic_arctic_a0261.txt
/mnt/deepspeech2_data/voxforge_dataset/wav/cmu_us_rms_arctic_arctic_a0279.wav,/mnt/deepspeech2_data/voxforge_dataset/txt/cmu_us_rms_arctic_arctic_a0279.txt
/mnt/deepspeech2_data/voxforge_dataset/wav/cmu_us_rms_arctic_arctic_b0536.wav,/mnt/deepspeech2_data/voxforge_dataset/txt/cmu_us_rms_arctic_arctic_b0536.txt
/mnt/deepspeech2_data/voxforge_dataset/wav/cmu_us_rms_arctic_arctic_a0421.wav,/mnt/deepspeech2_data/voxforge_dataset/txt/cmu_us_rms_arctic_arctic_a0421.txt
/mnt/deepspeech2_data/voxforge_dataset/wav/cmu_us_rms_arctic_arctic_a0066.wav,/mnt/deepspeech2_data/voxforge_dataset/txt/cmu_us_rms_arctic_arctic_a0066.txt
/mnt/deepspeech2_data/voxforge_dataset/wav/cmu_us_rms_arctic_arctic_a0498.wav,/mnt/deepspeech2_data/voxforge_dataset/txt/cmu_us_rms_arctic_arctic_a0498.txt
/mnt/deepspeech2_data/voxforge_dataset/wav/cmu_us_rms_arctic_arctic_b0218.wav,/mnt/deepspeech2_data/voxforge_dataset/txt/cmu_us_rms_arctic_arctic_b0218.txt
/mnt/deepspeech2_data/voxforge_dataset/wav/cmu_us_rms_arctic_arctic_b0388.wav,/mnt/deepspeech2_data/voxforge_dataset/txt/cmu_us_rms_arctic_arctic_b0388.txt
/mnt/deepspeech2_data/voxforge_dataset/wav/cmu_us_rms_arctic_arctic_b0221.wav,/mnt/deepspeech2_data/voxforge_dataset/txt/cmu_us_rms_arctic_arctic_b0221.txt
/mnt/deepspeech2_data/voxforge_dataset/wav/cmu_us_rms_arctic_arctic_a0107.wav,/mnt/deepspeech2_data/voxforge_dataset/txt/cmu_us_rms_arctic_arctic_a0107.txt
/mnt/deepspeech2_data/voxforge_dataset/wav/cmu_us_rms_arctic_arctic_b0245.wav,/mnt/deepspeech2_data/voxforge_dataset/txt/cmu_us_rms_arctic_arctic_b0245.txt
/mnt/deepspeech2_data/voxforge_dataset/wav/cmu_us_rms_arctic_arctic_a0118.wav,/mnt/deepspeech2_data/voxforge_dataset/txt/cmu_us_rms_arctic_arctic_a0118.txt
/mnt/deepspeech2_data/voxforge_dataset/wav/cmu_us_rms_arctic_arctic_b0054.wav,/mnt/deepspeech2_data/voxforge_dataset/txt/cmu_us_rms_arctic_arctic_b0054.txt
/mnt/deepspeech2_data/voxforge_dataset/wav/cmu_us_rms_arctic_arctic_a0090.wav,/mnt/deepspeech2_data/voxforge_dataset/txt/cmu_us_rms_arctic_arctic_a0090.txt
/mnt/deepspeech2_data/voxforge_dataset/wav/cmu_us_rms_arctic_arctic_a0110.wav,/mnt/deepspeech2_data/voxforge_dataset/txt/cmu_us_rms_arctic_arctic_a0110.txt
/mnt/deepspeech2_data/voxforge_dataset/wav/cmu_us_rms_arctic_arctic_b0180.wav,/mnt/deepspeech2_data/voxforge_dataset/txt/cmu_us_rms_arctic_arctic_b0180.txt
/mnt/deepspeech2_data/voxforge_dataset/wav/cmu_us_rms_arctic_arctic_b0021.wav,/mnt/deepspeech2_data/voxforge_dataset/txt/cmu_us_rms_arctic_arctic_b0021.txt
/mnt/deepspeech2_data/voxforge_dataset/wav/cmu_us_rms_arctic_arctic_a0492.wav,/mnt/deepspeech2_data/voxforge_dataset/txt/cmu_us_rms_arctic_arctic_a0492.txt
/mnt/deepspeech2_data/voxforge_dataset/wav/cmu_us_rms_arctic_arctic_a0459.wav,/mnt/deepspeech2_data/voxforge_dataset/txt/cmu_us_rms_arctic_arctic_a0459.txt
/mnt/deepspeech2_data/voxforge_dataset/wav/cmu_us_rms_arctic_arctic_b0207.wav,/mnt/deepspeech2_data/voxforge_dataset/txt/cmu_us_rms_arctic_arctic_b0207.txt
/mnt/deepspeech2_data/voxforge_dataset/wav/cmu_us_rms_arctic_arctic_a0309.wav,/mnt/deepspeech2_data/voxforge_dataset/txt/cmu_us_rms_arctic_arctic_a0309.txt
/mnt/deepspeech2_data/voxforge_dataset/wav/cmu_us_rms_arctic_arctic_b0356.wav,/mnt/deepspeech2_data/voxforge_dataset/txt/cmu_us_rms_arctic_arctic_b0356.txt
/mnt/deepspeech2_data/voxforge_dataset/wav/cmu_us_rms_arctic_arctic_a0021.wav,/mnt/deepspeech2_data/voxforge_dataset/txt/cmu_us_rms_arctic_arctic_a0021.txt
/mnt/deepspeech2_data/voxforge_dataset/wav/cmu_us_rms_arctic_arctic_b0344.wav,/mnt/deepspeech2_data/voxforge_dataset/txt/cmu_us_rms_arctic_arctic_b0344.txt
/mnt/deepspeech2_data/voxforge_dataset/wav/cmu_us_rms_arctic_arctic_b0121.wav,/mnt/deepspeech2_data/voxforge_dataset/txt/cmu_us_rms_arctic_arctic_b0121.txt
/mnt/deepspeech2_data/voxforge_dataset/wav/cmu_us_rms_arctic_arctic_b0285.wav,/mnt/deepspeech2_data/voxforge_dataset/txt/cmu_us_rms_arctic_arctic_b0285.txt
/mnt/deepspeech2_data/voxforge_dataset/wav/cmu_us_rms_arctic_arctic_b0410.wav,/mnt/deepspeech2_data/voxforge_dataset/txt/cmu_us_rms_arctic_arctic_b0410.txt
/mnt/deepspeech2_data/voxforge_dataset/wav/cmu_us_rms_arctic_arctic_a0165.wav,/mnt/deepspeech2_data/voxforge_dataset/txt/cmu_us_rms_arctic_arctic_a0165.txt
/mnt/deepspeech2_data/voxforge_dataset/wav/cmu_us_rms_arctic_arctic_a0063.wav,/mnt/deepspeech2_data/voxforge_dataset/txt/cmu_us_rms_arctic_arctic_a0063.txt
/mnt/deepspeech2_data/voxforge_dataset/wav/cmu_us_rms_arctic_arctic_a0363.wav,/mnt/deepspeech2_data/voxforge_dataset/txt/cmu_us_rms_arctic_arctic_a0363.txt
/mnt/deepspeech2_data/voxforge_dataset/wav/cmu_us_rms_arctic_arctic_a0436.wav,/mnt/deepspeech2_data/voxforge_dataset/txt/cmu_us_rms_arctic_arctic_a0436.txt
/mnt/deepspeech2_data/voxforge_dataset/wav/cmu_us_rms_arctic_arctic_b0376.wav,/mnt/deepspeech2_data/voxforge_dataset/txt/cmu_us_rms_arctic_arctic_b0376.txt
/mnt/deepspeech2_data/voxforge_dataset/wav/cmu_us_rms_arctic_arctic_a0009.wav,/mnt/deepspeech2_data/voxforge_dataset/txt/cmu_us_rms_arctic_arctic_a0009.txt
/mnt/deepspeech2_data/voxforge_dataset/wav/cmu_us_rms_arctic_arctic_a0235.wav,/mnt/deepspeech2_data/voxforge_dataset/txt/cmu_us_rms_arctic_arctic_a0235.txt
/mnt/deepspeech2_data/voxforge_dataset/wav/cmu_us_rms_arctic_arctic_a0074.wav,/mnt/deepspeech2_data/voxforge_dataset/txt/cmu_us_rms_arctic_arctic_a0074.txt
/mnt/deepspeech2_data/voxforge_dataset/wav/cmu_us_rms_arctic_arctic_a0152.wav,/mnt/deepspeech2_data/voxforge_dataset/txt/cmu_us_rms_arctic_arctic_a0152.txt
/mnt/deepspeech2_data/voxforge_dataset/wav/cmu_us_rms_arctic_arctic_a0592.wav,/mnt/deepspeech2_data/voxforge_dataset/txt/cmu_us_rms_arctic_arctic_a0592.txt
/mnt/deepspeech2_data/voxforge_dataset/wav/cmu_us_rms_arctic_arctic_b0302.wav,/mnt/deepspeech2_data/voxforge_dataset/txt/cmu_us_rms_arctic_arctic_b0302.txt
/mnt/deepspeech2_data/voxforge_dataset/wav/cmu_us_rms_arctic_arctic_b0047.wav,/mnt/deepspeech2_data/voxforge_dataset/txt/cmu_us_rms_arctic_arctic_b0047.txt
/mnt/deepspeech2_data/voxforge_dataset/wav/cmu_us_rms_arctic_arctic_a0322.wav,/mnt/deepspeech2_data/voxforge_dataset/txt/cmu_us_rms_arctic_arctic_a0322.txt
/mnt/deepspeech2_data/voxforge_dataset/wav/cmu_us_rms_arctic_arctic_a0003.wav,/mnt/deepspeech2_data/voxforge_dataset/txt/cmu_us_rms_arctic_arctic_a0003.txt
/mnt/deepspeech2_data/voxforge_dataset/wav/cmu_us_rms_arctic_arctic_b0216.wav,/mnt/deepspeech2_data/voxforge_dataset/txt/cmu_us_rms_arctic_arctic_b0216.txt
/mnt/deepspeech2_data/voxforge_dataset/wav/cmu_us_rms_arctic_arctic_b0019.wav,/mnt/deepspeech2_data/voxforge_dataset/txt/cmu_us_rms_arctic_arctic_b0019.txt
/mnt/deepspeech2_data/voxforge_dataset/wav/cmu_us_rms_arctic_arctic_b0539.wav,/mnt/deepspeech2_data/voxforge_dataset/txt/cmu_us_rms_arctic_arctic_b0539.txt
/mnt/deepspeech2_data/voxforge_dataset/wav/cmu_us_rms_arctic_arctic_a0574.wav,/mnt/deepspeech2_data/voxforge_dataset/txt/cmu_us_rms_arctic_arctic_a0574.txt
/mnt/deepspeech2_data/voxforge_dataset/wav/cmu_us_rms_arctic_arctic_a0469.wav,/mnt/deepspeech2_data/voxforge_dataset/txt/cmu_us_rms_arctic_arctic_a0469.txt
/mnt/deepspeech2_data/voxforge_dataset/wav/cmu_us_rms_arctic_arctic_b0022.wav,/mnt/deepspeech2_data/voxforge_dataset/txt/cmu_us_rms_arctic_arctic_b0022.txt
/mnt/deepspeech2_data/voxforge_dataset/wav/cmu_us_rms_arctic_arctic_a0423.wav,/mnt/deepspeech2_data/voxforge_dataset/txt/cmu_us_rms_arctic_arctic_a0423.txt
/mnt/deepspeech2_data/voxforge_dataset/wav/cmu_us_rms_arctic_arctic_a0330.wav,/mnt/deepspeech2_data/voxforge_dataset/txt/cmu_us_rms_arctic_arctic_a0330.txt
/mnt/deepspeech2_data/voxforge_dataset/wav/cmu_us_rms_arctic_arctic_a0571.wav,/mnt/deepspeech2_data/voxforge_dataset/txt/cmu_us_rms_arctic_arctic_a0571.txt
/mnt/deepspeech2_data/voxforge_dataset/wav/cmu_us_rms_arctic_arctic_a0454.wav,/mnt/deepspeech2_data/voxforge_dataset/txt/cmu_us_rms_arctic_arctic_a0454.txt
/mnt/deepspeech2_data/voxforge_dataset/wav/cmu_us_rms_arctic_arctic_b0459.wav,/mnt/deepspeech2_data/voxforge_dataset/txt/cmu_us_rms_arctic_arctic_b0459.txt
/mnt/deepspeech2_data/voxforge_dataset/wav/cmu_us_rms_arctic_arctic_a0210.wav,/mnt/deepspeech2_data/voxforge_dataset/txt/cmu_us_rms_arctic_arctic_a0210.txt
/mnt/deepspeech2_data/voxforge_dataset/wav/cmu_us_rms_arctic_arctic_a0328.wav,/mnt/deepspeech2_data/voxforge_dataset/txt/cmu_us_rms_arctic_arctic_a0328.txt
/mnt/deepspeech2_data/voxforge_dataset/wav/cmu_us_rms_arctic_arctic_a0553.wav,/mnt/deepspeech2_data/voxforge_dataset/txt/cmu_us_rms_arctic_arctic_a0553.txt
/mnt/deepspeech2_data/voxforge_dataset/wav/cmu_us_rms_arctic_arctic_b0415.wav,/mnt/deepspeech2_data/voxforge_dataset/txt/cmu_us_rms_arctic_arctic_b0415.txt
/mnt/deepspeech2_data/voxforge_dataset/wav/cmu_us_rms_arctic_arctic_a0434.wav,/mnt/deepspeech2_data/voxforge_dataset/txt/cmu_us_rms_arctic_arctic_a0434.txt
/mnt/deepspeech2_data/voxforge_dataset/wav/cmu_us_rms_arctic_arctic_b0146.wav,/mnt/deepspeech2_data/voxforge_dataset/txt/cmu_us_rms_arctic_arctic_b0146.txt
/mnt/deepspeech2_data/voxforge_dataset/wav/cmu_us_rms_arctic_arctic_a0264.wav,/mnt/deepspeech2_data/voxforge_dataset/txt/cmu_us_rms_arctic_arctic_a0264.txt
/mnt/deepspeech2_data/voxforge_dataset/wav/cmu_us_rms_arctic_arctic_b0012.wav,/mnt/deepspeech2_data/voxforge_dataset/txt/cmu_us_rms_arctic_arctic_b0012.txt
/mnt/deepspeech2_data/voxforge_dataset/wav/cmu_us_rms_arctic_arctic_b0490.wav,/mnt/deepspeech2_data/voxforge_dataset/txt/cmu_us_rms_arctic_arctic_b0490.txt
/mnt/deepspeech2_data/voxforge_dataset/wav/cmu_us_rms_arctic_arctic_b0068.wav,/mnt/deepspeech2_data/voxforge_dataset/txt/cmu_us_rms_arctic_arctic_b0068.txt
/mnt/deepspeech2_data/voxforge_dataset/wav/cmu_us_rms_arctic_arctic_b0149.wav,/mnt/deepspeech2_data/voxforge_dataset/txt/cmu_us_rms_arctic_arctic_b0149.txt
/mnt/deepspeech2_data/voxforge_dataset/wav/cmu_us_rms_arctic_arctic_b0099.wav,/mnt/deepspeech2_data/voxforge_dataset/txt/cmu_us_rms_arctic_arctic_b0099.txt
/mnt/deepspeech2_data/voxforge_dataset/wav/cmu_us_rms_arctic_arctic_b0282.wav,/mnt/deepspeech2_data/voxforge_dataset/txt/cmu_us_rms_arctic_arctic_b0282.txt
/mnt/deepspeech2_data/voxforge_dataset/wav/cmu_us_rms_arctic_arctic_b0202.wav,/mnt/deepspeech2_data/voxforge_dataset/txt/cmu_us_rms_arctic_arctic_b0202.txt
/mnt/deepspeech2_data/voxforge_dataset/wav/cmu_us_rms_arctic_arctic_a0316.wav,/mnt/deepspeech2_data/voxforge_dataset/txt/cmu_us_rms_arctic_arctic_a0316.txt
/mnt/deepspeech2_data/voxforge_dataset/wav/cmu_us_rms_arctic_arctic_b0082.wav,/mnt/deepspeech2_data/voxforge_dataset/txt/cmu_us_rms_arctic_arctic_b0082.txt
/mnt/deepspeech2_data/voxforge_dataset/wav/cmu_us_rms_arctic_arctic_a0509.wav,/mnt/deepspeech2_data/voxforge_dataset/txt/cmu_us_rms_arctic_arctic_a0509.txt
/mnt/deepspeech2_data/voxforge_dataset/wav/cmu_us_rms_arctic_arctic_a0425.wav,/mnt/deepspeech2_data/voxforge_dataset/txt/cmu_us_rms_arctic_arctic_a0425.txt
/mnt/deepspeech2_data/voxforge_dataset/wav/cmu_us_rms_arctic_arctic_b0131.wav,/mnt/deepspeech2_data/voxforge_dataset/txt/cmu_us_rms_arctic_arctic_b0131.txt
/mnt/deepspeech2_data/voxforge_dataset/wav/cmu_us_rms_arctic_arctic_a0065.wav,/mnt/deepspeech2_data/voxforge_dataset/txt/cmu_us_rms_arctic_arctic_a0065.txt
/mnt/deepspeech2_data/voxforge_dataset/wav/cmu_us_rms_arctic_arctic_b0212.wav,/mnt/deepspeech2_data/voxforge_dataset/txt/cmu_us_rms_arctic_arctic_b0212.txt
/mnt/deepspeech2_data/voxforge_dataset/wav/cmu_us_rms_arctic_arctic_b0234.wav,/mnt/deepspeech2_data/voxforge_dataset/txt/cmu_us_rms_arctic_arctic_b0234.txt
/mnt/deepspeech2_data/voxforge_dataset/wav/cmu_us_rms_arctic_arctic_a0303.wav,/mnt/deepspeech2_data/voxforge_dataset/txt/cmu_us_rms_arctic_arctic_a0303.txt
/mnt/deepspeech2_data/voxforge_dataset/wav/cmu_us_rms_arctic_arctic_a0475.wav,/mnt/deepspeech2_data/voxforge_dataset/txt/cmu_us_rms_arctic_arctic_a0475.txt
/mnt/deepspeech2_data/voxforge_dataset/wav/cmu_us_rms_arctic_arctic_a0138.wav,/mnt/deepspeech2_data/voxforge_dataset/txt/cmu_us_rms_arctic_arctic_a0138.txt
/mnt/deepspeech2_data/voxforge_dataset/wav/cmu_us_rms_arctic_arctic_a0200.wav,/mnt/deepspeech2_data/voxforge_dataset/txt/cmu_us_rms_arctic_arctic_a0200.txt
/mnt/deepspeech2_data/voxforge_dataset/wav/cmu_us_rms_arctic_arctic_a0050.wav,/mnt/deepspeech2_data/voxforge_dataset/txt/cmu_us_rms_arctic_arctic_a0050.txt
/mnt/deepspeech2_data/voxforge_dataset/wav/cmu_us_rms_arctic_arctic_a0097.wav,/mnt/deepspeech2_data/voxforge_dataset/txt/cmu_us_rms_arctic_arctic_a0097.txt
/mnt/deepspeech2_data/voxforge_dataset/wav/cmu_us_rms_arctic_arctic_a0564.wav,/mnt/deepspeech2_data/voxforge_dataset/txt/cmu_us_rms_arctic_arctic_a0564.txt
/mnt/deepspeech2_data/voxforge_dataset/wav/cmu_us_rms_arctic_arctic_b0413.wav,/mnt/deepspeech2_data/voxforge_dataset/txt/cmu_us_rms_arctic_arctic_b0413.txt
/mnt/deepspeech2_data/voxforge_dataset/wav/cmu_us_rms_arctic_arctic_a0289.wav,/mnt/deepspeech2_data/voxforge_dataset/txt/cmu_us_rms_arctic_arctic_a0289.txt
/mnt/deepspeech2_data/voxforge_dataset/wav/cmu_us_rms_arctic_arctic_b0090.wav,/mnt/deepspeech2_data/voxforge_dataset/txt/cmu_us_rms_arctic_arctic_b0090.txt
/mnt/deepspeech2_data/voxforge_dataset/wav/cmu_us_rms_arctic_arctic_b0428.wav,/mnt/deepspeech2_data/voxforge_dataset/txt/cmu_us_rms_arctic_arctic_b0428.txt
/mnt/deepspeech2_data/voxforge_dataset/wav/cmu_us_rms_arctic_arctic_b0361.wav,/mnt/deepspeech2_data/voxforge_dataset/txt/cmu_us_rms_arctic_arctic_b0361.txt
/mnt/deepspeech2_data/voxforge_dataset/wav/cmu_us_rms_arctic_arctic_a0360.wav,/mnt/deepspeech2_data/voxforge_dataset/txt/cmu_us_rms_arctic_arctic_a0360.txt
/mnt/deepspeech2_data/voxforge_dataset/wav/cmu_us_rms_arctic_arctic_a0291.wav,/mnt/deepspeech2_data/voxforge_dataset/txt/cmu_us_rms_arctic_arctic_a0291.txt
/mnt/deepspeech2_data/voxforge_dataset/wav/cmu_us_rms_arctic_arctic_b0391.wav,/mnt/deepspeech2_data/voxforge_dataset/txt/cmu_us_rms_arctic_arctic_b0391.txt
/mnt/deepspeech2_data/voxforge_dataset/wav/cmu_us_rms_arctic_arctic_a0583.wav,/mnt/deepspeech2_data/voxforge_dataset/txt/cmu_us_rms_arctic_arctic_a0583.txt
/mnt/deepspeech2_data/voxforge_dataset/wav/cmu_us_rms_arctic_arctic_b0297.wav,/mnt/deepspeech2_data/voxforge_dataset/txt/cmu_us_rms_arctic_arctic_b0297.txt
/mnt/deepspeech2_data/voxforge_dataset/wav/cmu_us_rms_arctic_arctic_b0360.wav,/mnt/deepspeech2_data/voxforge_dataset/txt/cmu_us_rms_arctic_arctic_b0360.txt
/mnt/deepspeech2_data/voxforge_dataset/wav/cmu_us_rms_arctic_arctic_a0312.wav,/mnt/deepspeech2_data/voxforge_dataset/txt/cmu_us_rms_arctic_arctic_a0312.txt
/mnt/deepspeech2_data/voxforge_dataset/wav/cmu_us_rms_arctic_arctic_b0271.wav,/mnt/deepspeech2_data/voxforge_dataset/txt/cmu_us_rms_arctic_arctic_b0271.txt
/mnt/deepspeech2_data/voxforge_dataset/wav/cmu_us_rms_arctic_arctic_b0340.wav,/mnt/deepspeech2_data/voxforge_dataset/txt/cmu_us_rms_arctic_arctic_b0340.txt
/mnt/deepspeech2_data/voxforge_dataset/wav/cmu_us_rms_arctic_arctic_b0373.wav,/mnt/deepspeech2_data/voxforge_dataset/txt/cmu_us_rms_arctic_arctic_b0373.txt
/mnt/deepspeech2_data/voxforge_dataset/wav/cmu_us_rms_arctic_arctic_b0048.wav,/mnt/deepspeech2_data/voxforge_dataset/txt/cmu_us_rms_arctic_arctic_b0048.txt
/mnt/deepspeech2_data/voxforge_dataset/wav/cmu_us_rms_arctic_arctic_a0305.wav,/mnt/deepspeech2_data/voxforge_dataset/txt/cmu_us_rms_arctic_arctic_a0305.txt
/mnt/deepspeech2_data/voxforge_dataset/wav/cmu_us_rms_arctic_arctic_a0395.wav,/mnt/deepspeech2_data/voxforge_dataset/txt/cmu_us_rms_arctic_arctic_a0395.txt
/mnt/deepspeech2_data/voxforge_dataset/wav/cmu_us_rms_arctic_arctic_a0133.wav,/mnt/deepspeech2_data/voxforge_dataset/txt/cmu_us_rms_arctic_arctic_a0133.txt
/mnt/deepspeech2_data/voxforge_dataset/wav/cmu_us_rms_arctic_arctic_b0483.wav,/mnt/deepspeech2_data/voxforge_dataset/txt/cmu_us_rms_arctic_arctic_b0483.txt
/mnt/deepspeech2_data/voxforge_dataset/wav/cmu_us_rms_arctic_arctic_b0304.wav,/mnt/deepspeech2_data/voxforge_dataset/txt/cmu_us_rms_arctic_arctic_b0304.txt
/mnt/deepspeech2_data/voxforge_dataset/wav/cmu_us_rms_arctic_arctic_b0140.wav,/mnt/deepspeech2_data/voxforge_dataset/txt/cmu_us_rms_arctic_arctic_b0140.txt
/mnt/deepspeech2_data/voxforge_dataset/wav/cmu_us_rms_arctic_arctic_b0206.wav,/mnt/deepspeech2_data/voxforge_dataset/txt/cmu_us_rms_arctic_arctic_b0206.txt
/mnt/deepspeech2_data/voxforge_dataset/wav/cmu_us_rms_arctic_arctic_b0355.wav,/mnt/deepspeech2_data/voxforge_dataset/txt/cmu_us_rms_arctic_arctic_b0355.txt
/mnt/deepspeech2_data/voxforge_dataset/wav/cmu_us_rms_arctic_arctic_b0407.wav,/mnt/deepspeech2_data/voxforge_dataset/txt/cmu_us_rms_arctic_arctic_b0407.txt
/mnt/deepspeech2_data/voxforge_dataset/wav/cmu_us_rms_arctic_arctic_a0298.wav,/mnt/deepspeech2_data/voxforge_dataset/txt/cmu_us_rms_arctic_arctic_a0298.txt
/mnt/deepspeech2_data/voxforge_dataset/wav/cmu_us_rms_arctic_arctic_a0366.wav,/mnt/deepspeech2_data/voxforge_dataset/txt/cmu_us_rms_arctic_arctic_a0366.txt
/mnt/deepspeech2_data/voxforge_dataset/wav/cmu_us_rms_arctic_arctic_a0407.wav,/mnt/deepspeech2_data/voxforge_dataset/txt/cmu_us_rms_arctic_arctic_a0407.txt
/mnt/deepspeech2_data/voxforge_dataset/wav/cmu_us_bdl_arctic_arctic_a0329.wav,/mnt/deepspeech2_data/voxforge_dataset/txt/cmu_us_bdl_arctic_arctic_a0329.txt
/mnt/deepspeech2_data/voxforge_dataset/wav/cmu_us_bdl_arctic_arctic_b0211.wav,/mnt/deepspeech2_data/voxforge_dataset/txt/cmu_us_bdl_arctic_arctic_b0211.txt
/mnt/deepspeech2_data/voxforge_dataset/wav/cmu_us_bdl_arctic_arctic_b0375.wav,/mnt/deepspeech2_data/voxforge_dataset/txt/cmu_us_bdl_arctic_arctic_b0375.txt
/mnt/deepspeech2_data/voxforge_dataset/wav/cmu_us_bdl_arctic_arctic_b0343.wav,/mnt/deepspeech2_data/voxforge_dataset/txt/cmu_us_bdl_arctic_arctic_b0343.txt
/mnt/deepspeech2_data/voxforge_dataset/wav/cmu_us_bdl_arctic_arctic_b0337.wav,/mnt/deepspeech2_data/voxforge_dataset/txt/cmu_us_bdl_arctic_arctic_b0337.txt
/mnt/deepspeech2_data/voxforge_dataset/wav/cmu_us_bdl_arctic_arctic_b0139.wav,/mnt/deepspeech2_data/voxforge_dataset/txt/cmu_us_bdl_arctic_arctic_b0139.txt
/mnt/deepspeech2_data/voxforge_dataset/wav/cmu_us_bdl_arctic_arctic_a0317.wav,/mnt/deepspeech2_data/voxforge_dataset/txt/cmu_us_bdl_arctic_arctic_a0317.txt
/mnt/deepspeech2_data/voxforge_dataset/wav/cmu_us_bdl_arctic_arctic_b0178.wav,/mnt/deepspeech2_data/voxforge_dataset/txt/cmu_us_bdl_arctic_arctic_b0178.txt
/mnt/deepspeech2_data/voxforge_dataset/wav/cmu_us_bdl_arctic_arctic_b0275.wav,/mnt/deepspeech2_data/voxforge_dataset/txt/cmu_us_bdl_arctic_arctic_b0275.txt
/mnt/deepspeech2_data/voxforge_dataset/wav/cmu_us_bdl_arctic_arctic_b0517.wav,/mnt/deepspeech2_data/voxforge_dataset/txt/cmu_us_bdl_arctic_arctic_b0517.txt
/mnt/deepspeech2_data/voxforge_dataset/wav/cmu_us_bdl_arctic_arctic_b0467.wav,/mnt/deepspeech2_data/voxforge_dataset/txt/cmu_us_bdl_arctic_arctic_b0467.txt
/mnt/deepspeech2_data/voxforge_dataset/wav/cmu_us_bdl_arctic_arctic_b0322.wav,/mnt/deepspeech2_data/voxforge_dataset/txt/cmu_us_bdl_arctic_arctic_b0322.txt
/mnt/deepspeech2_data/voxforge_dataset/wav/cmu_us_bdl_arctic_arctic_b0164.wav,/mnt/deepspeech2_data/voxforge_dataset/txt/cmu_us_bdl_arctic_arctic_b0164.txt
/mnt/deepspeech2_data/voxforge_dataset/wav/cmu_us_bdl_arctic_arctic_b0227.wav,/mnt/deepspeech2_data/voxforge_dataset/txt/cmu_us_bdl_arctic_arctic_b0227.txt
/mnt/deepspeech2_data/voxforge_dataset/wav/cmu_us_bdl_arctic_arctic_a0243.wav,/mnt/deepspeech2_data/voxforge_dataset/txt/cmu_us_bdl_arctic_arctic_a0243.txt
/mnt/deepspeech2_data/voxforge_dataset/wav/cmu_us_bdl_arctic_arctic_b0286.wav,/mnt/deepspeech2_data/voxforge_dataset/txt/cmu_us_bdl_arctic_arctic_b0286.txt
/mnt/deepspeech2_data/voxforge_dataset/wav/cmu_us_bdl_arctic_arctic_b0369.wav,/mnt/deepspeech2_data/voxforge_dataset/txt/cmu_us_bdl_arctic_arctic_b0369.txt
/mnt/deepspeech2_data/voxforge_dataset/wav/cmu_us_bdl_arctic_arctic_b0387.wav,/mnt/deepspeech2_data/voxforge_dataset/txt/cmu_us_bdl_arctic_arctic_b0387.txt
/mnt/deepspeech2_data/voxforge_dataset/wav/cmu_us_bdl_arctic_arctic_b0314.wav,/mnt/deepspeech2_data/voxforge_dataset/txt/cmu_us_bdl_arctic_arctic_b0314.txt
/mnt/deepspeech2_data/voxforge_dataset/wav/cmu_us_bdl_arctic_arctic_a0241.wav,/mnt/deepspeech2_data/voxforge_dataset/txt/cmu_us_bdl_arctic_arctic_a0241.txt
/mnt/deepspeech2_data/voxforge_dataset/wav/cmu_us_bdl_arctic_arctic_a0081.wav,/mnt/deepspeech2_data/voxforge_dataset/txt/cmu_us_bdl_arctic_arctic_a0081.txt
/mnt/deepspeech2_data/voxforge_dataset/wav/cmu_us_bdl_arctic_arctic_a0163.wav,/mnt/deepspeech2_data/voxforge_dataset/txt/cmu_us_bdl_arctic_arctic_a0163.txt
/mnt/deepspeech2_data/voxforge_dataset/wav/cmu_us_bdl_arctic_arctic_b0309.wav,/mnt/deepspeech2_data/voxforge_dataset/txt/cmu_us_bdl_arctic_arctic_b0309.txt
/mnt/deepspeech2_data/voxforge_dataset/wav/cmu_us_bdl_arctic_arctic_a0194.wav,/mnt/deepspeech2_data/voxforge_dataset/txt/cmu_us_bdl_arctic_arctic_a0194.txt
/mnt/deepspeech2_data/voxforge_dataset/wav/cmu_us_bdl_arctic_arctic_b0301.wav,/mnt/deepspeech2_data/voxforge_dataset/txt/cmu_us_bdl_arctic_arctic_b0301.txt
/mnt/deepspeech2_data/voxforge_dataset/wav/cmu_us_bdl_arctic_arctic_b0401.wav,/mnt/deepspeech2_data/voxforge_dataset/txt/cmu_us_bdl_arctic_arctic_b0401.txt
/mnt/deepspeech2_data/voxforge_dataset/wav/cmu_us_bdl_arctic_arctic_a0167.wav,/mnt/deepspeech2_data/voxforge_dataset/txt/cmu_us_bdl_arctic_arctic_a0167.txt
/mnt/deepspeech2_data/voxforge_dataset/wav/cmu_us_bdl_arctic_arctic_a0028.wav,/mnt/deepspeech2_data/voxforge_dataset/txt/cmu_us_bdl_arctic_arctic_a0028.txt
/mnt/deepspeech2_data/voxforge_dataset/wav/cmu_us_bdl_arctic_arctic_b0274.wav,/mnt/deepspeech2_data/voxforge_dataset/txt/cmu_us_bdl_arctic_arctic_b0274.txt
/mnt/deepspeech2_data/voxforge_dataset/wav/cmu_us_bdl_arctic_arctic_b0430.wav,/mnt/deepspeech2_data/voxforge_dataset/txt/cmu_us_bdl_arctic_arctic_b0430.txt
/mnt/deepspeech2_data/voxforge_dataset/wav/cmu_us_bdl_arctic_arctic_b0376.wav,/mnt/deepspeech2_data/voxforge_dataset/txt/cmu_us_bdl_arctic_arctic_b0376.txt
/mnt/deepspeech2_data/voxforge_dataset/wav/cmu_us_bdl_arctic_arctic_a0118.wav,/mnt/deepspeech2_data/voxforge_dataset/txt/cmu_us_bdl_arctic_arctic_a0118.txt
/mnt/deepspeech2_data/voxforge_dataset/wav/cmu_us_bdl_arctic_arctic_a0110.wav,/mnt/deepspeech2_data/voxforge_dataset/txt/cmu_us_bdl_arctic_arctic_a0110.txt
/mnt/deepspeech2_data/voxforge_dataset/wav/cmu_us_bdl_arctic_arctic_b0406.wav,/mnt/deepspeech2_data/voxforge_dataset/txt/cmu_us_bdl_arctic_arctic_b0406.txt
/mnt/deepspeech2_data/voxforge_dataset/wav/cmu_us_bdl_arctic_arctic_b0050.wav,/mnt/deepspeech2_data/voxforge_dataset/txt/cmu_us_bdl_arctic_arctic_b0050.txt
/mnt/deepspeech2_data/voxforge_dataset/wav/cmu_us_bdl_arctic_arctic_b0094.wav,/mnt/deepspeech2_data/voxforge_dataset/txt/cmu_us_bdl_arctic_arctic_b0094.txt
/mnt/deepspeech2_data/voxforge_dataset/wav/cmu_us_bdl_arctic_arctic_b0474.wav,/mnt/deepspeech2_data/voxforge_dataset/txt/cmu_us_bdl_arctic_arctic_b0474.txt
/mnt/deepspeech2_data/voxforge_dataset/wav/cmu_us_bdl_arctic_arctic_a0123.wav,/mnt/deepspeech2_data/voxforge_dataset/txt/cmu_us_bdl_arctic_arctic_a0123.txt
/mnt/deepspeech2_data/voxforge_dataset/wav/cmu_us_bdl_arctic_arctic_a0537.wav,/mnt/deepspeech2_data/voxforge_dataset/txt/cmu_us_bdl_arctic_arctic_a0537.txt
/mnt/deepspeech2_data/voxforge_dataset/wav/cmu_us_bdl_arctic_arctic_a0572.wav,/mnt/deepspeech2_data/voxforge_dataset/txt/cmu_us_bdl_arctic_arctic_a0572.txt
/mnt/deepspeech2_data/voxforge_dataset/wav/cmu_us_bdl_arctic_arctic_a0495.wav,/mnt/deepspeech2_data/voxforge_dataset/txt/cmu_us_bdl_arctic_arctic_a0495.txt
/mnt/deepspeech2_data/voxforge_dataset/wav/cmu_us_bdl_arctic_arctic_a0127.wav,/mnt/deepspeech2_data/voxforge_dataset/txt/cmu_us_bdl_arctic_arctic_a0127.txt
/mnt/deepspeech2_data/voxforge_dataset/wav/cmu_us_bdl_arctic_arctic_a0040.wav,/mnt/deepspeech2_data/voxforge_dataset/txt/cmu_us_bdl_arctic_arctic_a0040.txt
/mnt/deepspeech2_data/voxforge_dataset/wav/cmu_us_bdl_arctic_arctic_b0051.wav,/mnt/deepspeech2_data/voxforge_dataset/txt/cmu_us_bdl_arctic_arctic_b0051.txt
/mnt/deepspeech2_data/voxforge_dataset/wav/cmu_us_bdl_arctic_arctic_b0155.wav,/mnt/deepspeech2_data/voxforge_dataset/txt/cmu_us_bdl_arctic_arctic_b0155.txt
/mnt/deepspeech2_data/voxforge_dataset/wav/cmu_us_bdl_arctic_arctic_a0021.wav,/mnt/deepspeech2_data/voxforge_dataset/txt/cmu_us_bdl_arctic_arctic_a0021.txt
/mnt/deepspeech2_data/voxforge_dataset/wav/cmu_us_bdl_arctic_arctic_b0145.wav,/mnt/deepspeech2_data/voxforge_dataset/txt/cmu_us_bdl_arctic_arctic_b0145.txt
/mnt/deepspeech2_data/voxforge_dataset/wav/cmu_us_bdl_arctic_arctic_b0089.wav,/mnt/deepspeech2_data/voxforge_dataset/txt/cmu_us_bdl_arctic_arctic_b0089.txt
/mnt/deepspeech2_data/voxforge_dataset/wav/cmu_us_bdl_arctic_arctic_b0112.wav,/mnt/deepspeech2_data/voxforge_dataset/txt/cmu_us_bdl_arctic_arctic_b0112.txt
/mnt/deepspeech2_data/voxforge_dataset/wav/cmu_us_bdl_arctic_arctic_a0353.wav,/mnt/deepspeech2_data/voxforge_dataset/txt/cmu_us_bdl_arctic_arctic_a0353.txt
/mnt/deepspeech2_data/voxforge_dataset/wav/cmu_us_bdl_arctic_arctic_a0132.wav,/mnt/deepspeech2_data/voxforge_dataset/txt/cmu_us_bdl_arctic_arctic_a0132.txt
/mnt/deepspeech2_data/voxforge_dataset/wav/cmu_us_bdl_arctic_arctic_b0057.wav,/mnt/deepspeech2_data/voxforge_dataset/txt/cmu_us_bdl_arctic_arctic_b0057.txt
/mnt/deepspeech2_data/voxforge_dataset/wav/cmu_us_bdl_arctic_arctic_b0399.wav,/mnt/deepspeech2_data/voxforge_dataset/txt/cmu_us_bdl_arctic_arctic_b0399.txt
/mnt/deepspeech2_data/voxforge_dataset/wav/cmu_us_bdl_arctic_arctic_a0396.wav,/mnt/deepspeech2_data/voxforge_dataset/txt/cmu_us_bdl_arctic_arctic_a0396.txt
/mnt/deepspeech2_data/voxforge_dataset/wav/cmu_us_bdl_arctic_arctic_b0059.wav,/mnt/deepspeech2_data/voxforge_dataset/txt/cmu_us_bdl_arctic_arctic_b0059.txt
/mnt/deepspeech2_data/voxforge_dataset/wav/cmu_us_bdl_arctic_arctic_a0365.wav,/mnt/deepspeech2_data/voxforge_dataset/txt/cmu_us_bdl_arctic_arctic_a0365.txt
/mnt/deepspeech2_data/voxforge_dataset/wav/cmu_us_bdl_arctic_arctic_b0171.wav,/mnt/deepspeech2_data/voxforge_dataset/txt/cmu_us_bdl_arctic_arctic_b0171.txt
/mnt/deepspeech2_data/voxforge_dataset/wav/cmu_us_bdl_arctic_arctic_b0461.wav,/mnt/deepspeech2_data/voxforge_dataset/txt/cmu_us_bdl_arctic_arctic_b0461.txt
/mnt/deepspeech2_data/voxforge_dataset/wav/cmu_us_bdl_arctic_arctic_b0066.wav,/mnt/deepspeech2_data/voxforge_dataset/txt/cmu_us_bdl_arctic_arctic_b0066.txt
/mnt/deepspeech2_data/voxforge_dataset/wav/cmu_us_bdl_arctic_arctic_b0142.wav,/mnt/deepspeech2_data/voxforge_dataset/txt/cmu_us_bdl_arctic_arctic_b0142.txt
/mnt/deepspeech2_data/voxforge_dataset/wav/cmu_us_bdl_arctic_arctic_a0220.wav,/mnt/deepspeech2_data/voxforge_dataset/txt/cmu_us_bdl_arctic_arctic_a0220.txt
/mnt/deepspeech2_data/voxforge_dataset/wav/cmu_us_bdl_arctic_arctic_a0085.wav,/mnt/deepspeech2_data/voxforge_dataset/txt/cmu_us_bdl_arctic_arctic_a0085.txt
/mnt/deepspeech2_data/voxforge_dataset/wav/cmu_us_bdl_arctic_arctic_a0542.wav,/mnt/deepspeech2_data/voxforge_dataset/txt/cmu_us_bdl_arctic_arctic_a0542.txt
/mnt/deepspeech2_data/voxforge_dataset/wav/cmu_us_bdl_arctic_arctic_a0263.wav,/mnt/deepspeech2_data/voxforge_dataset/txt/cmu_us_bdl_arctic_arctic_a0263.txt
/mnt/deepspeech2_data/voxforge_dataset/wav/cmu_us_bdl_arctic_arctic_b0078.wav,/mnt/deepspeech2_data/voxforge_dataset/txt/cmu_us_bdl_arctic_arctic_b0078.txt
/mnt/deepspeech2_data/voxforge_dataset/wav/cmu_us_bdl_arctic_arctic_a0262.wav,/mnt/deepspeech2_data/voxforge_dataset/txt/cmu_us_bdl_arctic_arctic_a0262.txt
/mnt/deepspeech2_data/voxforge_dataset/wav/cmu_us_bdl_arctic_arctic_a0326.wav,/mnt/deepspeech2_data/voxforge_dataset/txt/cmu_us_bdl_arctic_arctic_a0326.txt
/mnt/deepspeech2_data/voxforge_dataset/wav/cmu_us_bdl_arctic_arctic_b0499.wav,/mnt/deepspeech2_data/voxforge_dataset/txt/cmu_us_bdl_arctic_arctic_b0499.txt
/mnt/deepspeech2_data/voxforge_dataset/wav/cmu_us_bdl_arctic_arctic_b0189.wav,/mnt/deepspeech2_data/voxforge_dataset/txt/cmu_us_bdl_arctic_arctic_b0189.txt
/mnt/deepspeech2_data/voxforge_dataset/wav/cmu_us_bdl_arctic_arctic_a0482.wav,/mnt/deepspeech2_data/voxforge_dataset/txt/cmu_us_bdl_arctic_arctic_a0482.txt
/mnt/deepspeech2_data/voxforge_dataset/wav/cmu_us_bdl_arctic_arctic_b0441.wav,/mnt/deepspeech2_data/voxforge_dataset/txt/cmu_us_bdl_arctic_arctic_b0441.txt
/mnt/deepspeech2_data/voxforge_dataset/wav/cmu_us_bdl_arctic_arctic_a0448.wav,/mnt/deepspeech2_data/voxforge_dataset/txt/cmu_us_bdl_arctic_arctic_a0448.txt
/mnt/deepspeech2_data/voxforge_dataset/wav/cmu_us_bdl_arctic_arctic_a0345.wav,/mnt/deepspeech2_data/voxforge_dataset/txt/cmu_us_bdl_arctic_arctic_a0345.txt
/mnt/deepspeech2_data/voxforge_dataset/wav/cmu_us_bdl_arctic_arctic_a0535.wav,/mnt/deepspeech2_data/voxforge_dataset/txt/cmu_us_bdl_arctic_arctic_a0535.txt
/mnt/deepspeech2_data/voxforge_dataset/wav/cmu_us_bdl_arctic_arctic_b0306.wav,/mnt/deepspeech2_data/voxforge_dataset/txt/cmu_us_bdl_arctic_arctic_b0306.txt
/mnt/deepspeech2_data/voxforge_dataset/wav/cmu_us_bdl_arctic_arctic_a0306.wav,/mnt/deepspeech2_data/voxforge_dataset/txt/cmu_us_bdl_arctic_arctic_a0306.txt
/mnt/deepspeech2_data/voxforge_dataset/wav/cmu_us_bdl_arctic_arctic_b0391.wav,/mnt/deepspeech2_data/voxforge_dataset/txt/cmu_us_bdl_arctic_arctic_b0391.txt
/mnt/deepspeech2_data/voxforge_dataset/wav/cmu_us_bdl_arctic_arctic_b0489.wav,/mnt/deepspeech2_data/voxforge_dataset/txt/cmu_us_bdl_arctic_arctic_b0489.txt
/mnt/deepspeech2_data/voxforge_dataset/wav/cmu_us_bdl_arctic_arctic_b0506.wav,/mnt/deepspeech2_data/voxforge_dataset/txt/cmu_us_bdl_arctic_arctic_b0506.txt
/mnt/deepspeech2_data/voxforge_dataset/wav/cmu_us_bdl_arctic_arctic_b0126.wav,/mnt/deepspeech2_data/voxforge_dataset/txt/cmu_us_bdl_arctic_arctic_b0126.txt
/mnt/deepspeech2_data/voxforge_dataset/wav/cmu_us_bdl_arctic_arctic_b0362.wav,/mnt/deepspeech2_data/voxforge_dataset/txt/cmu_us_bdl_arctic_arctic_b0362.txt
/mnt/deepspeech2_data/voxforge_dataset/wav/cmu_us_bdl_arctic_arctic_a0425.wav,/mnt/deepspeech2_data/voxforge_dataset/txt/cmu_us_bdl_arctic_arctic_a0425.txt
/mnt/deepspeech2_data/voxforge_dataset/wav/cmu_us_bdl_arctic_arctic_a0372.wav,/mnt/deepspeech2_data/voxforge_dataset/txt/cmu_us_bdl_arctic_arctic_a0372.txt
/mnt/deepspeech2_data/voxforge_dataset/wav/cmu_us_bdl_arctic_arctic_a0009.wav,/mnt/deepspeech2_data/voxforge_dataset/txt/cmu_us_bdl_arctic_arctic_a0009.txt
/mnt/deepspeech2_data/voxforge_dataset/wav/cmu_us_bdl_arctic_arctic_a0373.wav,/mnt/deepspeech2_data/voxforge_dataset/txt/cmu_us_bdl_arctic_arctic_a0373.txt
/mnt/deepspeech2_data/voxforge_dataset/wav/cmu_us_bdl_arctic_arctic_a0208.wav,/mnt/deepspeech2_data/voxforge_dataset/txt/cmu_us_bdl_arctic_arctic_a0208.txt
/mnt/deepspeech2_data/voxforge_dataset/wav/cmu_us_bdl_arctic_arctic_a0401.wav,/mnt/deepspeech2_data/voxforge_dataset/txt/cmu_us_bdl_arctic_arctic_a0401.txt
/mnt/deepspeech2_data/voxforge_dataset/wav/cmu_us_bdl_arctic_arctic_a0216.wav,/mnt/deepspeech2_data/voxforge_dataset/txt/cmu_us_bdl_arctic_arctic_a0216.txt
/mnt/deepspeech2_data/voxforge_dataset/wav/cmu_us_bdl_arctic_arctic_a0087.wav,/mnt/deepspeech2_data/voxforge_dataset/txt/cmu_us_bdl_arctic_arctic_a0087.txt
/mnt/deepspeech2_data/voxforge_dataset/wav/cmu_us_bdl_arctic_arctic_a0361.wav,/mnt/deepspeech2_data/voxforge_dataset/txt/cmu_us_bdl_arctic_arctic_a0361.txt
/mnt/deepspeech2_data/voxforge_dataset/wav/cmu_us_bdl_arctic_arctic_a0547.wav,/mnt/deepspeech2_data/voxforge_dataset/txt/cmu_us_bdl_arctic_arctic_a0547.txt
/mnt/deepspeech2_data/voxforge_dataset/wav/cmu_us_bdl_arctic_arctic_a0159.wav,/mnt/deepspeech2_data/voxforge_dataset/txt/cmu_us_bdl_arctic_arctic_a0159.txt
/mnt/deepspeech2_data/voxforge_dataset/wav/cmu_us_bdl_arctic_arctic_b0259.wav,/mnt/deepspeech2_data/voxforge_dataset/txt/cmu_us_bdl_arctic_arctic_b0259.txt
/mnt/deepspeech2_data/voxforge_dataset/wav/cmu_us_bdl_arctic_arctic_a0138.wav,/mnt/deepspeech2_data/voxforge_dataset/txt/cmu_us_bdl_arctic_arctic_a0138.txt
/mnt/deepspeech2_data/voxforge_dataset/wav/cmu_us_bdl_arctic_arctic_a0364.wav,/mnt/deepspeech2_data/voxforge_dataset/txt/cmu_us_bdl_arctic_arctic_a0364.txt
/mnt/deepspeech2_data/voxforge_dataset/wav/cmu_us_bdl_arctic_arctic_a0073.wav,/mnt/deepspeech2_data/voxforge_dataset/txt/cmu_us_bdl_arctic_arctic_a0073.txt
/mnt/deepspeech2_data/voxforge_dataset/wav/cmu_us_bdl_arctic_arctic_a0405.wav,/mnt/deepspeech2_data/voxforge_dataset/txt/cmu_us_bdl_arctic_arctic_a0405.txt
/mnt/deepspeech2_data/voxforge_dataset/wav/cmu_us_bdl_arctic_arctic_a0217.wav,/mnt/deepspeech2_data/voxforge_dataset/txt/cmu_us_bdl_arctic_arctic_a0217.txt
/mnt/deepspeech2_data/voxforge_dataset/wav/cmu_us_bdl_arctic_arctic_b0379.wav,/mnt/deepspeech2_data/voxforge_dataset/txt/cmu_us_bdl_arctic_arctic_b0379.txt
/mnt/deepspeech2_data/voxforge_dataset/wav/cmu_us_bdl_arctic_arctic_a0439.wav,/mnt/deepspeech2_data/voxforge_dataset/txt/cmu_us_bdl_arctic_arctic_a0439.txt
/mnt/deepspeech2_data/voxforge_dataset/wav/cmu_us_bdl_arctic_arctic_b0532.wav,/mnt/deepspeech2_data/voxforge_dataset/txt/cmu_us_bdl_arctic_arctic_b0532.txt
/mnt/deepspeech2_data/voxforge_dataset/wav/cmu_us_bdl_arctic_arctic_a0035.wav,/mnt/deepspeech2_data/voxforge_dataset/txt/cmu_us_bdl_arctic_arctic_a0035.txt
/mnt/deepspeech2_data/voxforge_dataset/wav/cmu_us_bdl_arctic_arctic_a0477.wav,/mnt/deepspeech2_data/voxforge_dataset/txt/cmu_us_bdl_arctic_arctic_a0477.txt
/mnt/deepspeech2_data/voxforge_dataset/wav/cmu_us_bdl_arctic_arctic_a0464.wav,/mnt/deepspeech2_data/voxforge_dataset/txt/cmu_us_bdl_arctic_arctic_a0464.txt
/mnt/deepspeech2_data/voxforge_dataset/wav/cmu_us_bdl_arctic_arctic_a0420.wav,/mnt/deepspeech2_data/voxforge_dataset/txt/cmu_us_bdl_arctic_arctic_a0420.txt
/mnt/deepspeech2_data/voxforge_dataset/wav/cmu_us_bdl_arctic_arctic_b0480.wav,/mnt/deepspeech2_data/voxforge_dataset/txt/cmu_us_bdl_arctic_arctic_b0480.txt
/mnt/deepspeech2_data/voxforge_dataset/wav/cmu_us_bdl_arctic_arctic_a0347.wav,/mnt/deepspeech2_data/voxforge_dataset/txt/cmu_us_bdl_arctic_arctic_a0347.txt
/mnt/deepspeech2_data/voxforge_dataset/wav/cmu_us_bdl_arctic_arctic_a0238.wav,/mnt/deepspeech2_data/voxforge_dataset/txt/cmu_us_bdl_arctic_arctic_a0238.txt
/mnt/deepspeech2_data/voxforge_dataset/wav/cmu_us_bdl_arctic_arctic_a0502.wav,/mnt/deepspeech2_data/voxforge_dataset/txt/cmu_us_bdl_arctic_arctic_a0502.txt
/mnt/deepspeech2_data/voxforge_dataset/wav/cmu_us_bdl_arctic_arctic_a0543.wav,/mnt/deepspeech2_data/voxforge_dataset/txt/cmu_us_bdl_arctic_arctic_a0543.txt
/mnt/deepspeech2_data/voxforge_dataset/wav/cmu_us_bdl_arctic_arctic_a0147.wav,/mnt/deepspeech2_data/voxforge_dataset/txt/cmu_us_bdl_arctic_arctic_a0147.txt
/mnt/deepspeech2_data/voxforge_dataset/wav/cmu_us_bdl_arctic_arctic_a0369.wav,/mnt/deepspeech2_data/voxforge_dataset/txt/cmu_us_bdl_arctic_arctic_a0369.txt
/mnt/deepspeech2_data/voxforge_dataset/wav/cmu_us_bdl_arctic_arctic_a0507.wav,/mnt/deepspeech2_data/voxforge_dataset/txt/cmu_us_bdl_arctic_arctic_a0507.txt
/mnt/deepspeech2_data/voxforge_dataset/wav/cmu_us_slt_arctic_arctic_a0030.wav,/mnt/deepspeech2_data/voxforge_dataset/txt/cmu_us_slt_arctic_arctic_a0030.txt
/mnt/deepspeech2_data/voxforge_dataset/wav/cmu_us_slt_arctic_arctic_a0192.wav,/mnt/deepspeech2_data/voxforge_dataset/txt/cmu_us_slt_arctic_arctic_a0192.txt
/mnt/deepspeech2_data/voxforge_dataset/wav/cmu_us_slt_arctic_arctic_b0276.wav,/mnt/deepspeech2_data/voxforge_dataset/txt/cmu_us_slt_arctic_arctic_b0276.txt
/mnt/deepspeech2_data/voxforge_dataset/wav/cmu_us_slt_arctic_arctic_b0354.wav,/mnt/deepspeech2_data/voxforge_dataset/txt/cmu_us_slt_arctic_arctic_b0354.txt
/mnt/deepspeech2_data/voxforge_dataset/wav/cmu_us_slt_arctic_arctic_b0135.wav,/mnt/deepspeech2_data/voxforge_dataset/txt/cmu_us_slt_arctic_arctic_b0135.txt
/mnt/deepspeech2_data/voxforge_dataset/wav/cmu_us_slt_arctic_arctic_a0333.wav,/mnt/deepspeech2_data/voxforge_dataset/txt/cmu_us_slt_arctic_arctic_a0333.txt
/mnt/deepspeech2_data/voxforge_dataset/wav/cmu_us_slt_arctic_arctic_b0511.wav,/mnt/deepspeech2_data/voxforge_dataset/txt/cmu_us_slt_arctic_arctic_b0511.txt
/mnt/deepspeech2_data/voxforge_dataset/wav/cmu_us_slt_arctic_arctic_b0154.wav,/mnt/deepspeech2_data/voxforge_dataset/txt/cmu_us_slt_arctic_arctic_b0154.txt
/mnt/deepspeech2_data/voxforge_dataset/wav/cmu_us_slt_arctic_arctic_a0460.wav,/mnt/deepspeech2_data/voxforge_dataset/txt/cmu_us_slt_arctic_arctic_a0460.txt
/mnt/deepspeech2_data/voxforge_dataset/wav/cmu_us_slt_arctic_arctic_a0072.wav,/mnt/deepspeech2_data/voxforge_dataset/txt/cmu_us_slt_arctic_arctic_a0072.txt
/mnt/deepspeech2_data/voxforge_dataset/wav/cmu_us_slt_arctic_arctic_b0093.wav,/mnt/deepspeech2_data/voxforge_dataset/txt/cmu_us_slt_arctic_arctic_b0093.txt
/mnt/deepspeech2_data/voxforge_dataset/wav/cmu_us_slt_arctic_arctic_a0354.wav,/mnt/deepspeech2_data/voxforge_dataset/txt/cmu_us_slt_arctic_arctic_a0354.txt
/mnt/deepspeech2_data/voxforge_dataset/wav/cmu_us_slt_arctic_arctic_a0593.wav,/mnt/deepspeech2_data/voxforge_dataset/txt/cmu_us_slt_arctic_arctic_a0593.txt
/mnt/deepspeech2_data/voxforge_dataset/wav/cmu_us_slt_arctic_arctic_b0412.wav,/mnt/deepspeech2_data/voxforge_dataset/txt/cmu_us_slt_arctic_arctic_b0412.txt
/mnt/deepspeech2_data/voxforge_dataset/wav/cmu_us_slt_arctic_arctic_b0207.wav,/mnt/deepspeech2_data/voxforge_dataset/txt/cmu_us_slt_arctic_arctic_b0207.txt
/mnt/deepspeech2_data/voxforge_dataset/wav/cmu_us_slt_arctic_arctic_a0181.wav,/mnt/deepspeech2_data/voxforge_dataset/txt/cmu_us_slt_arctic_arctic_a0181.txt
/mnt/deepspeech2_data/voxforge_dataset/wav/cmu_us_slt_arctic_arctic_b0134.wav,/mnt/deepspeech2_data/voxforge_dataset/txt/cmu_us_slt_arctic_arctic_b0134.txt
/mnt/deepspeech2_data/voxforge_dataset/wav/cmu_us_slt_arctic_arctic_a0288.wav,/mnt/deepspeech2_data/voxforge_dataset/txt/cmu_us_slt_arctic_arctic_a0288.txt
/mnt/deepspeech2_data/voxforge_dataset/wav/cmu_us_slt_arctic_arctic_a0526.wav,/mnt/deepspeech2_data/voxforge_dataset/txt/cmu_us_slt_arctic_arctic_a0526.txt
/mnt/deepspeech2_data/voxforge_dataset/wav/cmu_us_slt_arctic_arctic_b0401.wav,/mnt/deepspeech2_data/voxforge_dataset/txt/cmu_us_slt_arctic_arctic_b0401.txt
/mnt/deepspeech2_data/voxforge_dataset/wav/cmu_us_slt_arctic_arctic_a0119.wav,/mnt/deepspeech2_data/voxforge_dataset/txt/cmu_us_slt_arctic_arctic_a0119.txt
/mnt/deepspeech2_data/voxforge_dataset/wav/cmu_us_slt_arctic_arctic_a0060.wav,/mnt/deepspeech2_data/voxforge_dataset/txt/cmu_us_slt_arctic_arctic_a0060.txt
/mnt/deepspeech2_data/voxforge_dataset/wav/cmu_us_slt_arctic_arctic_b0111.wav,/mnt/deepspeech2_data/voxforge_dataset/txt/cmu_us_slt_arctic_arctic_b0111.txt
/mnt/deepspeech2_data/voxforge_dataset/wav/cmu_us_slt_arctic_arctic_b0422.wav,/mnt/deepspeech2_data/voxforge_dataset/txt/cmu_us_slt_arctic_arctic_b0422.txt
/mnt/deepspeech2_data/voxforge_dataset/wav/cmu_us_slt_arctic_arctic_a0041.wav,/mnt/deepspeech2_data/voxforge_dataset/txt/cmu_us_slt_arctic_arctic_a0041.txt
/mnt/deepspeech2_data/voxforge_dataset/wav/cmu_us_slt_arctic_arctic_a0309.wav,/mnt/deepspeech2_data/voxforge_dataset/txt/cmu_us_slt_arctic_arctic_a0309.txt
/mnt/deepspeech2_data/voxforge_dataset/wav/cmu_us_slt_arctic_arctic_b0383.wav,/mnt/deepspeech2_data/voxforge_dataset/txt/cmu_us_slt_arctic_arctic_b0383.txt
/mnt/deepspeech2_data/voxforge_dataset/wav/cmu_us_slt_arctic_arctic_b0258.wav,/mnt/deepspeech2_data/voxforge_dataset/txt/cmu_us_slt_arctic_arctic_b0258.txt
/mnt/deepspeech2_data/voxforge_dataset/wav/cmu_us_slt_arctic_arctic_b0507.wav,/mnt/deepspeech2_data/voxforge_dataset/txt/cmu_us_slt_arctic_arctic_b0507.txt
/mnt/deepspeech2_data/voxforge_dataset/wav/cmu_us_slt_arctic_arctic_a0412.wav,/mnt/deepspeech2_data/voxforge_dataset/txt/cmu_us_slt_arctic_arctic_a0412.txt
/mnt/deepspeech2_data/voxforge_dataset/wav/cmu_us_slt_arctic_arctic_b0152.wav,/mnt/deepspeech2_data/voxforge_dataset/txt/cmu_us_slt_arctic_arctic_b0152.txt
/mnt/deepspeech2_data/voxforge_dataset/wav/cmu_us_slt_arctic_arctic_b0047.wav,/mnt/deepspeech2_data/voxforge_dataset/txt/cmu_us_slt_arctic_arctic_b0047.txt
/mnt/deepspeech2_data/voxforge_dataset/wav/cmu_us_slt_arctic_arctic_b0510.wav,/mnt/deepspeech2_data/voxforge_dataset/txt/cmu_us_slt_arctic_arctic_b0510.txt
/mnt/deepspeech2_data/voxforge_dataset/wav/cmu_us_slt_arctic_arctic_a0048.wav,/mnt/deepspeech2_data/voxforge_dataset/txt/cmu_us_slt_arctic_arctic_a0048.txt
/mnt/deepspeech2_data/voxforge_dataset/wav/cmu_us_slt_arctic_arctic_a0515.wav,/mnt/deepspeech2_data/voxforge_dataset/txt/cmu_us_slt_arctic_arctic_a0515.txt
/mnt/deepspeech2_data/voxforge_dataset/wav/cmu_us_slt_arctic_arctic_a0170.wav,/mnt/deepspeech2_data/voxforge_dataset/txt/cmu_us_slt_arctic_arctic_a0170.txt
/mnt/deepspeech2_data/voxforge_dataset/wav/cmu_us_slt_arctic_arctic_b0448.wav,/mnt/deepspeech2_data/voxforge_dataset/txt/cmu_us_slt_arctic_arctic_b0448.txt
/mnt/deepspeech2_data/voxforge_dataset/wav/cmu_us_slt_arctic_arctic_a0418.wav,/mnt/deepspeech2_data/voxforge_dataset/txt/cmu_us_slt_arctic_arctic_a0418.txt
/mnt/deepspeech2_data/voxforge_dataset/wav/cmu_us_slt_arctic_arctic_a0039.wav,/mnt/deepspeech2_data/voxforge_dataset/txt/cmu_us_slt_arctic_arctic_a0039.txt
/mnt/deepspeech2_data/voxforge_dataset/wav/cmu_us_slt_arctic_arctic_b0034.wav,/mnt/deepspeech2_data/voxforge_dataset/txt/cmu_us_slt_arctic_arctic_b0034.txt
/mnt/deepspeech2_data/voxforge_dataset/wav/cmu_us_slt_arctic_arctic_b0229.wav,/mnt/deepspeech2_data/voxforge_dataset/txt/cmu_us_slt_arctic_arctic_b0229.txt
/mnt/deepspeech2_data/voxforge_dataset/wav/cmu_us_slt_arctic_arctic_b0050.wav,/mnt/deepspeech2_data/voxforge_dataset/txt/cmu_us_slt_arctic_arctic_b0050.txt
/mnt/deepspeech2_data/voxforge_dataset/wav/cmu_us_slt_arctic_arctic_a0140.wav,/mnt/deepspeech2_data/voxforge_dataset/txt/cmu_us_slt_arctic_arctic_a0140.txt
/mnt/deepspeech2_data/voxforge_dataset/wav/cmu_us_slt_arctic_arctic_a0049.wav,/mnt/deepspeech2_data/voxforge_dataset/txt/cmu_us_slt_arctic_arctic_a0049.txt
/mnt/deepspeech2_data/voxforge_dataset/wav/cmu_us_slt_arctic_arctic_b0334.wav,/mnt/deepspeech2_data/voxforge_dataset/txt/cmu_us_slt_arctic_arctic_b0334.txt
/mnt/deepspeech2_data/voxforge_dataset/wav/cmu_us_slt_arctic_arctic_b0376.wav,/mnt/deepspeech2_data/voxforge_dataset/txt/cmu_us_slt_arctic_arctic_b0376.txt
/mnt/deepspeech2_data/voxforge_dataset/wav/cmu_us_slt_arctic_arctic_a0109.wav,/mnt/deepspeech2_data/voxforge_dataset/txt/cmu_us_slt_arctic_arctic_a0109.txt
/mnt/deepspeech2_data/voxforge_dataset/wav/cmu_us_slt_arctic_arctic_b0019.wav,/mnt/deepspeech2_data/voxforge_dataset/txt/cmu_us_slt_arctic_arctic_b0019.txt
/mnt/deepspeech2_data/voxforge_dataset/wav/cmu_us_slt_arctic_arctic_b0522.wav,/mnt/deepspeech2_data/voxforge_dataset/txt/cmu_us_slt_arctic_arctic_b0522.txt
/mnt/deepspeech2_data/voxforge_dataset/wav/cmu_us_slt_arctic_arctic_b0538.wav,/mnt/deepspeech2_data/voxforge_dataset/txt/cmu_us_slt_arctic_arctic_b0538.txt
/mnt/deepspeech2_data/voxforge_dataset/wav/cmu_us_slt_arctic_arctic_a0209.wav,/mnt/deepspeech2_data/voxforge_dataset/txt/cmu_us_slt_arctic_arctic_a0209.txt
/mnt/deepspeech2_data/voxforge_dataset/wav/cmu_us_slt_arctic_arctic_a0448.wav,/mnt/deepspeech2_data/voxforge_dataset/txt/cmu_us_slt_arctic_arctic_a0448.txt
/mnt/deepspeech2_data/voxforge_dataset/wav/cmu_us_slt_arctic_arctic_b0038.wav,/mnt/deepspeech2_data/voxforge_dataset/txt/cmu_us_slt_arctic_arctic_b0038.txt
/mnt/deepspeech2_data/voxforge_dataset/wav/cmu_us_slt_arctic_arctic_b0416.wav,/mnt/deepspeech2_data/voxforge_dataset/txt/cmu_us_slt_arctic_arctic_b0416.txt
/mnt/deepspeech2_data/voxforge_dataset/wav/cmu_us_slt_arctic_arctic_b0094.wav,/mnt/deepspeech2_data/voxforge_dataset/txt/cmu_us_slt_arctic_arctic_b0094.txt
/mnt/deepspeech2_data/voxforge_dataset/wav/cmu_us_slt_arctic_arctic_a0255.wav,/mnt/deepspeech2_data/voxforge_dataset/txt/cmu_us_slt_arctic_arctic_a0255.txt
/mnt/deepspeech2_data/voxforge_dataset/wav/cmu_us_slt_arctic_arctic_b0187.wav,/mnt/deepspeech2_data/voxforge_dataset/txt/cmu_us_slt_arctic_arctic_b0187.txt
/mnt/deepspeech2_data/voxforge_dataset/wav/cmu_us_slt_arctic_arctic_b0120.wav,/mnt/deepspeech2_data/voxforge_dataset/txt/cmu_us_slt_arctic_arctic_b0120.txt
/mnt/deepspeech2_data/voxforge_dataset/wav/cmu_us_slt_arctic_arctic_a0007.wav,/mnt/deepspeech2_data/voxforge_dataset/txt/cmu_us_slt_arctic_arctic_a0007.txt
/mnt/deepspeech2_data/voxforge_dataset/wav/cmu_us_slt_arctic_arctic_a0275.wav,/mnt/deepspeech2_data/voxforge_dataset/txt/cmu_us_slt_arctic_arctic_a0275.txt
/mnt/deepspeech2_data/voxforge_dataset/wav/cmu_us_slt_arctic_arctic_a0310.wav,/mnt/deepspeech2_data/voxforge_dataset/txt/cmu_us_slt_arctic_arctic_a0310.txt
/mnt/deepspeech2_data/voxforge_dataset/wav/cmu_us_slt_arctic_arctic_a0563.wav,/mnt/deepspeech2_data/voxforge_dataset/txt/cmu_us_slt_arctic_arctic_a0563.txt
/mnt/deepspeech2_data/voxforge_dataset/wav/cmu_us_slt_arctic_arctic_b0181.wav,/mnt/deepspeech2_data/voxforge_dataset/txt/cmu_us_slt_arctic_arctic_b0181.txt
/mnt/deepspeech2_data/voxforge_dataset/wav/cmu_us_slt_arctic_arctic_b0002.wav,/mnt/deepspeech2_data/voxforge_dataset/txt/cmu_us_slt_arctic_arctic_b0002.txt
/mnt/deepspeech2_data/voxforge_dataset/wav/cmu_us_slt_arctic_arctic_a0070.wav,/mnt/deepspeech2_data/voxforge_dataset/txt/cmu_us_slt_arctic_arctic_a0070.txt
/mnt/deepspeech2_data/voxforge_dataset/wav/cmu_us_slt_arctic_arctic_b0022.wav,/mnt/deepspeech2_data/voxforge_dataset/txt/cmu_us_slt_arctic_arctic_b0022.txt
/mnt/deepspeech2_data/voxforge_dataset/wav/cmu_us_slt_arctic_arctic_a0297.wav,/mnt/deepspeech2_data/voxforge_dataset/txt/cmu_us_slt_arctic_arctic_a0297.txt
/mnt/deepspeech2_data/voxforge_dataset/wav/cmu_us_slt_arctic_arctic_a0320.wav,/mnt/deepspeech2_data/voxforge_dataset/txt/cmu_us_slt_arctic_arctic_a0320.txt
/mnt/deepspeech2_data/voxforge_dataset/wav/cmu_us_slt_arctic_arctic_a0501.wav,/mnt/deepspeech2_data/voxforge_dataset/txt/cmu_us_slt_arctic_arctic_a0501.txt
/mnt/deepspeech2_data/voxforge_dataset/wav/cmu_us_slt_arctic_arctic_b0016.wav,/mnt/deepspeech2_data/voxforge_dataset/txt/cmu_us_slt_arctic_arctic_b0016.txt
/mnt/deepspeech2_data/voxforge_dataset/wav/cmu_us_slt_arctic_arctic_b0056.wav,/mnt/deepspeech2_data/voxforge_dataset/txt/cmu_us_slt_arctic_arctic_b0056.txt
/mnt/deepspeech2_data/voxforge_dataset/wav/cmu_us_slt_arctic_arctic_a0565.wav,/mnt/deepspeech2_data/voxforge_dataset/txt/cmu_us_slt_arctic_arctic_a0565.txt
/mnt/deepspeech2_data/voxforge_dataset/wav/cmu_us_slt_arctic_arctic_a0357.wav,/mnt/deepspeech2_data/voxforge_dataset/txt/cmu_us_slt_arctic_arctic_a0357.txt
/mnt/deepspeech2_data/voxforge_dataset/wav/cmu_us_slt_arctic_arctic_b0030.wav,/mnt/deepspeech2_data/voxforge_dataset/txt/cmu_us_slt_arctic_arctic_b0030.txt
/mnt/deepspeech2_data/voxforge_dataset/wav/cmu_us_slt_arctic_arctic_b0113.wav,/mnt/deepspeech2_data/voxforge_dataset/txt/cmu_us_slt_arctic_arctic_b0113.txt
/mnt/deepspeech2_data/voxforge_dataset/wav/cmu_us_slt_arctic_arctic_a0069.wav,/mnt/deepspeech2_data/voxforge_dataset/txt/cmu_us_slt_arctic_arctic_a0069.txt
/mnt/deepspeech2_data/voxforge_dataset/wav/cmu_us_slt_arctic_arctic_a0189.wav,/mnt/deepspeech2_data/voxforge_dataset/txt/cmu_us_slt_arctic_arctic_a0189.txt
/mnt/deepspeech2_data/voxforge_dataset/wav/cmu_us_slt_arctic_arctic_b0472.wav,/mnt/deepspeech2_data/voxforge_dataset/txt/cmu_us_slt_arctic_arctic_b0472.txt
/mnt/deepspeech2_data/voxforge_dataset/wav/cmu_us_slt_arctic_arctic_a0410.wav,/mnt/deepspeech2_data/voxforge_dataset/txt/cmu_us_slt_arctic_arctic_a0410.txt
/mnt/deepspeech2_data/voxforge_dataset/wav/cmu_us_slt_arctic_arctic_a0117.wav,/mnt/deepspeech2_data/voxforge_dataset/txt/cmu_us_slt_arctic_arctic_a0117.txt
/mnt/deepspeech2_data/voxforge_dataset/wav/cmu_us_slt_arctic_arctic_a0361.wav,/mnt/deepspeech2_data/voxforge_dataset/txt/cmu_us_slt_arctic_arctic_a0361.txt
/mnt/deepspeech2_data/voxforge_dataset/wav/cmu_us_slt_arctic_arctic_b0074.wav,/mnt/deepspeech2_data/voxforge_dataset/txt/cmu_us_slt_arctic_arctic_b0074.txt
/mnt/deepspeech2_data/voxforge_dataset/wav/cmu_us_slt_arctic_arctic_b0160.wav,/mnt/deepspeech2_data/voxforge_dataset/txt/cmu_us_slt_arctic_arctic_b0160.txt
/mnt/deepspeech2_data/voxforge_dataset/wav/cmu_us_slt_arctic_arctic_a0145.wav,/mnt/deepspeech2_data/voxforge_dataset/txt/cmu_us_slt_arctic_arctic_a0145.txt
/mnt/deepspeech2_data/voxforge_dataset/wav/cmu_us_slt_arctic_arctic_a0253.wav,/mnt/deepspeech2_data/voxforge_dataset/txt/cmu_us_slt_arctic_arctic_a0253.txt
/mnt/deepspeech2_data/voxforge_dataset/wav/cmu_us_slt_arctic_arctic_a0166.wav,/mnt/deepspeech2_data/voxforge_dataset/txt/cmu_us_slt_arctic_arctic_a0166.txt
/mnt/deepspeech2_data/voxforge_dataset/wav/cmu_us_slt_arctic_arctic_a0441.wav,/mnt/deepspeech2_data/voxforge_dataset/txt/cmu_us_slt_arctic_arctic_a0441.txt
/mnt/deepspeech2_data/voxforge_dataset/wav/cmu_us_slt_arctic_arctic_b0253.wav,/mnt/deepspeech2_data/voxforge_dataset/txt/cmu_us_slt_arctic_arctic_b0253.txt
/mnt/deepspeech2_data/voxforge_dataset/wav/cmu_us_slt_arctic_arctic_b0489.wav,/mnt/deepspeech2_data/voxforge_dataset/txt/cmu_us_slt_arctic_arctic_b0489.txt
/mnt/deepspeech2_data/voxforge_dataset/wav/cmu_us_slt_arctic_arctic_b0236.wav,/mnt/deepspeech2_data/voxforge_dataset/txt/cmu_us_slt_arctic_arctic_b0236.txt
/mnt/deepspeech2_data/voxforge_dataset/wav/cmu_us_slt_arctic_arctic_b0162.wav,/mnt/deepspeech2_data/voxforge_dataset/txt/cmu_us_slt_arctic_arctic_b0162.txt
/mnt/deepspeech2_data/voxforge_dataset/wav/cmu_us_slt_arctic_arctic_a0547.wav,/mnt/deepspeech2_data/voxforge_dataset/txt/cmu_us_slt_arctic_arctic_a0547.txt
/mnt/deepspeech2_data/voxforge_dataset/wav/cmu_us_slt_arctic_arctic_a0319.wav,/mnt/deepspeech2_data/voxforge_dataset/txt/cmu_us_slt_arctic_arctic_a0319.txt
/mnt/deepspeech2_data/voxforge_dataset/wav/cmu_us_slt_arctic_arctic_a0268.wav,/mnt/deepspeech2_data/voxforge_dataset/txt/cmu_us_slt_arctic_arctic_a0268.txt
/mnt/deepspeech2_data/voxforge_dataset/wav/cmu_us_slt_arctic_arctic_a0035.wav,/mnt/deepspeech2_data/voxforge_dataset/txt/cmu_us_slt_arctic_arctic_a0035.txt
/mnt/deepspeech2_data/voxforge_dataset/wav/cmu_us_slt_arctic_arctic_b0156.wav,/mnt/deepspeech2_data/voxforge_dataset/txt/cmu_us_slt_arctic_arctic_b0156.txt
/mnt/deepspeech2_data/voxforge_dataset/wav/cmu_us_slt_arctic_arctic_a0312.wav,/mnt/deepspeech2_data/voxforge_dataset/txt/cmu_us_slt_arctic_arctic_a0312.txt
/mnt/deepspeech2_data/voxforge_dataset/wav/cmu_us_slt_arctic_arctic_a0105.wav,/mnt/deepspeech2_data/voxforge_dataset/txt/cmu_us_slt_arctic_arctic_a0105.txt
/mnt/deepspeech2_data/voxforge_dataset/wav/cmu_us_slt_arctic_arctic_b0271.wav,/mnt/deepspeech2_data/voxforge_dataset/txt/cmu_us_slt_arctic_arctic_b0271.txt
/mnt/deepspeech2_data/voxforge_dataset/wav/cmu_us_slt_arctic_arctic_b0504.wav,/mnt/deepspeech2_data/voxforge_dataset/txt/cmu_us_slt_arctic_arctic_b0504.txt
/mnt/deepspeech2_data/voxforge_dataset/wav/cmu_us_slt_arctic_arctic_b0011.wav,/mnt/deepspeech2_data/voxforge_dataset/txt/cmu_us_slt_arctic_arctic_b0011.txt
/mnt/deepspeech2_data/voxforge_dataset/wav/cmu_us_slt_arctic_arctic_a0325.wav,/mnt/deepspeech2_data/voxforge_dataset/txt/cmu_us_slt_arctic_arctic_a0325.txt
/mnt/deepspeech2_data/voxforge_dataset/wav/cmu_us_slt_arctic_arctic_a0582.wav,/mnt/deepspeech2_data/voxforge_dataset/txt/cmu_us_slt_arctic_arctic_a0582.txt
/mnt/deepspeech2_data/voxforge_dataset/wav/cmu_us_slt_arctic_arctic_a0358.wav,/mnt/deepspeech2_data/voxforge_dataset/txt/cmu_us_slt_arctic_arctic_a0358.txt
/mnt/deepspeech2_data/voxforge_dataset/wav/cmu_us_slt_arctic_arctic_b0355.wav,/mnt/deepspeech2_data/voxforge_dataset/txt/cmu_us_slt_arctic_arctic_b0355.txt
/mnt/deepspeech2_data/voxforge_dataset/wav/cmu_us_slt_arctic_arctic_b0364.wav,/mnt/deepspeech2_data/voxforge_dataset/txt/cmu_us_slt_arctic_arctic_b0364.txt
/mnt/deepspeech2_data/voxforge_dataset/wav/cmu_us_slt_arctic_arctic_b0483.wav,/mnt/deepspeech2_data/voxforge_dataset/txt/cmu_us_slt_arctic_arctic_b0483.txt
/mnt/deepspeech2_data/voxforge_dataset/wav/cmu_us_slt_arctic_arctic_b0532.wav,/mnt/deepspeech2_data/voxforge_dataset/txt/cmu_us_slt_arctic_arctic_b0532.txt
/mnt/deepspeech2_data/voxforge_dataset/wav/cmu_us_slt_arctic_arctic_b0447.wav,/mnt/deepspeech2_data/voxforge_dataset/txt/cmu_us_slt_arctic_arctic_b0447.txt
/mnt/deepspeech2_data/voxforge_dataset/wav/cmu_us_slt_arctic_arctic_b0501.wav,/mnt/deepspeech2_data/voxforge_dataset/txt/cmu_us_slt_arctic_arctic_b0501.txt
/mnt/deepspeech2_data/voxforge_dataset/wav/cmu_us_slt_arctic_arctic_b0191.wav,/mnt/deepspeech2_data/voxforge_dataset/txt/cmu_us_slt_arctic_arctic_b0191.txt
/mnt/deepspeech2_data/voxforge_dataset/wav/cmu_us_slt_arctic_arctic_b0407.wav,/mnt/deepspeech2_data/voxforge_dataset/txt/cmu_us_slt_arctic_arctic_b0407.txt
/mnt/deepspeech2_data/voxforge_dataset/wav/cmu_us_slt_arctic_arctic_a0507.wav,/mnt/deepspeech2_data/voxforge_dataset/txt/cmu_us_slt_arctic_arctic_a0507.txt
/mnt/deepspeech2_data/voxforge_dataset/wav/cmu_us_clb_arctic_arctic_a0158.wav,/mnt/deepspeech2_data/voxforge_dataset/txt/cmu_us_clb_arctic_arctic_a0158.txt
/mnt/deepspeech2_data/voxforge_dataset/wav/cmu_us_clb_arctic_arctic_a0079.wav,/mnt/deepspeech2_data/voxforge_dataset/txt/cmu_us_clb_arctic_arctic_a0079.txt
/mnt/deepspeech2_data/voxforge_dataset/wav/cmu_us_clb_arctic_arctic_a0193.wav,/mnt/deepspeech2_data/voxforge_dataset/txt/cmu_us_clb_arctic_arctic_a0193.txt
/mnt/deepspeech2_data/voxforge_dataset/wav/cmu_us_clb_arctic_arctic_b0102.wav,/mnt/deepspeech2_data/voxforge_dataset/txt/cmu_us_clb_arctic_arctic_b0102.txt
/mnt/deepspeech2_data/voxforge_dataset/wav/cmu_us_clb_arctic_arctic_b0084.wav,/mnt/deepspeech2_data/voxforge_dataset/txt/cmu_us_clb_arctic_arctic_b0084.txt
/mnt/deepspeech2_data/voxforge_dataset/wav/cmu_us_clb_arctic_arctic_b0473.wav,/mnt/deepspeech2_data/voxforge_dataset/txt/cmu_us_clb_arctic_arctic_b0473.txt
/mnt/deepspeech2_data/voxforge_dataset/wav/cmu_us_clb_arctic_arctic_a0580.wav,/mnt/deepspeech2_data/voxforge_dataset/txt/cmu_us_clb_arctic_arctic_a0580.txt
/mnt/deepspeech2_data/voxforge_dataset/wav/cmu_us_clb_arctic_arctic_b0218.wav,/mnt/deepspeech2_data/voxforge_dataset/txt/cmu_us_clb_arctic_arctic_b0218.txt
/mnt/deepspeech2_data/voxforge_dataset/wav/cmu_us_clb_arctic_arctic_b0275.wav,/mnt/deepspeech2_data/voxforge_dataset/txt/cmu_us_clb_arctic_arctic_b0275.txt
/mnt/deepspeech2_data/voxforge_dataset/wav/cmu_us_clb_arctic_arctic_a0243.wav,/mnt/deepspeech2_data/voxforge_dataset/txt/cmu_us_clb_arctic_arctic_a0243.txt
/mnt/deepspeech2_data/voxforge_dataset/wav/cmu_us_clb_arctic_arctic_b0262.wav,/mnt/deepspeech2_data/voxforge_dataset/txt/cmu_us_clb_arctic_arctic_b0262.txt
/mnt/deepspeech2_data/voxforge_dataset/wav/cmu_us_clb_arctic_arctic_a0232.wav,/mnt/deepspeech2_data/voxforge_dataset/txt/cmu_us_clb_arctic_arctic_a0232.txt
/mnt/deepspeech2_data/voxforge_dataset/wav/cmu_us_clb_arctic_arctic_b0308.wav,/mnt/deepspeech2_data/voxforge_dataset/txt/cmu_us_clb_arctic_arctic_b0308.txt
/mnt/deepspeech2_data/voxforge_dataset/wav/cmu_us_clb_arctic_arctic_b0287.wav,/mnt/deepspeech2_data/voxforge_dataset/txt/cmu_us_clb_arctic_arctic_b0287.txt
/mnt/deepspeech2_data/voxforge_dataset/wav/cmu_us_clb_arctic_arctic_a0499.wav,/mnt/deepspeech2_data/voxforge_dataset/txt/cmu_us_clb_arctic_arctic_a0499.txt
/mnt/deepspeech2_data/voxforge_dataset/wav/cmu_us_clb_arctic_arctic_a0082.wav,/mnt/deepspeech2_data/voxforge_dataset/txt/cmu_us_clb_arctic_arctic_a0082.txt
/mnt/deepspeech2_data/voxforge_dataset/wav/cmu_us_clb_arctic_arctic_b0052.wav,/mnt/deepspeech2_data/voxforge_dataset/txt/cmu_us_clb_arctic_arctic_b0052.txt
/mnt/deepspeech2_data/voxforge_dataset/wav/cmu_us_clb_arctic_arctic_b0537.wav,/mnt/deepspeech2_data/voxforge_dataset/txt/cmu_us_clb_arctic_arctic_b0537.txt
/mnt/deepspeech2_data/voxforge_dataset/wav/cmu_us_clb_arctic_arctic_a0288.wav,/mnt/deepspeech2_data/voxforge_dataset/txt/cmu_us_clb_arctic_arctic_a0288.txt
/mnt/deepspeech2_data/voxforge_dataset/wav/cmu_us_clb_arctic_arctic_b0356.wav,/mnt/deepspeech2_data/voxforge_dataset/txt/cmu_us_clb_arctic_arctic_b0356.txt
/mnt/deepspeech2_data/voxforge_dataset/wav/cmu_us_clb_arctic_arctic_a0278.wav,/mnt/deepspeech2_data/voxforge_dataset/txt/cmu_us_clb_arctic_arctic_a0278.txt
/mnt/deepspeech2_data/voxforge_dataset/wav/cmu_us_clb_arctic_arctic_a0586.wav,/mnt/deepspeech2_data/voxforge_dataset/txt/cmu_us_clb_arctic_arctic_a0586.txt
/mnt/deepspeech2_data/voxforge_dataset/wav/cmu_us_clb_arctic_arctic_b0037.wav,/mnt/deepspeech2_data/voxforge_dataset/txt/cmu_us_clb_arctic_arctic_b0037.txt
/mnt/deepspeech2_data/voxforge_dataset/wav/cmu_us_clb_arctic_arctic_a0293.wav,/mnt/deepspeech2_data/voxforge_dataset/txt/cmu_us_clb_arctic_arctic_a0293.txt
/mnt/deepspeech2_data/voxforge_dataset/wav/cmu_us_clb_arctic_arctic_a0492.wav,/mnt/deepspeech2_data/voxforge_dataset/txt/cmu_us_clb_arctic_arctic_a0492.txt
/mnt/deepspeech2_data/voxforge_dataset/wav/cmu_us_clb_arctic_arctic_b0110.wav,/mnt/deepspeech2_data/voxforge_dataset/txt/cmu_us_clb_arctic_arctic_b0110.txt
/mnt/deepspeech2_data/voxforge_dataset/wav/cmu_us_clb_arctic_arctic_b0286.wav,/mnt/deepspeech2_data/voxforge_dataset/txt/cmu_us_clb_arctic_arctic_b0286.txt
/mnt/deepspeech2_data/voxforge_dataset/wav/cmu_us_clb_arctic_arctic_a0062.wav,/mnt/deepspeech2_data/voxforge_dataset/txt/cmu_us_clb_arctic_arctic_a0062.txt
/mnt/deepspeech2_data/voxforge_dataset/wav/cmu_us_clb_arctic_arctic_b0133.wav,/mnt/deepspeech2_data/voxforge_dataset/txt/cmu_us_clb_arctic_arctic_b0133.txt
/mnt/deepspeech2_data/voxforge_dataset/wav/cmu_us_clb_arctic_arctic_b0301.wav,/mnt/deepspeech2_data/voxforge_dataset/txt/cmu_us_clb_arctic_arctic_b0301.txt
/mnt/deepspeech2_data/voxforge_dataset/wav/cmu_us_clb_arctic_arctic_a0488.wav,/mnt/deepspeech2_data/voxforge_dataset/txt/cmu_us_clb_arctic_arctic_a0488.txt
/mnt/deepspeech2_data/voxforge_dataset/wav/cmu_us_clb_arctic_arctic_b0047.wav,/mnt/deepspeech2_data/voxforge_dataset/txt/cmu_us_clb_arctic_arctic_b0047.txt
/mnt/deepspeech2_data/voxforge_dataset/wav/cmu_us_clb_arctic_arctic_b0014.wav,/mnt/deepspeech2_data/voxforge_dataset/txt/cmu_us_clb_arctic_arctic_b0014.txt
/mnt/deepspeech2_data/voxforge_dataset/wav/cmu_us_clb_arctic_arctic_b0419.wav,/mnt/deepspeech2_data/voxforge_dataset/txt/cmu_us_clb_arctic_arctic_b0419.txt
/mnt/deepspeech2_data/voxforge_dataset/wav/cmu_us_clb_arctic_arctic_b0214.wav,/mnt/deepspeech2_data/voxforge_dataset/txt/cmu_us_clb_arctic_arctic_b0214.txt
/mnt/deepspeech2_data/voxforge_dataset/wav/cmu_us_clb_arctic_arctic_a0521.wav,/mnt/deepspeech2_data/voxforge_dataset/txt/cmu_us_clb_arctic_arctic_a0521.txt
/mnt/deepspeech2_data/voxforge_dataset/wav/cmu_us_clb_arctic_arctic_b0243.wav,/mnt/deepspeech2_data/voxforge_dataset/txt/cmu_us_clb_arctic_arctic_b0243.txt
/mnt/deepspeech2_data/voxforge_dataset/wav/cmu_us_clb_arctic_arctic_a0177.wav,/mnt/deepspeech2_data/voxforge_dataset/txt/cmu_us_clb_arctic_arctic_a0177.txt
/mnt/deepspeech2_data/voxforge_dataset/wav/cmu_us_clb_arctic_arctic_b0193.wav,/mnt/deepspeech2_data/voxforge_dataset/txt/cmu_us_clb_arctic_arctic_b0193.txt
/mnt/deepspeech2_data/voxforge_dataset/wav/cmu_us_clb_arctic_arctic_b0430.wav,/mnt/deepspeech2_data/voxforge_dataset/txt/cmu_us_clb_arctic_arctic_b0430.txt
/mnt/deepspeech2_data/voxforge_dataset/wav/cmu_us_clb_arctic_arctic_a0431.wav,/mnt/deepspeech2_data/voxforge_dataset/txt/cmu_us_clb_arctic_arctic_a0431.txt
/mnt/deepspeech2_data/voxforge_dataset/wav/cmu_us_clb_arctic_arctic_a0198.wav,/mnt/deepspeech2_data/voxforge_dataset/txt/cmu_us_clb_arctic_arctic_a0198.txt
/mnt/deepspeech2_data/voxforge_dataset/wav/cmu_us_clb_arctic_arctic_a0419.wav,/mnt/deepspeech2_data/voxforge_dataset/txt/cmu_us_clb_arctic_arctic_a0419.txt
/mnt/deepspeech2_data/voxforge_dataset/wav/cmu_us_clb_arctic_arctic_b0064.wav,/mnt/deepspeech2_data/voxforge_dataset/txt/cmu_us_clb_arctic_arctic_b0064.txt
/mnt/deepspeech2_data/voxforge_dataset/wav/cmu_us_clb_arctic_arctic_a0142.wav,/mnt/deepspeech2_data/voxforge_dataset/txt/cmu_us_clb_arctic_arctic_a0142.txt
/mnt/deepspeech2_data/voxforge_dataset/wav/cmu_us_clb_arctic_arctic_b0526.wav,/mnt/deepspeech2_data/voxforge_dataset/txt/cmu_us_clb_arctic_arctic_b0526.txt
/mnt/deepspeech2_data/voxforge_dataset/wav/cmu_us_clb_arctic_arctic_b0051.wav,/mnt/deepspeech2_data/voxforge_dataset/txt/cmu_us_clb_arctic_arctic_b0051.txt
/mnt/deepspeech2_data/voxforge_dataset/wav/cmu_us_clb_arctic_arctic_a0461.wav,/mnt/deepspeech2_data/voxforge_dataset/txt/cmu_us_clb_arctic_arctic_a0461.txt
/mnt/deepspeech2_data/voxforge_dataset/wav/cmu_us_clb_arctic_arctic_a0200.wav,/mnt/deepspeech2_data/voxforge_dataset/txt/cmu_us_clb_arctic_arctic_a0200.txt
/mnt/deepspeech2_data/voxforge_dataset/wav/cmu_us_clb_arctic_arctic_b0452.wav,/mnt/deepspeech2_data/voxforge_dataset/txt/cmu_us_clb_arctic_arctic_b0452.txt
/mnt/deepspeech2_data/voxforge_dataset/wav/cmu_us_clb_arctic_arctic_a0384.wav,/mnt/deepspeech2_data/voxforge_dataset/txt/cmu_us_clb_arctic_arctic_a0384.txt
/mnt/deepspeech2_data/voxforge_dataset/wav/cmu_us_clb_arctic_arctic_b0115.wav,/mnt/deepspeech2_data/voxforge_dataset/txt/cmu_us_clb_arctic_arctic_b0115.txt
/mnt/deepspeech2_data/voxforge_dataset/wav/cmu_us_clb_arctic_arctic_a0146.wav,/mnt/deepspeech2_data/voxforge_dataset/txt/cmu_us_clb_arctic_arctic_a0146.txt
/mnt/deepspeech2_data/voxforge_dataset/wav/cmu_us_clb_arctic_arctic_a0501.wav,/mnt/deepspeech2_data/voxforge_dataset/txt/cmu_us_clb_arctic_arctic_a0501.txt
/mnt/deepspeech2_data/voxforge_dataset/wav/cmu_us_clb_arctic_arctic_a0210.wav,/mnt/deepspeech2_data/voxforge_dataset/txt/cmu_us_clb_arctic_arctic_a0210.txt
/mnt/deepspeech2_data/voxforge_dataset/wav/cmu_us_clb_arctic_arctic_b0377.wav,/mnt/deepspeech2_data/voxforge_dataset/txt/cmu_us_clb_arctic_arctic_b0377.txt
/mnt/deepspeech2_data/voxforge_dataset/wav/cmu_us_clb_arctic_arctic_b0217.wav,/mnt/deepspeech2_data/voxforge_dataset/txt/cmu_us_clb_arctic_arctic_b0217.txt
/mnt/deepspeech2_data/voxforge_dataset/wav/cmu_us_clb_arctic_arctic_a0263.wav,/mnt/deepspeech2_data/voxforge_dataset/txt/cmu_us_clb_arctic_arctic_a0263.txt
/mnt/deepspeech2_data/voxforge_dataset/wav/cmu_us_clb_arctic_arctic_b0431.wav,/mnt/deepspeech2_data/voxforge_dataset/txt/cmu_us_clb_arctic_arctic_b0431.txt
/mnt/deepspeech2_data/voxforge_dataset/wav/cmu_us_clb_arctic_arctic_a0314.wav,/mnt/deepspeech2_data/voxforge_dataset/txt/cmu_us_clb_arctic_arctic_a0314.txt
/mnt/deepspeech2_data/voxforge_dataset/wav/cmu_us_clb_arctic_arctic_a0370.wav,/mnt/deepspeech2_data/voxforge_dataset/txt/cmu_us_clb_arctic_arctic_a0370.txt
/mnt/deepspeech2_data/voxforge_dataset/wav/cmu_us_clb_arctic_arctic_b0321.wav,/mnt/deepspeech2_data/voxforge_dataset/txt/cmu_us_clb_arctic_arctic_b0321.txt
/mnt/deepspeech2_data/voxforge_dataset/wav/cmu_us_clb_arctic_arctic_b0248.wav,/mnt/deepspeech2_data/voxforge_dataset/txt/cmu_us_clb_arctic_arctic_b0248.txt
/mnt/deepspeech2_data/voxforge_dataset/wav/cmu_us_clb_arctic_arctic_b0468.wav,/mnt/deepspeech2_data/voxforge_dataset/txt/cmu_us_clb_arctic_arctic_b0468.txt
/mnt/deepspeech2_data/voxforge_dataset/wav/cmu_us_clb_arctic_arctic_b0168.wav,/mnt/deepspeech2_data/voxforge_dataset/txt/cmu_us_clb_arctic_arctic_b0168.txt
/mnt/deepspeech2_data/voxforge_dataset/wav/cmu_us_clb_arctic_arctic_a0423.wav,/mnt/deepspeech2_data/voxforge_dataset/txt/cmu_us_clb_arctic_arctic_a0423.txt
/mnt/deepspeech2_data/voxforge_dataset/wav/cmu_us_clb_arctic_arctic_a0563.wav,/mnt/deepspeech2_data/voxforge_dataset/txt/cmu_us_clb_arctic_arctic_a0563.txt
/mnt/deepspeech2_data/voxforge_dataset/wav/cmu_us_clb_arctic_arctic_b0085.wav,/mnt/deepspeech2_data/voxforge_dataset/txt/cmu_us_clb_arctic_arctic_b0085.txt
/mnt/deepspeech2_data/voxforge_dataset/wav/cmu_us_clb_arctic_arctic_b0244.wav,/mnt/deepspeech2_data/voxforge_dataset/txt/cmu_us_clb_arctic_arctic_b0244.txt
/mnt/deepspeech2_data/voxforge_dataset/wav/cmu_us_clb_arctic_arctic_a0286.wav,/mnt/deepspeech2_data/voxforge_dataset/txt/cmu_us_clb_arctic_arctic_a0286.txt
/mnt/deepspeech2_data/voxforge_dataset/wav/cmu_us_clb_arctic_arctic_a0535.wav,/mnt/deepspeech2_data/voxforge_dataset/txt/cmu_us_clb_arctic_arctic_a0535.txt
/mnt/deepspeech2_data/voxforge_dataset/wav/cmu_us_clb_arctic_arctic_a0156.wav,/mnt/deepspeech2_data/voxforge_dataset/txt/cmu_us_clb_arctic_arctic_a0156.txt
/mnt/deepspeech2_data/voxforge_dataset/wav/cmu_us_clb_arctic_arctic_a0560.wav,/mnt/deepspeech2_data/voxforge_dataset/txt/cmu_us_clb_arctic_arctic_a0560.txt
/mnt/deepspeech2_data/voxforge_dataset/wav/cmu_us_clb_arctic_arctic_a0549.wav,/mnt/deepspeech2_data/voxforge_dataset/txt/cmu_us_clb_arctic_arctic_a0549.txt
/mnt/deepspeech2_data/voxforge_dataset/wav/cmu_us_clb_arctic_arctic_a0391.wav,/mnt/deepspeech2_data/voxforge_dataset/txt/cmu_us_clb_arctic_arctic_a0391.txt
/mnt/deepspeech2_data/voxforge_dataset/wav/cmu_us_clb_arctic_arctic_b0189.wav,/mnt/deepspeech2_data/voxforge_dataset/txt/cmu_us_clb_arctic_arctic_b0189.txt
/mnt/deepspeech2_data/voxforge_dataset/wav/cmu_us_clb_arctic_arctic_b0310.wav,/mnt/deepspeech2_data/voxforge_dataset/txt/cmu_us_clb_arctic_arctic_b0310.txt
/mnt/deepspeech2_data/voxforge_dataset/wav/cmu_us_clb_arctic_arctic_b0160.wav,/mnt/deepspeech2_data/voxforge_dataset/txt/cmu_us_clb_arctic_arctic_b0160.txt
/mnt/deepspeech2_data/voxforge_dataset/wav/cmu_us_clb_arctic_arctic_a0292.wav,/mnt/deepspeech2_data/voxforge_dataset/txt/cmu_us_clb_arctic_arctic_a0292.txt
/mnt/deepspeech2_data/voxforge_dataset/wav/cmu_us_clb_arctic_arctic_a0490.wav,/mnt/deepspeech2_data/voxforge_dataset/txt/cmu_us_clb_arctic_arctic_a0490.txt
/mnt/deepspeech2_data/voxforge_dataset/wav/cmu_us_clb_arctic_arctic_b0444.wav,/mnt/deepspeech2_data/voxforge_dataset/txt/cmu_us_clb_arctic_arctic_b0444.txt
/mnt/deepspeech2_data/voxforge_dataset/wav/cmu_us_clb_arctic_arctic_b0378.wav,/mnt/deepspeech2_data/voxforge_dataset/txt/cmu_us_clb_arctic_arctic_b0378.txt
/mnt/deepspeech2_data/voxforge_dataset/wav/cmu_us_clb_arctic_arctic_a0020.wav,/mnt/deepspeech2_data/voxforge_dataset/txt/cmu_us_clb_arctic_arctic_a0020.txt
/mnt/deepspeech2_data/voxforge_dataset/wav/cmu_us_clb_arctic_arctic_a0019.wav,/mnt/deepspeech2_data/voxforge_dataset/txt/cmu_us_clb_arctic_arctic_a0019.txt
/mnt/deepspeech2_data/voxforge_dataset/wav/cmu_us_clb_arctic_arctic_b0153.wav,/mnt/deepspeech2_data/voxforge_dataset/txt/cmu_us_clb_arctic_arctic_b0153.txt
/mnt/deepspeech2_data/voxforge_dataset/wav/cmu_us_clb_arctic_arctic_a0144.wav,/mnt/deepspeech2_data/voxforge_dataset/txt/cmu_us_clb_arctic_arctic_a0144.txt
/mnt/deepspeech2_data/voxforge_dataset/wav/cmu_us_clb_arctic_arctic_a0466.wav,/mnt/deepspeech2_data/voxforge_dataset/txt/cmu_us_clb_arctic_arctic_a0466.txt
/mnt/deepspeech2_data/voxforge_dataset/wav/cmu_us_clb_arctic_arctic_a0300.wav,/mnt/deepspeech2_data/voxforge_dataset/txt/cmu_us_clb_arctic_arctic_a0300.txt
/mnt/deepspeech2_data/voxforge_dataset/wav/cmu_us_clb_arctic_arctic_a0547.wav,/mnt/deepspeech2_data/voxforge_dataset/txt/cmu_us_clb_arctic_arctic_a0547.txt
/mnt/deepspeech2_data/voxforge_dataset/wav/cmu_us_clb_arctic_arctic_a0405.wav,/mnt/deepspeech2_data/voxforge_dataset/txt/cmu_us_clb_arctic_arctic_a0405.txt
/mnt/deepspeech2_data/voxforge_dataset/wav/cmu_us_clb_arctic_arctic_a0538.wav,/mnt/deepspeech2_data/voxforge_dataset/txt/cmu_us_clb_arctic_arctic_a0538.txt
/mnt/deepspeech2_data/voxforge_dataset/wav/cmu_us_clb_arctic_arctic_b0446.wav,/mnt/deepspeech2_data/voxforge_dataset/txt/cmu_us_clb_arctic_arctic_b0446.txt
/mnt/deepspeech2_data/voxforge_dataset/wav/cmu_us_clb_arctic_arctic_b0413.wav,/mnt/deepspeech2_data/voxforge_dataset/txt/cmu_us_clb_arctic_arctic_b0413.txt
/mnt/deepspeech2_data/voxforge_dataset/wav/cmu_us_clb_arctic_arctic_b0323.wav,/mnt/deepspeech2_data/voxforge_dataset/txt/cmu_us_clb_arctic_arctic_b0323.txt
/mnt/deepspeech2_data/voxforge_dataset/wav/cmu_us_clb_arctic_arctic_b0488.wav,/mnt/deepspeech2_data/voxforge_dataset/txt/cmu_us_clb_arctic_arctic_b0488.txt
/mnt/deepspeech2_data/voxforge_dataset/wav/cmu_us_clb_arctic_arctic_b0360.wav,/mnt/deepspeech2_data/voxforge_dataset/txt/cmu_us_clb_arctic_arctic_b0360.txt
/mnt/deepspeech2_data/voxforge_dataset/wav/cmu_us_clb_arctic_arctic_b0508.wav,/mnt/deepspeech2_data/voxforge_dataset/txt/cmu_us_clb_arctic_arctic_b0508.txt
/mnt/deepspeech2_data/voxforge_dataset/wav/cmu_us_clb_arctic_arctic_a0332.wav,/mnt/deepspeech2_data/voxforge_dataset/txt/cmu_us_clb_arctic_arctic_a0332.txt
/mnt/deepspeech2_data/voxforge_dataset/wav/cmu_us_clb_arctic_arctic_b0434.wav,/mnt/deepspeech2_data/voxforge_dataset/txt/cmu_us_clb_arctic_arctic_b0434.txt
/mnt/deepspeech2_data/voxforge_dataset/wav/cmu_us_clb_arctic_arctic_a0402.wav,/mnt/deepspeech2_data/voxforge_dataset/txt/cmu_us_clb_arctic_arctic_a0402.txt
/mnt/deepspeech2_data/voxforge_dataset/wav/cmu_us_clb_arctic_arctic_b0252.wav,/mnt/deepspeech2_data/voxforge_dataset/txt/cmu_us_clb_arctic_arctic_b0252.txt
/mnt/deepspeech2_data/voxforge_dataset/wav/cmu_us_clb_arctic_arctic_a0219.wav,/mnt/deepspeech2_data/voxforge_dataset/txt/cmu_us_clb_arctic_arctic_a0219.txt
/mnt/deepspeech2_data/voxforge_dataset/wav/cmu_us_clb_arctic_arctic_a0581.wav,/mnt/deepspeech2_data/voxforge_dataset/txt/cmu_us_clb_arctic_arctic_a0581.txt
/mnt/deepspeech2_data/voxforge_dataset/wav/cmu_us_clb_arctic_arctic_a0277.wav,/mnt/deepspeech2_data/voxforge_dataset/txt/cmu_us_clb_arctic_arctic_a0277.txt
/mnt/deepspeech2_data/voxforge_dataset/wav/cmu_us_clb_arctic_arctic_b0453.wav,/mnt/deepspeech2_data/voxforge_dataset/txt/cmu_us_clb_arctic_arctic_b0453.txt
/mnt/deepspeech2_data/voxforge_dataset/wav/cmu_us_clb_arctic_arctic_b0174.wav,/mnt/deepspeech2_data/voxforge_dataset/txt/cmu_us_clb_arctic_arctic_b0174.txt
/mnt/deepspeech2_data/voxforge_dataset/wav/cmu_us_clb_arctic_arctic_b0465.wav,/mnt/deepspeech2_data/voxforge_dataset/txt/cmu_us_clb_arctic_arctic_b0465.txt
/mnt/deepspeech2_data/voxforge_dataset/wav/cmu_us_clb_arctic_arctic_a0302.wav,/mnt/deepspeech2_data/voxforge_dataset/txt/cmu_us_clb_arctic_arctic_a0302.txt
/mnt/deepspeech2_data/voxforge_dataset/wav/cmu_us_clb_arctic_arctic_a0531.wav,/mnt/deepspeech2_data/voxforge_dataset/txt/cmu_us_clb_arctic_arctic_a0531.txt
/mnt/deepspeech2_data/voxforge_dataset/wav/cmu_us_clb_arctic_arctic_a0525.wav,/mnt/deepspeech2_data/voxforge_dataset/txt/cmu_us_clb_arctic_arctic_a0525.txt
/mnt/deepspeech2_data/voxforge_dataset/wav/cmu_us_clb_arctic_arctic_a0022.wav,/mnt/deepspeech2_data/voxforge_dataset/txt/cmu_us_clb_arctic_arctic_a0022.txt
/mnt/deepspeech2_data/voxforge_dataset/wav/cmu_us_clb_arctic_arctic_a0570.wav,/mnt/deepspeech2_data/voxforge_dataset/txt/cmu_us_clb_arctic_arctic_a0570.txt
/mnt/deepspeech2_data/voxforge_dataset/wav/cmu_us_clb_arctic_arctic_b0520.wav,/mnt/deepspeech2_data/voxforge_dataset/txt/cmu_us_clb_arctic_arctic_b0520.txt
/mnt/deepspeech2_data/voxforge_dataset/wav/cmu_us_rms_arctic_arctic_a0207.wav,/mnt/deepspeech2_data/voxforge_dataset/txt/cmu_us_rms_arctic_arctic_a0207.txt
/mnt/deepspeech2_data/voxforge_dataset/wav/cmu_us_rms_arctic_arctic_a0080.wav,/mnt/deepspeech2_data/voxforge_dataset/txt/cmu_us_rms_arctic_arctic_a0080.txt
/mnt/deepspeech2_data/voxforge_dataset/wav/cmu_us_rms_arctic_arctic_b0166.wav,/mnt/deepspeech2_data/voxforge_dataset/txt/cmu_us_rms_arctic_arctic_b0166.txt
/mnt/deepspeech2_data/voxforge_dataset/wav/cmu_us_rms_arctic_arctic_a0580.wav,/mnt/deepspeech2_data/voxforge_dataset/txt/cmu_us_rms_arctic_arctic_a0580.txt
/mnt/deepspeech2_data/voxforge_dataset/wav/cmu_us_rms_arctic_arctic_b0276.wav,/mnt/deepspeech2_data/voxforge_dataset/txt/cmu_us_rms_arctic_arctic_b0276.txt
/mnt/deepspeech2_data/voxforge_dataset/wav/cmu_us_rms_arctic_arctic_a0130.wav,/mnt/deepspeech2_data/voxforge_dataset/txt/cmu_us_rms_arctic_arctic_a0130.txt
/mnt/deepspeech2_data/voxforge_dataset/wav/cmu_us_rms_arctic_arctic_b0249.wav,/mnt/deepspeech2_data/voxforge_dataset/txt/cmu_us_rms_arctic_arctic_b0249.txt
/mnt/deepspeech2_data/voxforge_dataset/wav/cmu_us_rms_arctic_arctic_a0052.wav,/mnt/deepspeech2_data/voxforge_dataset/txt/cmu_us_rms_arctic_arctic_a0052.txt
/mnt/deepspeech2_data/voxforge_dataset/wav/cmu_us_rms_arctic_arctic_b0135.wav,/mnt/deepspeech2_data/voxforge_dataset/txt/cmu_us_rms_arctic_arctic_b0135.txt
/mnt/deepspeech2_data/voxforge_dataset/wav/cmu_us_rms_arctic_arctic_a0059.wav,/mnt/deepspeech2_data/voxforge_dataset/txt/cmu_us_rms_arctic_arctic_a0059.txt
/mnt/deepspeech2_data/voxforge_dataset/wav/cmu_us_rms_arctic_arctic_a0004.wav,/mnt/deepspeech2_data/voxforge_dataset/txt/cmu_us_rms_arctic_arctic_a0004.txt
/mnt/deepspeech2_data/voxforge_dataset/wav/cmu_us_rms_arctic_arctic_a0008.wav,/mnt/deepspeech2_data/voxforge_dataset/txt/cmu_us_rms_arctic_arctic_a0008.txt
/mnt/deepspeech2_data/voxforge_dataset/wav/cmu_us_rms_arctic_arctic_a0232.wav,/mnt/deepspeech2_data/voxforge_dataset/txt/cmu_us_rms_arctic_arctic_a0232.txt
/mnt/deepspeech2_data/voxforge_dataset/wav/cmu_us_rms_arctic_arctic_a0311.wav,/mnt/deepspeech2_data/voxforge_dataset/txt/cmu_us_rms_arctic_arctic_a0311.txt
/mnt/deepspeech2_data/voxforge_dataset/wav/cmu_us_rms_arctic_arctic_b0277.wav,/mnt/deepspeech2_data/voxforge_dataset/txt/cmu_us_rms_arctic_arctic_b0277.txt
/mnt/deepspeech2_data/voxforge_dataset/wav/cmu_us_rms_arctic_arctic_a0183.wav,/mnt/deepspeech2_data/voxforge_dataset/txt/cmu_us_rms_arctic_arctic_a0183.txt
/mnt/deepspeech2_data/voxforge_dataset/wav/cmu_us_rms_arctic_arctic_a0048.wav,/mnt/deepspeech2_data/voxforge_dataset/txt/cmu_us_rms_arctic_arctic_a0048.txt
/mnt/deepspeech2_data/voxforge_dataset/wav/cmu_us_rms_arctic_arctic_b0436.wav,/mnt/deepspeech2_data/voxforge_dataset/txt/cmu_us_rms_arctic_arctic_b0436.txt
/mnt/deepspeech2_data/voxforge_dataset/wav/cmu_us_rms_arctic_arctic_a0541.wav,/mnt/deepspeech2_data/voxforge_dataset/txt/cmu_us_rms_arctic_arctic_a0541.txt
/mnt/deepspeech2_data/voxforge_dataset/wav/cmu_us_rms_arctic_arctic_a0068.wav,/mnt/deepspeech2_data/voxforge_dataset/txt/cmu_us_rms_arctic_arctic_a0068.txt
/mnt/deepspeech2_data/voxforge_dataset/wav/cmu_us_rms_arctic_arctic_a0460.wav,/mnt/deepspeech2_data/voxforge_dataset/txt/cmu_us_rms_arctic_arctic_a0460.txt
/mnt/deepspeech2_data/voxforge_dataset/wav/cmu_us_rms_arctic_arctic_b0507.wav,/mnt/deepspeech2_data/voxforge_dataset/txt/cmu_us_rms_arctic_arctic_b0507.txt
/mnt/deepspeech2_data/voxforge_dataset/wav/cmu_us_rms_arctic_arctic_a0257.wav,/mnt/deepspeech2_data/voxforge_dataset/txt/cmu_us_rms_arctic_arctic_a0257.txt
/mnt/deepspeech2_data/voxforge_dataset/wav/cmu_us_rms_arctic_arctic_b0328.wav,/mnt/deepspeech2_data/voxforge_dataset/txt/cmu_us_rms_arctic_arctic_b0328.txt
/mnt/deepspeech2_data/voxforge_dataset/wav/cmu_us_rms_arctic_arctic_a0467.wav,/mnt/deepspeech2_data/voxforge_dataset/txt/cmu_us_rms_arctic_arctic_a0467.txt
/mnt/deepspeech2_data/voxforge_dataset/wav/cmu_us_rms_arctic_arctic_b0419.wav,/mnt/deepspeech2_data/voxforge_dataset/txt/cmu_us_rms_arctic_arctic_b0419.txt
/mnt/deepspeech2_data/voxforge_dataset/wav/cmu_us_rms_arctic_arctic_a0114.wav,/mnt/deepspeech2_data/voxforge_dataset/txt/cmu_us_rms_arctic_arctic_a0114.txt
/mnt/deepspeech2_data/voxforge_dataset/wav/cmu_us_rms_arctic_arctic_b0537.wav,/mnt/deepspeech2_data/voxforge_dataset/txt/cmu_us_rms_arctic_arctic_b0537.txt
/mnt/deepspeech2_data/voxforge_dataset/wav/cmu_us_rms_arctic_arctic_a0226.wav,/mnt/deepspeech2_data/voxforge_dataset/txt/cmu_us_rms_arctic_arctic_a0226.txt
/mnt/deepspeech2_data/voxforge_dataset/wav/cmu_us_rms_arctic_arctic_b0339.wav,/mnt/deepspeech2_data/voxforge_dataset/txt/cmu_us_rms_arctic_arctic_b0339.txt
/mnt/deepspeech2_data/voxforge_dataset/wav/cmu_us_rms_arctic_arctic_a0026.wav,/mnt/deepspeech2_data/voxforge_dataset/txt/cmu_us_rms_arctic_arctic_a0026.txt
/mnt/deepspeech2_data/voxforge_dataset/wav/cmu_us_rms_arctic_arctic_b0333.wav,/mnt/deepspeech2_data/voxforge_dataset/txt/cmu_us_rms_arctic_arctic_b0333.txt
/mnt/deepspeech2_data/voxforge_dataset/wav/cmu_us_rms_arctic_arctic_b0309.wav,/mnt/deepspeech2_data/voxforge_dataset/txt/cmu_us_rms_arctic_arctic_b0309.txt
/mnt/deepspeech2_data/voxforge_dataset/wav/cmu_us_rms_arctic_arctic_b0026.wav,/mnt/deepspeech2_data/voxforge_dataset/txt/cmu_us_rms_arctic_arctic_b0026.txt
/mnt/deepspeech2_data/voxforge_dataset/wav/cmu_us_rms_arctic_arctic_b0264.wav,/mnt/deepspeech2_data/voxforge_dataset/txt/cmu_us_rms_arctic_arctic_b0264.txt
/mnt/deepspeech2_data/voxforge_dataset/wav/cmu_us_rms_arctic_arctic_a0409.wav,/mnt/deepspeech2_data/voxforge_dataset/txt/cmu_us_rms_arctic_arctic_a0409.txt
/mnt/deepspeech2_data/voxforge_dataset/wav/cmu_us_rms_arctic_arctic_b0351.wav,/mnt/deepspeech2_data/voxforge_dataset/txt/cmu_us_rms_arctic_arctic_b0351.txt
/mnt/deepspeech2_data/voxforge_dataset/wav/cmu_us_rms_arctic_arctic_a0179.wav,/mnt/deepspeech2_data/voxforge_dataset/txt/cmu_us_rms_arctic_arctic_a0179.txt
/mnt/deepspeech2_data/voxforge_dataset/wav/cmu_us_rms_arctic_arctic_a0533.wav,/mnt/deepspeech2_data/voxforge_dataset/txt/cmu_us_rms_arctic_arctic_a0533.txt
/mnt/deepspeech2_data/voxforge_dataset/wav/cmu_us_rms_arctic_arctic_a0255.wav,/mnt/deepspeech2_data/voxforge_dataset/txt/cmu_us_rms_arctic_arctic_a0255.txt
/mnt/deepspeech2_data/voxforge_dataset/wav/cmu_us_rms_arctic_arctic_b0442.wav,/mnt/deepspeech2_data/voxforge_dataset/txt/cmu_us_rms_arctic_arctic_b0442.txt
/mnt/deepspeech2_data/voxforge_dataset/wav/cmu_us_rms_arctic_arctic_a0584.wav,/mnt/deepspeech2_data/voxforge_dataset/txt/cmu_us_rms_arctic_arctic_a0584.txt
/mnt/deepspeech2_data/voxforge_dataset/wav/cmu_us_rms_arctic_arctic_b0521.wav,/mnt/deepspeech2_data/voxforge_dataset/txt/cmu_us_rms_arctic_arctic_b0521.txt
/mnt/deepspeech2_data/voxforge_dataset/wav/cmu_us_rms_arctic_arctic_a0343.wav,/mnt/deepspeech2_data/voxforge_dataset/txt/cmu_us_rms_arctic_arctic_a0343.txt
/mnt/deepspeech2_data/voxforge_dataset/wav/cmu_us_rms_arctic_arctic_a0281.wav,/mnt/deepspeech2_data/voxforge_dataset/txt/cmu_us_rms_arctic_arctic_a0281.txt
/mnt/deepspeech2_data/voxforge_dataset/wav/cmu_us_rms_arctic_arctic_b0115.wav,/mnt/deepspeech2_data/voxforge_dataset/txt/cmu_us_rms_arctic_arctic_b0115.txt
/mnt/deepspeech2_data/voxforge_dataset/wav/cmu_us_rms_arctic_arctic_b0096.wav,/mnt/deepspeech2_data/voxforge_dataset/txt/cmu_us_rms_arctic_arctic_b0096.txt
/mnt/deepspeech2_data/voxforge_dataset/wav/cmu_us_rms_arctic_arctic_a0310.wav,/mnt/deepspeech2_data/voxforge_dataset/txt/cmu_us_rms_arctic_arctic_a0310.txt
/mnt/deepspeech2_data/voxforge_dataset/wav/cmu_us_rms_arctic_arctic_a0187.wav,/mnt/deepspeech2_data/voxforge_dataset/txt/cmu_us_rms_arctic_arctic_a0187.txt
/mnt/deepspeech2_data/voxforge_dataset/wav/cmu_us_rms_arctic_arctic_b0010.wav,/mnt/deepspeech2_data/voxforge_dataset/txt/cmu_us_rms_arctic_arctic_b0010.txt
/mnt/deepspeech2_data/voxforge_dataset/wav/cmu_us_rms_arctic_arctic_b0530.wav,/mnt/deepspeech2_data/voxforge_dataset/txt/cmu_us_rms_arctic_arctic_b0530.txt
/mnt/deepspeech2_data/voxforge_dataset/wav/cmu_us_rms_arctic_arctic_b0291.wav,/mnt/deepspeech2_data/voxforge_dataset/txt/cmu_us_rms_arctic_arctic_b0291.txt
/mnt/deepspeech2_data/voxforge_dataset/wav/cmu_us_rms_arctic_arctic_b0514.wav,/mnt/deepspeech2_data/voxforge_dataset/txt/cmu_us_rms_arctic_arctic_b0514.txt
/mnt/deepspeech2_data/voxforge_dataset/wav/cmu_us_rms_arctic_arctic_a0406.wav,/mnt/deepspeech2_data/voxforge_dataset/txt/cmu_us_rms_arctic_arctic_a0406.txt
/mnt/deepspeech2_data/voxforge_dataset/wav/cmu_us_rms_arctic_arctic_b0108.wav,/mnt/deepspeech2_data/voxforge_dataset/txt/cmu_us_rms_arctic_arctic_b0108.txt
/mnt/deepspeech2_data/voxforge_dataset/wav/cmu_us_rms_arctic_arctic_b0051.wav,/mnt/deepspeech2_data/voxforge_dataset/txt/cmu_us_rms_arctic_arctic_b0051.txt
/mnt/deepspeech2_data/voxforge_dataset/wav/cmu_us_rms_arctic_arctic_b0485.wav,/mnt/deepspeech2_data/voxforge_dataset/txt/cmu_us_rms_arctic_arctic_b0485.txt
/mnt/deepspeech2_data/voxforge_dataset/wav/cmu_us_rms_arctic_arctic_a0180.wav,/mnt/deepspeech2_data/voxforge_dataset/txt/cmu_us_rms_arctic_arctic_a0180.txt
/mnt/deepspeech2_data/voxforge_dataset/wav/cmu_us_rms_arctic_arctic_a0267.wav,/mnt/deepspeech2_data/voxforge_dataset/txt/cmu_us_rms_arctic_arctic_a0267.txt
/mnt/deepspeech2_data/voxforge_dataset/wav/cmu_us_rms_arctic_arctic_a0345.wav,/mnt/deepspeech2_data/voxforge_dataset/txt/cmu_us_rms_arctic_arctic_a0345.txt
/mnt/deepspeech2_data/voxforge_dataset/wav/cmu_us_rms_arctic_arctic_a0145.wav,/mnt/deepspeech2_data/voxforge_dataset/txt/cmu_us_rms_arctic_arctic_a0145.txt
/mnt/deepspeech2_data/voxforge_dataset/wav/cmu_us_rms_arctic_arctic_a0256.wav,/mnt/deepspeech2_data/voxforge_dataset/txt/cmu_us_rms_arctic_arctic_a0256.txt
/mnt/deepspeech2_data/voxforge_dataset/wav/cmu_us_rms_arctic_arctic_b0289.wav,/mnt/deepspeech2_data/voxforge_dataset/txt/cmu_us_rms_arctic_arctic_b0289.txt
/mnt/deepspeech2_data/voxforge_dataset/wav/cmu_us_rms_arctic_arctic_a0548.wav,/mnt/deepspeech2_data/voxforge_dataset/txt/cmu_us_rms_arctic_arctic_a0548.txt
/mnt/deepspeech2_data/voxforge_dataset/wav/cmu_us_rms_arctic_arctic_a0556.wav,/mnt/deepspeech2_data/voxforge_dataset/txt/cmu_us_rms_arctic_arctic_a0556.txt
/mnt/deepspeech2_data/voxforge_dataset/wav/cmu_us_rms_arctic_arctic_a0520.wav,/mnt/deepspeech2_data/voxforge_dataset/txt/cmu_us_rms_arctic_arctic_a0520.txt
/mnt/deepspeech2_data/voxforge_dataset/wav/cmu_us_rms_arctic_arctic_b0226.wav,/mnt/deepspeech2_data/voxforge_dataset/txt/cmu_us_rms_arctic_arctic_b0226.txt
/mnt/deepspeech2_data/voxforge_dataset/wav/cmu_us_rms_arctic_arctic_b0299.wav,/mnt/deepspeech2_data/voxforge_dataset/txt/cmu_us_rms_arctic_arctic_b0299.txt
/mnt/deepspeech2_data/voxforge_dataset/wav/cmu_us_rms_arctic_arctic_b0392.wav,/mnt/deepspeech2_data/voxforge_dataset/txt/cmu_us_rms_arctic_arctic_b0392.txt
/mnt/deepspeech2_data/voxforge_dataset/wav/cmu_us_rms_arctic_arctic_b0150.wav,/mnt/deepspeech2_data/voxforge_dataset/txt/cmu_us_rms_arctic_arctic_b0150.txt
/mnt/deepspeech2_data/voxforge_dataset/wav/cmu_us_rms_arctic_arctic_b0321.wav,/mnt/deepspeech2_data/voxforge_dataset/txt/cmu_us_rms_arctic_arctic_b0321.txt
/mnt/deepspeech2_data/voxforge_dataset/wav/cmu_us_rms_arctic_arctic_a0523.wav,/mnt/deepspeech2_data/voxforge_dataset/txt/cmu_us_rms_arctic_arctic_a0523.txt
/mnt/deepspeech2_data/voxforge_dataset/wav/cmu_us_rms_arctic_arctic_a0144.wav,/mnt/deepspeech2_data/voxforge_dataset/txt/cmu_us_rms_arctic_arctic_a0144.txt
/mnt/deepspeech2_data/voxforge_dataset/wav/cmu_us_rms_arctic_arctic_a0274.wav,/mnt/deepspeech2_data/voxforge_dataset/txt/cmu_us_rms_arctic_arctic_a0274.txt
/mnt/deepspeech2_data/voxforge_dataset/wav/cmu_us_rms_arctic_arctic_a0378.wav,/mnt/deepspeech2_data/voxforge_dataset/txt/cmu_us_rms_arctic_arctic_a0378.txt
/mnt/deepspeech2_data/voxforge_dataset/wav/cmu_us_rms_arctic_arctic_a0019.wav,/mnt/deepspeech2_data/voxforge_dataset/txt/cmu_us_rms_arctic_arctic_a0019.txt
/mnt/deepspeech2_data/voxforge_dataset/wav/cmu_us_rms_arctic_arctic_b0027.wav,/mnt/deepspeech2_data/voxforge_dataset/txt/cmu_us_rms_arctic_arctic_b0027.txt
/mnt/deepspeech2_data/voxforge_dataset/wav/cmu_us_rms_arctic_arctic_b0085.wav,/mnt/deepspeech2_data/voxforge_dataset/txt/cmu_us_rms_arctic_arctic_b0085.txt
/mnt/deepspeech2_data/voxforge_dataset/wav/cmu_us_rms_arctic_arctic_b0326.wav,/mnt/deepspeech2_data/voxforge_dataset/txt/cmu_us_rms_arctic_arctic_b0326.txt
/mnt/deepspeech2_data/voxforge_dataset/wav/cmu_us_rms_arctic_arctic_a0095.wav,/mnt/deepspeech2_data/voxforge_dataset/txt/cmu_us_rms_arctic_arctic_a0095.txt
/mnt/deepspeech2_data/voxforge_dataset/wav/cmu_us_rms_arctic_arctic_a0371.wav,/mnt/deepspeech2_data/voxforge_dataset/txt/cmu_us_rms_arctic_arctic_a0371.txt
/mnt/deepspeech2_data/voxforge_dataset/wav/cmu_us_rms_arctic_arctic_a0088.wav,/mnt/deepspeech2_data/voxforge_dataset/txt/cmu_us_rms_arctic_arctic_a0088.txt
/mnt/deepspeech2_data/voxforge_dataset/wav/cmu_us_rms_arctic_arctic_b0106.wav,/mnt/deepspeech2_data/voxforge_dataset/txt/cmu_us_rms_arctic_arctic_b0106.txt
/mnt/deepspeech2_data/voxforge_dataset/wav/cmu_us_rms_arctic_arctic_a0096.wav,/mnt/deepspeech2_data/voxforge_dataset/txt/cmu_us_rms_arctic_arctic_a0096.txt
/mnt/deepspeech2_data/voxforge_dataset/wav/cmu_us_rms_arctic_arctic_a0191.wav,/mnt/deepspeech2_data/voxforge_dataset/txt/cmu_us_rms_arctic_arctic_a0191.txt
/mnt/deepspeech2_data/voxforge_dataset/wav/cmu_us_rms_arctic_arctic_b0142.wav,/mnt/deepspeech2_data/voxforge_dataset/txt/cmu_us_rms_arctic_arctic_b0142.txt
/mnt/deepspeech2_data/voxforge_dataset/wav/cmu_us_rms_arctic_arctic_b0378.wav,/mnt/deepspeech2_data/voxforge_dataset/txt/cmu_us_rms_arctic_arctic_b0378.txt
/mnt/deepspeech2_data/voxforge_dataset/wav/cmu_us_rms_arctic_arctic_b0523.wav,/mnt/deepspeech2_data/voxforge_dataset/txt/cmu_us_rms_arctic_arctic_b0523.txt
/mnt/deepspeech2_data/voxforge_dataset/wav/cmu_us_rms_arctic_arctic_b0345.wav,/mnt/deepspeech2_data/voxforge_dataset/txt/cmu_us_rms_arctic_arctic_b0345.txt
/mnt/deepspeech2_data/voxforge_dataset/wav/cmu_us_rms_arctic_arctic_a0424.wav,/mnt/deepspeech2_data/voxforge_dataset/txt/cmu_us_rms_arctic_arctic_a0424.txt
/mnt/deepspeech2_data/voxforge_dataset/wav/cmu_us_rms_arctic_arctic_a0411.wav,/mnt/deepspeech2_data/voxforge_dataset/txt/cmu_us_rms_arctic_arctic_a0411.txt
/mnt/deepspeech2_data/voxforge_dataset/wav/cmu_us_rms_arctic_arctic_b0300.wav,/mnt/deepspeech2_data/voxforge_dataset/txt/cmu_us_rms_arctic_arctic_b0300.txt
/mnt/deepspeech2_data/voxforge_dataset/wav/cmu_us_rms_arctic_arctic_a0315.wav,/mnt/deepspeech2_data/voxforge_dataset/txt/cmu_us_rms_arctic_arctic_a0315.txt
/mnt/deepspeech2_data/voxforge_dataset/wav/cmu_us_rms_arctic_arctic_b0252.wav,/mnt/deepspeech2_data/voxforge_dataset/txt/cmu_us_rms_arctic_arctic_b0252.txt
/mnt/deepspeech2_data/voxforge_dataset/wav/cmu_us_rms_arctic_arctic_b0504.wav,/mnt/deepspeech2_data/voxforge_dataset/txt/cmu_us_rms_arctic_arctic_b0504.txt
/mnt/deepspeech2_data/voxforge_dataset/wav/cmu_us_rms_arctic_arctic_a0540.wav,/mnt/deepspeech2_data/voxforge_dataset/txt/cmu_us_rms_arctic_arctic_a0540.txt
/mnt/deepspeech2_data/voxforge_dataset/wav/cmu_us_rms_arctic_arctic_b0061.wav,/mnt/deepspeech2_data/voxforge_dataset/txt/cmu_us_rms_arctic_arctic_b0061.txt
/mnt/deepspeech2_data/voxforge_dataset/wav/cmu_us_rms_arctic_arctic_b0125.wav,/mnt/deepspeech2_data/voxforge_dataset/txt/cmu_us_rms_arctic_arctic_b0125.txt
/mnt/deepspeech2_data/voxforge_dataset/wav/cmu_us_rms_arctic_arctic_a0302.wav,/mnt/deepspeech2_data/voxforge_dataset/txt/cmu_us_rms_arctic_arctic_a0302.txt
/mnt/deepspeech2_data/voxforge_dataset/wav/cmu_us_rms_arctic_arctic_b0290.wav,/mnt/deepspeech2_data/voxforge_dataset/txt/cmu_us_rms_arctic_arctic_b0290.txt
/mnt/deepspeech2_data/voxforge_dataset/wav/cmu_us_rms_arctic_arctic_a0219.wav,/mnt/deepspeech2_data/voxforge_dataset/txt/cmu_us_rms_arctic_arctic_a0219.txt
/mnt/deepspeech2_data/voxforge_dataset/wav/cmu_us_rms_arctic_arctic_b0320.wav,/mnt/deepspeech2_data/voxforge_dataset/txt/cmu_us_rms_arctic_arctic_b0320.txt
/mnt/deepspeech2_data/voxforge_dataset/wav/cmu_us_rms_arctic_arctic_b0402.wav,/mnt/deepspeech2_data/voxforge_dataset/txt/cmu_us_rms_arctic_arctic_b0402.txt
/mnt/deepspeech2_data/voxforge_dataset/wav/cmu_us_rms_arctic_arctic_b0385.wav,/mnt/deepspeech2_data/voxforge_dataset/txt/cmu_us_rms_arctic_arctic_b0385.txt
/mnt/deepspeech2_data/voxforge_dataset/wav/cmu_us_rms_arctic_arctic_a0202.wav,/mnt/deepspeech2_data/voxforge_dataset/txt/cmu_us_rms_arctic_arctic_a0202.txt
/mnt/deepspeech2_data/voxforge_dataset/wav/cmu_us_rms_arctic_arctic_b0039.wav,/mnt/deepspeech2_data/voxforge_dataset/txt/cmu_us_rms_arctic_arctic_b0039.txt
/mnt/deepspeech2_data/voxforge_dataset/wav/cmu_us_rms_arctic_arctic_b0374.wav,/mnt/deepspeech2_data/voxforge_dataset/txt/cmu_us_rms_arctic_arctic_b0374.txt
/mnt/deepspeech2_data/voxforge_dataset/wav/cmu_us_rms_arctic_arctic_b0532.wav,/mnt/deepspeech2_data/voxforge_dataset/txt/cmu_us_rms_arctic_arctic_b0532.txt
/mnt/deepspeech2_data/voxforge_dataset/wav/cmu_us_rms_arctic_arctic_a0239.wav,/mnt/deepspeech2_data/voxforge_dataset/txt/cmu_us_rms_arctic_arctic_a0239.txt
/mnt/deepspeech2_data/voxforge_dataset/wav/cmu_us_rms_arctic_arctic_a0543.wav,/mnt/deepspeech2_data/voxforge_dataset/txt/cmu_us_rms_arctic_arctic_a0543.txt
/mnt/deepspeech2_data/voxforge_dataset/wav/cmu_us_rms_arctic_arctic_a0369.wav,/mnt/deepspeech2_data/voxforge_dataset/txt/cmu_us_rms_arctic_arctic_a0369.txt
/mnt/deepspeech2_data/voxforge_dataset/wav/cmu_us_rms_arctic_arctic_b0242.wav,/mnt/deepspeech2_data/voxforge_dataset/txt/cmu_us_rms_arctic_arctic_b0242.txt
/mnt/deepspeech2_data/voxforge_dataset/wav/cmu_us_rms_arctic_arctic_a0472.wav,/mnt/deepspeech2_data/voxforge_dataset/txt/cmu_us_rms_arctic_arctic_a0472.txt
/mnt/deepspeech2_data/voxforge_dataset/wav/cmu_us_bdl_arctic_arctic_b0435.wav,/mnt/deepspeech2_data/voxforge_dataset/txt/cmu_us_bdl_arctic_arctic_b0435.txt
/mnt/deepspeech2_data/voxforge_dataset/wav/cmu_us_bdl_arctic_arctic_a0030.wav,/mnt/deepspeech2_data/voxforge_dataset/txt/cmu_us_bdl_arctic_arctic_a0030.txt
/mnt/deepspeech2_data/voxforge_dataset/wav/cmu_us_bdl_arctic_arctic_b0260.wav,/mnt/deepspeech2_data/voxforge_dataset/txt/cmu_us_bdl_arctic_arctic_b0260.txt
/mnt/deepspeech2_data/voxforge_dataset/wav/cmu_us_bdl_arctic_arctic_b0077.wav,/mnt/deepspeech2_data/voxforge_dataset/txt/cmu_us_bdl_arctic_arctic_b0077.txt
/mnt/deepspeech2_data/voxforge_dataset/wav/cmu_us_bdl_arctic_arctic_b0519.wav,/mnt/deepspeech2_data/voxforge_dataset/txt/cmu_us_bdl_arctic_arctic_b0519.txt
/mnt/deepspeech2_data/voxforge_dataset/wav/cmu_us_bdl_arctic_arctic_a0193.wav,/mnt/deepspeech2_data/voxforge_dataset/txt/cmu_us_bdl_arctic_arctic_a0193.txt
/mnt/deepspeech2_data/voxforge_dataset/wav/cmu_us_bdl_arctic_arctic_a0242.wav,/mnt/deepspeech2_data/voxforge_dataset/txt/cmu_us_bdl_arctic_arctic_a0242.txt
/mnt/deepspeech2_data/voxforge_dataset/wav/cmu_us_bdl_arctic_arctic_a0072.wav,/mnt/deepspeech2_data/voxforge_dataset/txt/cmu_us_bdl_arctic_arctic_a0072.txt
/mnt/deepspeech2_data/voxforge_dataset/wav/cmu_us_bdl_arctic_arctic_a0480.wav,/mnt/deepspeech2_data/voxforge_dataset/txt/cmu_us_bdl_arctic_arctic_a0480.txt
/mnt/deepspeech2_data/voxforge_dataset/wav/cmu_us_bdl_arctic_arctic_b0134.wav,/mnt/deepspeech2_data/voxforge_dataset/txt/cmu_us_bdl_arctic_arctic_b0134.txt
/mnt/deepspeech2_data/voxforge_dataset/wav/cmu_us_bdl_arctic_arctic_a0183.wav,/mnt/deepspeech2_data/voxforge_dataset/txt/cmu_us_bdl_arctic_arctic_a0183.txt
/mnt/deepspeech2_data/voxforge_dataset/wav/cmu_us_bdl_arctic_arctic_a0155.wav,/mnt/deepspeech2_data/voxforge_dataset/txt/cmu_us_bdl_arctic_arctic_a0155.txt
/mnt/deepspeech2_data/voxforge_dataset/wav/cmu_us_bdl_arctic_arctic_a0557.wav,/mnt/deepspeech2_data/voxforge_dataset/txt/cmu_us_bdl_arctic_arctic_a0557.txt
/mnt/deepspeech2_data/voxforge_dataset/wav/cmu_us_bdl_arctic_arctic_b0111.wav,/mnt/deepspeech2_data/voxforge_dataset/txt/cmu_us_bdl_arctic_arctic_b0111.txt
/mnt/deepspeech2_data/voxforge_dataset/wav/cmu_us_bdl_arctic_arctic_b0356.wav,/mnt/deepspeech2_data/voxforge_dataset/txt/cmu_us_bdl_arctic_arctic_b0356.txt
/mnt/deepspeech2_data/voxforge_dataset/wav/cmu_us_bdl_arctic_arctic_b0207.wav,/mnt/deepspeech2_data/voxforge_dataset/txt/cmu_us_bdl_arctic_arctic_b0207.txt
/mnt/deepspeech2_data/voxforge_dataset/wav/cmu_us_bdl_arctic_arctic_b0037.wav,/mnt/deepspeech2_data/voxforge_dataset/txt/cmu_us_bdl_arctic_arctic_b0037.txt
/mnt/deepspeech2_data/voxforge_dataset/wav/cmu_us_bdl_arctic_arctic_a0414.wav,/mnt/deepspeech2_data/voxforge_dataset/txt/cmu_us_bdl_arctic_arctic_a0414.txt
/mnt/deepspeech2_data/voxforge_dataset/wav/cmu_us_bdl_arctic_arctic_b0381.wav,/mnt/deepspeech2_data/voxforge_dataset/txt/cmu_us_bdl_arctic_arctic_b0381.txt
/mnt/deepspeech2_data/voxforge_dataset/wav/cmu_us_bdl_arctic_arctic_a0586.wav,/mnt/deepspeech2_data/voxforge_dataset/txt/cmu_us_bdl_arctic_arctic_a0586.txt
/mnt/deepspeech2_data/voxforge_dataset/wav/cmu_us_bdl_arctic_arctic_a0390.wav,/mnt/deepspeech2_data/voxforge_dataset/txt/cmu_us_bdl_arctic_arctic_a0390.txt
/mnt/deepspeech2_data/voxforge_dataset/wav/cmu_us_bdl_arctic_arctic_b0285.wav,/mnt/deepspeech2_data/voxforge_dataset/txt/cmu_us_bdl_arctic_arctic_b0285.txt
/mnt/deepspeech2_data/voxforge_dataset/wav/cmu_us_bdl_arctic_arctic_b0230.wav,/mnt/deepspeech2_data/voxforge_dataset/txt/cmu_us_bdl_arctic_arctic_b0230.txt
/mnt/deepspeech2_data/voxforge_dataset/wav/cmu_us_bdl_arctic_arctic_a0037.wav,/mnt/deepspeech2_data/voxforge_dataset/txt/cmu_us_bdl_arctic_arctic_a0037.txt
/mnt/deepspeech2_data/voxforge_dataset/wav/cmu_us_bdl_arctic_arctic_a0486.wav,/mnt/deepspeech2_data/voxforge_dataset/txt/cmu_us_bdl_arctic_arctic_a0486.txt
/mnt/deepspeech2_data/voxforge_dataset/wav/cmu_us_bdl_arctic_arctic_b0121.wav,/mnt/deepspeech2_data/voxforge_dataset/txt/cmu_us_bdl_arctic_arctic_b0121.txt
/mnt/deepspeech2_data/voxforge_dataset/wav/cmu_us_bdl_arctic_arctic_b0047.wav,/mnt/deepspeech2_data/voxforge_dataset/txt/cmu_us_bdl_arctic_arctic_b0047.txt
/mnt/deepspeech2_data/voxforge_dataset/wav/cmu_us_bdl_arctic_arctic_b0510.wav,/mnt/deepspeech2_data/voxforge_dataset/txt/cmu_us_bdl_arctic_arctic_b0510.txt
/mnt/deepspeech2_data/voxforge_dataset/wav/cmu_us_bdl_arctic_arctic_b0108.wav,/mnt/deepspeech2_data/voxforge_dataset/txt/cmu_us_bdl_arctic_arctic_b0108.txt
/mnt/deepspeech2_data/voxforge_dataset/wav/cmu_us_bdl_arctic_arctic_b0363.wav,/mnt/deepspeech2_data/voxforge_dataset/txt/cmu_us_bdl_arctic_arctic_b0363.txt
/mnt/deepspeech2_data/voxforge_dataset/wav/cmu_us_bdl_arctic_arctic_a0247.wav,/mnt/deepspeech2_data/voxforge_dataset/txt/cmu_us_bdl_arctic_arctic_a0247.txt
/mnt/deepspeech2_data/voxforge_dataset/wav/cmu_us_bdl_arctic_arctic_a0489.wav,/mnt/deepspeech2_data/voxforge_dataset/txt/cmu_us_bdl_arctic_arctic_a0489.txt
/mnt/deepspeech2_data/voxforge_dataset/wav/cmu_us_bdl_arctic_arctic_a0400.wav,/mnt/deepspeech2_data/voxforge_dataset/txt/cmu_us_bdl_arctic_arctic_a0400.txt
/mnt/deepspeech2_data/voxforge_dataset/wav/cmu_us_bdl_arctic_arctic_b0463.wav,/mnt/deepspeech2_data/voxforge_dataset/txt/cmu_us_bdl_arctic_arctic_b0463.txt
/mnt/deepspeech2_data/voxforge_dataset/wav/cmu_us_bdl_arctic_arctic_a0259.wav,/mnt/deepspeech2_data/voxforge_dataset/txt/cmu_us_bdl_arctic_arctic_a0259.txt
/mnt/deepspeech2_data/voxforge_dataset/wav/cmu_us_bdl_arctic_arctic_a0222.wav,/mnt/deepspeech2_data/voxforge_dataset/txt/cmu_us_bdl_arctic_arctic_a0222.txt
/mnt/deepspeech2_data/voxforge_dataset/wav/cmu_us_bdl_arctic_arctic_b0024.wav,/mnt/deepspeech2_data/voxforge_dataset/txt/cmu_us_bdl_arctic_arctic_b0024.txt
/mnt/deepspeech2_data/voxforge_dataset/wav/cmu_us_bdl_arctic_arctic_b0101.wav,/mnt/deepspeech2_data/voxforge_dataset/txt/cmu_us_bdl_arctic_arctic_b0101.txt
/mnt/deepspeech2_data/voxforge_dataset/wav/cmu_us_bdl_arctic_arctic_b0116.wav,/mnt/deepspeech2_data/voxforge_dataset/txt/cmu_us_bdl_arctic_arctic_b0116.txt
/mnt/deepspeech2_data/voxforge_dataset/wav/cmu_us_bdl_arctic_arctic_a0457.wav,/mnt/deepspeech2_data/voxforge_dataset/txt/cmu_us_bdl_arctic_arctic_a0457.txt
/mnt/deepspeech2_data/voxforge_dataset/wav/cmu_us_bdl_arctic_arctic_b0144.wav,/mnt/deepspeech2_data/voxforge_dataset/txt/cmu_us_bdl_arctic_arctic_b0144.txt
/mnt/deepspeech2_data/voxforge_dataset/wav/cmu_us_bdl_arctic_arctic_a0067.wav,/mnt/deepspeech2_data/voxforge_dataset/txt/cmu_us_bdl_arctic_arctic_a0067.txt
/mnt/deepspeech2_data/voxforge_dataset/wav/cmu_us_bdl_arctic_arctic_b0085.wav,/mnt/deepspeech2_data/voxforge_dataset/txt/cmu_us_bdl_arctic_arctic_b0085.txt
/mnt/deepspeech2_data/voxforge_dataset/wav/cmu_us_bdl_arctic_arctic_b0187.wav,/mnt/deepspeech2_data/voxforge_dataset/txt/cmu_us_bdl_arctic_arctic_b0187.txt
/mnt/deepspeech2_data/voxforge_dataset/wav/cmu_us_bdl_arctic_arctic_b0509.wav,/mnt/deepspeech2_data/voxforge_dataset/txt/cmu_us_bdl_arctic_arctic_b0509.txt
/mnt/deepspeech2_data/voxforge_dataset/wav/cmu_us_bdl_arctic_arctic_b0115.wav,/mnt/deepspeech2_data/voxforge_dataset/txt/cmu_us_bdl_arctic_arctic_b0115.txt
/mnt/deepspeech2_data/voxforge_dataset/wav/cmu_us_bdl_arctic_arctic_b0359.wav,/mnt/deepspeech2_data/voxforge_dataset/txt/cmu_us_bdl_arctic_arctic_b0359.txt
/mnt/deepspeech2_data/voxforge_dataset/wav/cmu_us_bdl_arctic_arctic_a0131.wav,/mnt/deepspeech2_data/voxforge_dataset/txt/cmu_us_bdl_arctic_arctic_a0131.txt
/mnt/deepspeech2_data/voxforge_dataset/wav/cmu_us_bdl_arctic_arctic_a0530.wav,/mnt/deepspeech2_data/voxforge_dataset/txt/cmu_us_bdl_arctic_arctic_a0530.txt
/mnt/deepspeech2_data/voxforge_dataset/wav/cmu_us_bdl_arctic_arctic_b0241.wav,/mnt/deepspeech2_data/voxforge_dataset/txt/cmu_us_bdl_arctic_arctic_b0241.txt
/mnt/deepspeech2_data/voxforge_dataset/wav/cmu_us_bdl_arctic_arctic_a0334.wav,/mnt/deepspeech2_data/voxforge_dataset/txt/cmu_us_bdl_arctic_arctic_a0334.txt
/mnt/deepspeech2_data/voxforge_dataset/wav/cmu_us_bdl_arctic_arctic_a0469.wav,/mnt/deepspeech2_data/voxforge_dataset/txt/cmu_us_bdl_arctic_arctic_a0469.txt
/mnt/deepspeech2_data/voxforge_dataset/wav/cmu_us_bdl_arctic_arctic_a0545.wav,/mnt/deepspeech2_data/voxforge_dataset/txt/cmu_us_bdl_arctic_arctic_a0545.txt
/mnt/deepspeech2_data/voxforge_dataset/wav/cmu_us_bdl_arctic_arctic_b0131.wav,/mnt/deepspeech2_data/voxforge_dataset/txt/cmu_us_bdl_arctic_arctic_b0131.txt
/mnt/deepspeech2_data/voxforge_dataset/wav/cmu_us_bdl_arctic_arctic_b0027.wav,/mnt/deepspeech2_data/voxforge_dataset/txt/cmu_us_bdl_arctic_arctic_b0027.txt
/mnt/deepspeech2_data/voxforge_dataset/wav/cmu_us_bdl_arctic_arctic_a0231.wav,/mnt/deepspeech2_data/voxforge_dataset/txt/cmu_us_bdl_arctic_arctic_a0231.txt
/mnt/deepspeech2_data/voxforge_dataset/wav/cmu_us_bdl_arctic_arctic_a0137.wav,/mnt/deepspeech2_data/voxforge_dataset/txt/cmu_us_bdl_arctic_arctic_a0137.txt
/mnt/deepspeech2_data/voxforge_dataset/wav/cmu_us_bdl_arctic_arctic_b0404.wav,/mnt/deepspeech2_data/voxforge_dataset/txt/cmu_us_bdl_arctic_arctic_b0404.txt
/mnt/deepspeech2_data/voxforge_dataset/wav/cmu_us_bdl_arctic_arctic_a0179.wav,/mnt/deepspeech2_data/voxforge_dataset/txt/cmu_us_bdl_arctic_arctic_a0179.txt
/mnt/deepspeech2_data/voxforge_dataset/wav/cmu_us_bdl_arctic_arctic_a0275.wav,/mnt/deepspeech2_data/voxforge_dataset/txt/cmu_us_bdl_arctic_arctic_a0275.txt
/mnt/deepspeech2_data/voxforge_dataset/wav/cmu_us_bdl_arctic_arctic_a0180.wav,/mnt/deepspeech2_data/voxforge_dataset/txt/cmu_us_bdl_arctic_arctic_a0180.txt
/mnt/deepspeech2_data/voxforge_dataset/wav/cmu_us_bdl_arctic_arctic_b0490.wav,/mnt/deepspeech2_data/voxforge_dataset/txt/cmu_us_bdl_arctic_arctic_b0490.txt
/mnt/deepspeech2_data/voxforge_dataset/wav/cmu_us_bdl_arctic_arctic_a0251.wav,/mnt/deepspeech2_data/voxforge_dataset/txt/cmu_us_bdl_arctic_arctic_a0251.txt
/mnt/deepspeech2_data/voxforge_dataset/wav/cmu_us_bdl_arctic_arctic_b0006.wav,/mnt/deepspeech2_data/voxforge_dataset/txt/cmu_us_bdl_arctic_arctic_b0006.txt
/mnt/deepspeech2_data/voxforge_dataset/wav/cmu_us_bdl_arctic_arctic_a0393.wav,/mnt/deepspeech2_data/voxforge_dataset/txt/cmu_us_bdl_arctic_arctic_a0393.txt
/mnt/deepspeech2_data/voxforge_dataset/wav/cmu_us_bdl_arctic_arctic_a0344.wav,/mnt/deepspeech2_data/voxforge_dataset/txt/cmu_us_bdl_arctic_arctic_a0344.txt
/mnt/deepspeech2_data/voxforge_dataset/wav/cmu_us_bdl_arctic_arctic_b0316.wav,/mnt/deepspeech2_data/voxforge_dataset/txt/cmu_us_bdl_arctic_arctic_b0316.txt
/mnt/deepspeech2_data/voxforge_dataset/wav/cmu_us_bdl_arctic_arctic_b0378.wav,/mnt/deepspeech2_data/voxforge_dataset/txt/cmu_us_bdl_arctic_arctic_b0378.txt
/mnt/deepspeech2_data/voxforge_dataset/wav/cmu_us_bdl_arctic_arctic_b0269.wav,/mnt/deepspeech2_data/voxforge_dataset/txt/cmu_us_bdl_arctic_arctic_b0269.txt
/mnt/deepspeech2_data/voxforge_dataset/wav/cmu_us_bdl_arctic_arctic_b0103.wav,/mnt/deepspeech2_data/voxforge_dataset/txt/cmu_us_bdl_arctic_arctic_b0103.txt
/mnt/deepspeech2_data/voxforge_dataset/wav/cmu_us_bdl_arctic_arctic_b0188.wav,/mnt/deepspeech2_data/voxforge_dataset/txt/cmu_us_bdl_arctic_arctic_b0188.txt
/mnt/deepspeech2_data/voxforge_dataset/wav/cmu_us_bdl_arctic_arctic_a0012.wav,/mnt/deepspeech2_data/voxforge_dataset/txt/cmu_us_bdl_arctic_arctic_a0012.txt
/mnt/deepspeech2_data/voxforge_dataset/wav/cmu_us_bdl_arctic_arctic_a0563.wav,/mnt/deepspeech2_data/voxforge_dataset/txt/cmu_us_bdl_arctic_arctic_a0563.txt
/mnt/deepspeech2_data/voxforge_dataset/wav/cmu_us_bdl_arctic_arctic_b0141.wav,/mnt/deepspeech2_data/voxforge_dataset/txt/cmu_us_bdl_arctic_arctic_b0141.txt
/mnt/deepspeech2_data/voxforge_dataset/wav/cmu_us_bdl_arctic_arctic_b0069.wav,/mnt/deepspeech2_data/voxforge_dataset/txt/cmu_us_bdl_arctic_arctic_b0069.txt
/mnt/deepspeech2_data/voxforge_dataset/wav/cmu_us_bdl_arctic_arctic_b0386.wav,/mnt/deepspeech2_data/voxforge_dataset/txt/cmu_us_bdl_arctic_arctic_b0386.txt
/mnt/deepspeech2_data/voxforge_dataset/wav/cmu_us_bdl_arctic_arctic_a0227.wav,/mnt/deepspeech2_data/voxforge_dataset/txt/cmu_us_bdl_arctic_arctic_a0227.txt
/mnt/deepspeech2_data/voxforge_dataset/wav/cmu_us_bdl_arctic_arctic_a0316.wav,/mnt/deepspeech2_data/voxforge_dataset/txt/cmu_us_bdl_arctic_arctic_a0316.txt
/mnt/deepspeech2_data/voxforge_dataset/wav/cmu_us_bdl_arctic_arctic_b0184.wav,/mnt/deepspeech2_data/voxforge_dataset/txt/cmu_us_bdl_arctic_arctic_b0184.txt
/mnt/deepspeech2_data/voxforge_dataset/wav/cmu_us_bdl_arctic_arctic_b0371.wav,/mnt/deepspeech2_data/voxforge_dataset/txt/cmu_us_bdl_arctic_arctic_b0371.txt
/mnt/deepspeech2_data/voxforge_dataset/wav/cmu_us_bdl_arctic_arctic_a0025.wav,/mnt/deepspeech2_data/voxforge_dataset/txt/cmu_us_bdl_arctic_arctic_a0025.txt
/mnt/deepspeech2_data/voxforge_dataset/wav/cmu_us_bdl_arctic_arctic_a0394.wav,/mnt/deepspeech2_data/voxforge_dataset/txt/cmu_us_bdl_arctic_arctic_a0394.txt
/mnt/deepspeech2_data/voxforge_dataset/wav/cmu_us_bdl_arctic_arctic_b0385.wav,/mnt/deepspeech2_data/voxforge_dataset/txt/cmu_us_bdl_arctic_arctic_b0385.txt
/mnt/deepspeech2_data/voxforge_dataset/wav/cmu_us_bdl_arctic_arctic_b0039.wav,/mnt/deepspeech2_data/voxforge_dataset/txt/cmu_us_bdl_arctic_arctic_b0039.txt
/mnt/deepspeech2_data/voxforge_dataset/wav/cmu_us_bdl_arctic_arctic_b0432.wav,/mnt/deepspeech2_data/voxforge_dataset/txt/cmu_us_bdl_arctic_arctic_b0432.txt
/mnt/deepspeech2_data/voxforge_dataset/wav/cmu_us_bdl_arctic_arctic_a0303.wav,/mnt/deepspeech2_data/voxforge_dataset/txt/cmu_us_bdl_arctic_arctic_a0303.txt
/mnt/deepspeech2_data/voxforge_dataset/wav/cmu_us_bdl_arctic_arctic_b0492.wav,/mnt/deepspeech2_data/voxforge_dataset/txt/cmu_us_bdl_arctic_arctic_b0492.txt
/mnt/deepspeech2_data/voxforge_dataset/wav/cmu_us_bdl_arctic_arctic_a0166.wav,/mnt/deepspeech2_data/voxforge_dataset/txt/cmu_us_bdl_arctic_arctic_a0166.txt
/mnt/deepspeech2_data/voxforge_dataset/wav/cmu_us_bdl_arctic_arctic_a0010.wav,/mnt/deepspeech2_data/voxforge_dataset/txt/cmu_us_bdl_arctic_arctic_a0010.txt
/mnt/deepspeech2_data/voxforge_dataset/wav/cmu_us_bdl_arctic_arctic_a0164.wav,/mnt/deepspeech2_data/voxforge_dataset/txt/cmu_us_bdl_arctic_arctic_a0164.txt
/mnt/deepspeech2_data/voxforge_dataset/wav/cmu_us_bdl_arctic_arctic_a0357.wav,/mnt/deepspeech2_data/voxforge_dataset/txt/cmu_us_bdl_arctic_arctic_a0357.txt
/mnt/deepspeech2_data/voxforge_dataset/wav/cmu_us_bdl_arctic_arctic_a0285.wav,/mnt/deepspeech2_data/voxforge_dataset/txt/cmu_us_bdl_arctic_arctic_a0285.txt
/mnt/deepspeech2_data/voxforge_dataset/wav/cmu_us_bdl_arctic_arctic_a0191.wav,/mnt/deepspeech2_data/voxforge_dataset/txt/cmu_us_bdl_arctic_arctic_a0191.txt
/mnt/deepspeech2_data/voxforge_dataset/wav/cmu_us_bdl_arctic_arctic_a0554.wav,/mnt/deepspeech2_data/voxforge_dataset/txt/cmu_us_bdl_arctic_arctic_a0554.txt
/mnt/deepspeech2_data/voxforge_dataset/wav/cmu_us_bdl_arctic_arctic_a0576.wav,/mnt/deepspeech2_data/voxforge_dataset/txt/cmu_us_bdl_arctic_arctic_a0576.txt
/mnt/deepspeech2_data/voxforge_dataset/wav/cmu_us_bdl_arctic_arctic_b0450.wav,/mnt/deepspeech2_data/voxforge_dataset/txt/cmu_us_bdl_arctic_arctic_b0450.txt
/mnt/deepspeech2_data/voxforge_dataset/wav/cmu_us_bdl_arctic_arctic_a0157.wav,/mnt/deepspeech2_data/voxforge_dataset/txt/cmu_us_bdl_arctic_arctic_a0157.txt
/mnt/deepspeech2_data/voxforge_dataset/wav/cmu_us_bdl_arctic_arctic_b0382.wav,/mnt/deepspeech2_data/voxforge_dataset/txt/cmu_us_bdl_arctic_arctic_b0382.txt
/mnt/deepspeech2_data/voxforge_dataset/wav/cmu_us_bdl_arctic_arctic_a0254.wav,/mnt/deepspeech2_data/voxforge_dataset/txt/cmu_us_bdl_arctic_arctic_a0254.txt
/mnt/deepspeech2_data/voxforge_dataset/wav/cmu_us_bdl_arctic_arctic_a0269.wav,/mnt/deepspeech2_data/voxforge_dataset/txt/cmu_us_bdl_arctic_arctic_a0269.txt
/mnt/deepspeech2_data/voxforge_dataset/wav/cmu_us_bdl_arctic_arctic_a0178.wav,/mnt/deepspeech2_data/voxforge_dataset/txt/cmu_us_bdl_arctic_arctic_a0178.txt
/mnt/deepspeech2_data/voxforge_dataset/wav/cmu_us_bdl_arctic_arctic_a0219.wav,/mnt/deepspeech2_data/voxforge_dataset/txt/cmu_us_bdl_arctic_arctic_a0219.txt
/mnt/deepspeech2_data/voxforge_dataset/wav/cmu_us_bdl_arctic_arctic_b0501.wav,/mnt/deepspeech2_data/voxforge_dataset/txt/cmu_us_bdl_arctic_arctic_b0501.txt
/mnt/deepspeech2_data/voxforge_dataset/wav/cmu_us_bdl_arctic_arctic_a0503.wav,/mnt/deepspeech2_data/voxforge_dataset/txt/cmu_us_bdl_arctic_arctic_a0503.txt
/mnt/deepspeech2_data/voxforge_dataset/wav/cmu_us_bdl_arctic_arctic_b0364.wav,/mnt/deepspeech2_data/voxforge_dataset/txt/cmu_us_bdl_arctic_arctic_b0364.txt
/mnt/deepspeech2_data/voxforge_dataset/wav/cmu_us_bdl_arctic_arctic_a0212.wav,/mnt/deepspeech2_data/voxforge_dataset/txt/cmu_us_bdl_arctic_arctic_a0212.txt
/mnt/deepspeech2_data/voxforge_dataset/wav/cmu_us_bdl_arctic_arctic_a0239.wav,/mnt/deepspeech2_data/voxforge_dataset/txt/cmu_us_bdl_arctic_arctic_a0239.txt
/mnt/deepspeech2_data/voxforge_dataset/wav/cmu_us_bdl_arctic_arctic_a0105.wav,/mnt/deepspeech2_data/voxforge_dataset/txt/cmu_us_bdl_arctic_arctic_a0105.txt
/mnt/deepspeech2_data/voxforge_dataset/wav/cmu_us_bdl_arctic_arctic_b0421.wav,/mnt/deepspeech2_data/voxforge_dataset/txt/cmu_us_bdl_arctic_arctic_b0421.txt
/mnt/deepspeech2_data/voxforge_dataset/wav/cmu_us_bdl_arctic_arctic_a0368.wav,/mnt/deepspeech2_data/voxforge_dataset/txt/cmu_us_bdl_arctic_arctic_a0368.txt
/mnt/deepspeech2_data/voxforge_dataset/wav/cmu_us_bdl_arctic_arctic_b0384.wav,/mnt/deepspeech2_data/voxforge_dataset/txt/cmu_us_bdl_arctic_arctic_b0384.txt
/mnt/deepspeech2_data/voxforge_dataset/wav/cmu_us_bdl_arctic_arctic_b0427.wav,/mnt/deepspeech2_data/voxforge_dataset/txt/cmu_us_bdl_arctic_arctic_b0427.txt
/mnt/deepspeech2_data/voxforge_dataset/wav/cmu_us_bdl_arctic_arctic_a0366.wav,/mnt/deepspeech2_data/voxforge_dataset/txt/cmu_us_bdl_arctic_arctic_a0366.txt
/mnt/deepspeech2_data/voxforge_dataset/wav/cmu_us_slt_arctic_arctic_b0454.wav,/mnt/deepspeech2_data/voxforge_dataset/txt/cmu_us_slt_arctic_arctic_b0454.txt
/mnt/deepspeech2_data/voxforge_dataset/wav/cmu_us_slt_arctic_arctic_b0435.wav,/mnt/deepspeech2_data/voxforge_dataset/txt/cmu_us_slt_arctic_arctic_b0435.txt
/mnt/deepspeech2_data/voxforge_dataset/wav/cmu_us_slt_arctic_arctic_b0001.wav,/mnt/deepspeech2_data/voxforge_dataset/txt/cmu_us_slt_arctic_arctic_b0001.txt
/mnt/deepspeech2_data/voxforge_dataset/wav/cmu_us_slt_arctic_arctic_b0473.wav,/mnt/deepspeech2_data/voxforge_dataset/txt/cmu_us_slt_arctic_arctic_b0473.txt
/mnt/deepspeech2_data/voxforge_dataset/wav/cmu_us_slt_arctic_arctic_b0086.wav,/mnt/deepspeech2_data/voxforge_dataset/txt/cmu_us_slt_arctic_arctic_b0086.txt
/mnt/deepspeech2_data/voxforge_dataset/wav/cmu_us_slt_arctic_arctic_a0205.wav,/mnt/deepspeech2_data/voxforge_dataset/txt/cmu_us_slt_arctic_arctic_a0205.txt
/mnt/deepspeech2_data/voxforge_dataset/wav/cmu_us_slt_arctic_arctic_a0080.wav,/mnt/deepspeech2_data/voxforge_dataset/txt/cmu_us_slt_arctic_arctic_a0080.txt
/mnt/deepspeech2_data/voxforge_dataset/wav/cmu_us_slt_arctic_arctic_a0261.wav,/mnt/deepspeech2_data/voxforge_dataset/txt/cmu_us_slt_arctic_arctic_a0261.txt
/mnt/deepspeech2_data/voxforge_dataset/wav/cmu_us_slt_arctic_arctic_a0473.wav,/mnt/deepspeech2_data/voxforge_dataset/txt/cmu_us_slt_arctic_arctic_a0473.txt
/mnt/deepspeech2_data/voxforge_dataset/wav/cmu_us_slt_arctic_arctic_a0279.wav,/mnt/deepspeech2_data/voxforge_dataset/txt/cmu_us_slt_arctic_arctic_a0279.txt
/mnt/deepspeech2_data/voxforge_dataset/wav/cmu_us_slt_arctic_arctic_a0232.wav,/mnt/deepspeech2_data/voxforge_dataset/txt/cmu_us_slt_arctic_arctic_a0232.txt
/mnt/deepspeech2_data/voxforge_dataset/wav/cmu_us_slt_arctic_arctic_b0052.wav,/mnt/deepspeech2_data/voxforge_dataset/txt/cmu_us_slt_arctic_arctic_b0052.txt
/mnt/deepspeech2_data/voxforge_dataset/wav/cmu_us_slt_arctic_arctic_a0414.wav,/mnt/deepspeech2_data/voxforge_dataset/txt/cmu_us_slt_arctic_arctic_a0414.txt
/mnt/deepspeech2_data/voxforge_dataset/wav/cmu_us_slt_arctic_arctic_b0284.wav,/mnt/deepspeech2_data/voxforge_dataset/txt/cmu_us_slt_arctic_arctic_b0284.txt
/mnt/deepspeech2_data/voxforge_dataset/wav/cmu_us_slt_arctic_arctic_b0318.wav,/mnt/deepspeech2_data/voxforge_dataset/txt/cmu_us_slt_arctic_arctic_b0318.txt
/mnt/deepspeech2_data/voxforge_dataset/wav/cmu_us_slt_arctic_arctic_b0015.wav,/mnt/deepspeech2_data/voxforge_dataset/txt/cmu_us_slt_arctic_arctic_b0015.txt
/mnt/deepspeech2_data/voxforge_dataset/wav/cmu_us_slt_arctic_arctic_a0272.wav,/mnt/deepspeech2_data/voxforge_dataset/txt/cmu_us_slt_arctic_arctic_a0272.txt
/mnt/deepspeech2_data/voxforge_dataset/wav/cmu_us_slt_arctic_arctic_a0228.wav,/mnt/deepspeech2_data/voxforge_dataset/txt/cmu_us_slt_arctic_arctic_a0228.txt
/mnt/deepspeech2_data/voxforge_dataset/wav/cmu_us_slt_arctic_arctic_b0178.wav,/mnt/deepspeech2_data/voxforge_dataset/txt/cmu_us_slt_arctic_arctic_b0178.txt
/mnt/deepspeech2_data/voxforge_dataset/wav/cmu_us_slt_arctic_arctic_a0278.wav,/mnt/deepspeech2_data/voxforge_dataset/txt/cmu_us_slt_arctic_arctic_a0278.txt
/mnt/deepspeech2_data/voxforge_dataset/wav/cmu_us_slt_arctic_arctic_a0432.wav,/mnt/deepspeech2_data/voxforge_dataset/txt/cmu_us_slt_arctic_arctic_a0432.txt
/mnt/deepspeech2_data/voxforge_dataset/wav/cmu_us_slt_arctic_arctic_b0175.wav,/mnt/deepspeech2_data/voxforge_dataset/txt/cmu_us_slt_arctic_arctic_b0175.txt
/mnt/deepspeech2_data/voxforge_dataset/wav/cmu_us_slt_arctic_arctic_b0213.wav,/mnt/deepspeech2_data/voxforge_dataset/txt/cmu_us_slt_arctic_arctic_b0213.txt
/mnt/deepspeech2_data/voxforge_dataset/wav/cmu_us_slt_arctic_arctic_a0470.wav,/mnt/deepspeech2_data/voxforge_dataset/txt/cmu_us_slt_arctic_arctic_a0470.txt
/mnt/deepspeech2_data/voxforge_dataset/wav/cmu_us_slt_arctic_arctic_a0544.wav,/mnt/deepspeech2_data/voxforge_dataset/txt/cmu_us_slt_arctic_arctic_a0544.txt
/mnt/deepspeech2_data/voxforge_dataset/wav/cmu_us_slt_arctic_arctic_a0447.wav,/mnt/deepspeech2_data/voxforge_dataset/txt/cmu_us_slt_arctic_arctic_a0447.txt
/mnt/deepspeech2_data/voxforge_dataset/wav/cmu_us_slt_arctic_arctic_a0521.wav,/mnt/deepspeech2_data/voxforge_dataset/txt/cmu_us_slt_arctic_arctic_a0521.txt
/mnt/deepspeech2_data/voxforge_dataset/wav/cmu_us_slt_arctic_arctic_a0086.wav,/mnt/deepspeech2_data/voxforge_dataset/txt/cmu_us_slt_arctic_arctic_a0086.txt
/mnt/deepspeech2_data/voxforge_dataset/wav/cmu_us_slt_arctic_arctic_b0363.wav,/mnt/deepspeech2_data/voxforge_dataset/txt/cmu_us_slt_arctic_arctic_b0363.txt
/mnt/deepspeech2_data/voxforge_dataset/wav/cmu_us_slt_arctic_arctic_a0363.wav,/mnt/deepspeech2_data/voxforge_dataset/txt/cmu_us_slt_arctic_arctic_a0363.txt
/mnt/deepspeech2_data/voxforge_dataset/wav/cmu_us_slt_arctic_arctic_b0309.wav,/mnt/deepspeech2_data/voxforge_dataset/txt/cmu_us_slt_arctic_arctic_b0309.txt
/mnt/deepspeech2_data/voxforge_dataset/wav/cmu_us_slt_arctic_arctic_b0527.wav,/mnt/deepspeech2_data/voxforge_dataset/txt/cmu_us_slt_arctic_arctic_b0527.txt
/mnt/deepspeech2_data/voxforge_dataset/wav/cmu_us_slt_arctic_arctic_a0162.wav,/mnt/deepspeech2_data/voxforge_dataset/txt/cmu_us_slt_arctic_arctic_a0162.txt
/mnt/deepspeech2_data/voxforge_dataset/wav/cmu_us_slt_arctic_arctic_a0406.wav,/mnt/deepspeech2_data/voxforge_dataset/txt/cmu_us_slt_arctic_arctic_a0406.txt
/mnt/deepspeech2_data/voxforge_dataset/wav/cmu_us_slt_arctic_arctic_a0428.wav,/mnt/deepspeech2_data/voxforge_dataset/txt/cmu_us_slt_arctic_arctic_a0428.txt
/mnt/deepspeech2_data/voxforge_dataset/wav/cmu_us_slt_arctic_arctic_a0040.wav,/mnt/deepspeech2_data/voxforge_dataset/txt/cmu_us_slt_arctic_arctic_a0040.txt
/mnt/deepspeech2_data/voxforge_dataset/wav/cmu_us_slt_arctic_arctic_b0344.wav,/mnt/deepspeech2_data/voxforge_dataset/txt/cmu_us_slt_arctic_arctic_b0344.txt
/mnt/deepspeech2_data/voxforge_dataset/wav/cmu_us_slt_arctic_arctic_b0208.wav,/mnt/deepspeech2_data/voxforge_dataset/txt/cmu_us_slt_arctic_arctic_b0208.txt
/mnt/deepspeech2_data/voxforge_dataset/wav/cmu_us_slt_arctic_arctic_b0023.wav,/mnt/deepspeech2_data/voxforge_dataset/txt/cmu_us_slt_arctic_arctic_b0023.txt
/mnt/deepspeech2_data/voxforge_dataset/wav/cmu_us_slt_arctic_arctic_a0436.wav,/mnt/deepspeech2_data/voxforge_dataset/txt/cmu_us_slt_arctic_arctic_a0436.txt
/mnt/deepspeech2_data/voxforge_dataset/wav/cmu_us_slt_arctic_arctic_a0244.wav,/mnt/deepspeech2_data/voxforge_dataset/txt/cmu_us_slt_arctic_arctic_a0244.txt
/mnt/deepspeech2_data/voxforge_dataset/wav/cmu_us_slt_arctic_arctic_b0143.wav,/mnt/deepspeech2_data/voxforge_dataset/txt/cmu_us_slt_arctic_arctic_b0143.txt
/mnt/deepspeech2_data/voxforge_dataset/wav/cmu_us_slt_arctic_arctic_b0531.wav,/mnt/deepspeech2_data/voxforge_dataset/txt/cmu_us_slt_arctic_arctic_b0531.txt
/mnt/deepspeech2_data/voxforge_dataset/wav/cmu_us_slt_arctic_arctic_a0076.wav,/mnt/deepspeech2_data/voxforge_dataset/txt/cmu_us_slt_arctic_arctic_a0076.txt
/mnt/deepspeech2_data/voxforge_dataset/wav/cmu_us_slt_arctic_arctic_a0431.wav,/mnt/deepspeech2_data/voxforge_dataset/txt/cmu_us_slt_arctic_arctic_a0431.txt
/mnt/deepspeech2_data/voxforge_dataset/wav/cmu_us_slt_arctic_arctic_b0007.wav,/mnt/deepspeech2_data/voxforge_dataset/txt/cmu_us_slt_arctic_arctic_b0007.txt
/mnt/deepspeech2_data/voxforge_dataset/wav/cmu_us_slt_arctic_arctic_b0417.wav,/mnt/deepspeech2_data/voxforge_dataset/txt/cmu_us_slt_arctic_arctic_b0417.txt
/mnt/deepspeech2_data/voxforge_dataset/wav/cmu_us_slt_arctic_arctic_a0262.wav,/mnt/deepspeech2_data/voxforge_dataset/txt/cmu_us_slt_arctic_arctic_a0262.txt
/mnt/deepspeech2_data/voxforge_dataset/wav/cmu_us_slt_arctic_arctic_a0506.wav,/mnt/deepspeech2_data/voxforge_dataset/txt/cmu_us_slt_arctic_arctic_a0506.txt
/mnt/deepspeech2_data/voxforge_dataset/wav/cmu_us_slt_arctic_arctic_a0552.wav,/mnt/deepspeech2_data/voxforge_dataset/txt/cmu_us_slt_arctic_arctic_a0552.txt
/mnt/deepspeech2_data/voxforge_dataset/wav/cmu_us_slt_arctic_arctic_a0587.wav,/mnt/deepspeech2_data/voxforge_dataset/txt/cmu_us_slt_arctic_arctic_a0587.txt
/mnt/deepspeech2_data/voxforge_dataset/wav/cmu_us_slt_arctic_arctic_b0219.wav,/mnt/deepspeech2_data/voxforge_dataset/txt/cmu_us_slt_arctic_arctic_b0219.txt
/mnt/deepspeech2_data/voxforge_dataset/wav/cmu_us_slt_arctic_arctic_b0481.wav,/mnt/deepspeech2_data/voxforge_dataset/txt/cmu_us_slt_arctic_arctic_b0481.txt
/mnt/deepspeech2_data/voxforge_dataset/wav/cmu_us_slt_arctic_arctic_b0410.wav,/mnt/deepspeech2_data/voxforge_dataset/txt/cmu_us_slt_arctic_arctic_b0410.txt
/mnt/deepspeech2_data/voxforge_dataset/wav/cmu_us_slt_arctic_arctic_a0103.wav,/mnt/deepspeech2_data/voxforge_dataset/txt/cmu_us_slt_arctic_arctic_a0103.txt
/mnt/deepspeech2_data/voxforge_dataset/wav/cmu_us_slt_arctic_arctic_a0227.wav,/mnt/deepspeech2_data/voxforge_dataset/txt/cmu_us_slt_arctic_arctic_a0227.txt
/mnt/deepspeech2_data/voxforge_dataset/wav/cmu_us_slt_arctic_arctic_a0258.wav,/mnt/deepspeech2_data/voxforge_dataset/txt/cmu_us_slt_arctic_arctic_a0258.txt
/mnt/deepspeech2_data/voxforge_dataset/wav/cmu_us_slt_arctic_arctic_b0223.wav,/mnt/deepspeech2_data/voxforge_dataset/txt/cmu_us_slt_arctic_arctic_b0223.txt
/mnt/deepspeech2_data/voxforge_dataset/wav/cmu_us_slt_arctic_arctic_a0559.wav,/mnt/deepspeech2_data/voxforge_dataset/txt/cmu_us_slt_arctic_arctic_a0559.txt
/mnt/deepspeech2_data/voxforge_dataset/wav/cmu_us_slt_arctic_arctic_b0004.wav,/mnt/deepspeech2_data/voxforge_dataset/txt/cmu_us_slt_arctic_arctic_b0004.txt
/mnt/deepspeech2_data/voxforge_dataset/wav/cmu_us_slt_arctic_arctic_b0251.wav,/mnt/deepspeech2_data/voxforge_dataset/txt/cmu_us_slt_arctic_arctic_b0251.txt
/mnt/deepspeech2_data/voxforge_dataset/wav/cmu_us_slt_arctic_arctic_a0318.wav,/mnt/deepspeech2_data/voxforge_dataset/txt/cmu_us_slt_arctic_arctic_a0318.txt
/mnt/deepspeech2_data/voxforge_dataset/wav/cmu_us_slt_arctic_arctic_a0417.wav,/mnt/deepspeech2_data/voxforge_dataset/txt/cmu_us_slt_arctic_arctic_a0417.txt
/mnt/deepspeech2_data/voxforge_dataset/wav/cmu_us_slt_arctic_arctic_b0377.wav,/mnt/deepspeech2_data/voxforge_dataset/txt/cmu_us_slt_arctic_arctic_b0377.txt
/mnt/deepspeech2_data/voxforge_dataset/wav/cmu_us_slt_arctic_arctic_b0010.wav,/mnt/deepspeech2_data/voxforge_dataset/txt/cmu_us_slt_arctic_arctic_b0010.txt
/mnt/deepspeech2_data/voxforge_dataset/wav/cmu_us_slt_arctic_arctic_a0456.wav,/mnt/deepspeech2_data/voxforge_dataset/txt/cmu_us_slt_arctic_arctic_a0456.txt
/mnt/deepspeech2_data/voxforge_dataset/wav/cmu_us_slt_arctic_arctic_b0112.wav,/mnt/deepspeech2_data/voxforge_dataset/txt/cmu_us_slt_arctic_arctic_b0112.txt
/mnt/deepspeech2_data/voxforge_dataset/wav/cmu_us_slt_arctic_arctic_b0437.wav,/mnt/deepspeech2_data/voxforge_dataset/txt/cmu_us_slt_arctic_arctic_b0437.txt
/mnt/deepspeech2_data/voxforge_dataset/wav/cmu_us_slt_arctic_arctic_a0423.wav,/mnt/deepspeech2_data/voxforge_dataset/txt/cmu_us_slt_arctic_arctic_a0423.txt
/mnt/deepspeech2_data/voxforge_dataset/wav/cmu_us_slt_arctic_arctic_a0197.wav,/mnt/deepspeech2_data/voxforge_dataset/txt/cmu_us_slt_arctic_arctic_a0197.txt
/mnt/deepspeech2_data/voxforge_dataset/wav/cmu_us_slt_arctic_arctic_a0003.wav,/mnt/deepspeech2_data/voxforge_dataset/txt/cmu_us_slt_arctic_arctic_a0003.txt
/mnt/deepspeech2_data/voxforge_dataset/wav/cmu_us_slt_arctic_arctic_a0391.wav,/mnt/deepspeech2_data/voxforge_dataset/txt/cmu_us_slt_arctic_arctic_a0391.txt
/mnt/deepspeech2_data/voxforge_dataset/wav/cmu_us_slt_arctic_arctic_b0367.wav,/mnt/deepspeech2_data/voxforge_dataset/txt/cmu_us_slt_arctic_arctic_b0367.txt
/mnt/deepspeech2_data/voxforge_dataset/wav/cmu_us_slt_arctic_arctic_b0269.wav,/mnt/deepspeech2_data/voxforge_dataset/txt/cmu_us_slt_arctic_arctic_b0269.txt
/mnt/deepspeech2_data/voxforge_dataset/wav/cmu_us_slt_arctic_arctic_b0087.wav,/mnt/deepspeech2_data/voxforge_dataset/txt/cmu_us_slt_arctic_arctic_b0087.txt
/mnt/deepspeech2_data/voxforge_dataset/wav/cmu_us_slt_arctic_arctic_a0292.wav,/mnt/deepspeech2_data/voxforge_dataset/txt/cmu_us_slt_arctic_arctic_a0292.txt
/mnt/deepspeech2_data/voxforge_dataset/wav/cmu_us_slt_arctic_arctic_a0583.wav,/mnt/deepspeech2_data/voxforge_dataset/txt/cmu_us_slt_arctic_arctic_a0583.txt
/mnt/deepspeech2_data/voxforge_dataset/wav/cmu_us_slt_arctic_arctic_a0535.wav,/mnt/deepspeech2_data/voxforge_dataset/txt/cmu_us_slt_arctic_arctic_a0535.txt
/mnt/deepspeech2_data/voxforge_dataset/wav/cmu_us_slt_arctic_arctic_b0131.wav,/mnt/deepspeech2_data/voxforge_dataset/txt/cmu_us_slt_arctic_arctic_b0131.txt
/mnt/deepspeech2_data/voxforge_dataset/wav/cmu_us_slt_arctic_arctic_b0490.wav,/mnt/deepspeech2_data/voxforge_dataset/txt/cmu_us_slt_arctic_arctic_b0490.txt
/mnt/deepspeech2_data/voxforge_dataset/wav/cmu_us_slt_arctic_arctic_a0512.wav,/mnt/deepspeech2_data/voxforge_dataset/txt/cmu_us_slt_arctic_arctic_a0512.txt
/mnt/deepspeech2_data/voxforge_dataset/wav/cmu_us_slt_arctic_arctic_b0184.wav,/mnt/deepspeech2_data/voxforge_dataset/txt/cmu_us_slt_arctic_arctic_b0184.txt
/mnt/deepspeech2_data/voxforge_dataset/wav/cmu_us_slt_arctic_arctic_a0327.wav,/mnt/deepspeech2_data/voxforge_dataset/txt/cmu_us_slt_arctic_arctic_a0327.txt
/mnt/deepspeech2_data/voxforge_dataset/wav/cmu_us_slt_arctic_arctic_b0296.wav,/mnt/deepspeech2_data/voxforge_dataset/txt/cmu_us_slt_arctic_arctic_b0296.txt
/mnt/deepspeech2_data/voxforge_dataset/wav/cmu_us_slt_arctic_arctic_a0269.wav,/mnt/deepspeech2_data/voxforge_dataset/txt/cmu_us_slt_arctic_arctic_a0269.txt
/mnt/deepspeech2_data/voxforge_dataset/wav/cmu_us_slt_arctic_arctic_b0212.wav,/mnt/deepspeech2_data/voxforge_dataset/txt/cmu_us_slt_arctic_arctic_b0212.txt
/mnt/deepspeech2_data/voxforge_dataset/wav/cmu_us_slt_arctic_arctic_a0217.wav,/mnt/deepspeech2_data/voxforge_dataset/txt/cmu_us_slt_arctic_arctic_a0217.txt
/mnt/deepspeech2_data/voxforge_dataset/wav/cmu_us_slt_arctic_arctic_a0260.wav,/mnt/deepspeech2_data/voxforge_dataset/txt/cmu_us_slt_arctic_arctic_a0260.txt
/mnt/deepspeech2_data/voxforge_dataset/wav/cmu_us_slt_arctic_arctic_a0095.wav,/mnt/deepspeech2_data/voxforge_dataset/txt/cmu_us_slt_arctic_arctic_a0095.txt
/mnt/deepspeech2_data/voxforge_dataset/wav/cmu_us_slt_arctic_arctic_a0178.wav,/mnt/deepspeech2_data/voxforge_dataset/txt/cmu_us_slt_arctic_arctic_a0178.txt
/mnt/deepspeech2_data/voxforge_dataset/wav/cmu_us_slt_arctic_arctic_a0509.wav,/mnt/deepspeech2_data/voxforge_dataset/txt/cmu_us_slt_arctic_arctic_a0509.txt
/mnt/deepspeech2_data/voxforge_dataset/wav/cmu_us_slt_arctic_arctic_b0373.wav,/mnt/deepspeech2_data/voxforge_dataset/txt/cmu_us_slt_arctic_arctic_b0373.txt
/mnt/deepspeech2_data/voxforge_dataset/wav/cmu_us_slt_arctic_arctic_b0048.wav,/mnt/deepspeech2_data/voxforge_dataset/txt/cmu_us_slt_arctic_arctic_b0048.txt
/mnt/deepspeech2_data/voxforge_dataset/wav/cmu_us_slt_arctic_arctic_a0481.wav,/mnt/deepspeech2_data/voxforge_dataset/txt/cmu_us_slt_arctic_arctic_a0481.txt
/mnt/deepspeech2_data/voxforge_dataset/wav/cmu_us_slt_arctic_arctic_a0524.wav,/mnt/deepspeech2_data/voxforge_dataset/txt/cmu_us_slt_arctic_arctic_a0524.txt
/mnt/deepspeech2_data/voxforge_dataset/wav/cmu_us_slt_arctic_arctic_b0153.wav,/mnt/deepspeech2_data/voxforge_dataset/txt/cmu_us_slt_arctic_arctic_b0153.txt
/mnt/deepspeech2_data/voxforge_dataset/wav/cmu_us_slt_arctic_arctic_b0424.wav,/mnt/deepspeech2_data/voxforge_dataset/txt/cmu_us_slt_arctic_arctic_b0424.txt
/mnt/deepspeech2_data/voxforge_dataset/wav/cmu_us_slt_arctic_arctic_a0305.wav,/mnt/deepspeech2_data/voxforge_dataset/txt/cmu_us_slt_arctic_arctic_a0305.txt
/mnt/deepspeech2_data/voxforge_dataset/wav/cmu_us_slt_arctic_arctic_b0259.wav,/mnt/deepspeech2_data/voxforge_dataset/txt/cmu_us_slt_arctic_arctic_b0259.txt
/mnt/deepspeech2_data/voxforge_dataset/wav/cmu_us_slt_arctic_arctic_a0299.wav,/mnt/deepspeech2_data/voxforge_dataset/txt/cmu_us_slt_arctic_arctic_a0299.txt
/mnt/deepspeech2_data/voxforge_dataset/wav/cmu_us_slt_arctic_arctic_a0531.wav,/mnt/deepspeech2_data/voxforge_dataset/txt/cmu_us_slt_arctic_arctic_a0531.txt
/mnt/deepspeech2_data/voxforge_dataset/wav/cmu_us_slt_arctic_arctic_a0084.wav,/mnt/deepspeech2_data/voxforge_dataset/txt/cmu_us_slt_arctic_arctic_a0084.txt
/mnt/deepspeech2_data/voxforge_dataset/wav/cmu_us_slt_arctic_arctic_a0239.wav,/mnt/deepspeech2_data/voxforge_dataset/txt/cmu_us_slt_arctic_arctic_a0239.txt
/mnt/deepspeech2_data/voxforge_dataset/wav/cmu_us_slt_arctic_arctic_a0125.wav,/mnt/deepspeech2_data/voxforge_dataset/txt/cmu_us_slt_arctic_arctic_a0125.txt
/mnt/deepspeech2_data/voxforge_dataset/wav/cmu_us_slt_arctic_arctic_a0245.wav,/mnt/deepspeech2_data/voxforge_dataset/txt/cmu_us_slt_arctic_arctic_a0245.txt
/mnt/deepspeech2_data/voxforge_dataset/wav/cmu_us_slt_arctic_arctic_a0420.wav,/mnt/deepspeech2_data/voxforge_dataset/txt/cmu_us_slt_arctic_arctic_a0420.txt
/mnt/deepspeech2_data/voxforge_dataset/wav/cmu_us_slt_arctic_arctic_a0487.wav,/mnt/deepspeech2_data/voxforge_dataset/txt/cmu_us_slt_arctic_arctic_a0487.txt
/mnt/deepspeech2_data/voxforge_dataset/wav/cmu_us_slt_arctic_arctic_a0429.wav,/mnt/deepspeech2_data/voxforge_dataset/txt/cmu_us_slt_arctic_arctic_a0429.txt
/mnt/deepspeech2_data/voxforge_dataset/wav/cmu_us_slt_arctic_arctic_b0478.wav,/mnt/deepspeech2_data/voxforge_dataset/txt/cmu_us_slt_arctic_arctic_b0478.txt
/mnt/deepspeech2_data/voxforge_dataset/wav/cmu_us_slt_arctic_arctic_b0533.wav,/mnt/deepspeech2_data/voxforge_dataset/txt/cmu_us_slt_arctic_arctic_b0533.txt
/mnt/deepspeech2_data/voxforge_dataset/wav/cmu_us_slt_arctic_arctic_a0366.wav,/mnt/deepspeech2_data/voxforge_dataset/txt/cmu_us_slt_arctic_arctic_a0366.txt
/mnt/deepspeech2_data/voxforge_dataset/wav/cmu_us_slt_arctic_arctic_a0387.wav,/mnt/deepspeech2_data/voxforge_dataset/txt/cmu_us_slt_arctic_arctic_a0387.txt
/mnt/deepspeech2_data/voxforge_dataset/wav/cmu_us_slt_arctic_arctic_b0403.wav,/mnt/deepspeech2_data/voxforge_dataset/txt/cmu_us_slt_arctic_arctic_b0403.txt
/mnt/deepspeech2_data/voxforge_dataset/wav/cmu_us_clb_arctic_arctic_a0329.wav,/mnt/deepspeech2_data/voxforge_dataset/txt/cmu_us_clb_arctic_arctic_a0329.txt
/mnt/deepspeech2_data/voxforge_dataset/wav/cmu_us_clb_arctic_arctic_b0092.wav,/mnt/deepspeech2_data/voxforge_dataset/txt/cmu_us_clb_arctic_arctic_b0092.txt
/mnt/deepspeech2_data/voxforge_dataset/wav/cmu_us_clb_arctic_arctic_a0100.wav,/mnt/deepspeech2_data/voxforge_dataset/txt/cmu_us_clb_arctic_arctic_a0100.txt
/mnt/deepspeech2_data/voxforge_dataset/wav/cmu_us_clb_arctic_arctic_b0077.wav,/mnt/deepspeech2_data/voxforge_dataset/txt/cmu_us_clb_arctic_arctic_b0077.txt
/mnt/deepspeech2_data/voxforge_dataset/wav/cmu_us_clb_arctic_arctic_b0276.wav,/mnt/deepspeech2_data/voxforge_dataset/txt/cmu_us_clb_arctic_arctic_b0276.txt
/mnt/deepspeech2_data/voxforge_dataset/wav/cmu_us_clb_arctic_arctic_b0408.wav,/mnt/deepspeech2_data/voxforge_dataset/txt/cmu_us_clb_arctic_arctic_b0408.txt
/mnt/deepspeech2_data/voxforge_dataset/wav/cmu_us_clb_arctic_arctic_b0536.wav,/mnt/deepspeech2_data/voxforge_dataset/txt/cmu_us_clb_arctic_arctic_b0536.txt
/mnt/deepspeech2_data/voxforge_dataset/wav/cmu_us_clb_arctic_arctic_a0150.wav,/mnt/deepspeech2_data/voxforge_dataset/txt/cmu_us_clb_arctic_arctic_a0150.txt
/mnt/deepspeech2_data/voxforge_dataset/wav/cmu_us_clb_arctic_arctic_a0340.wav,/mnt/deepspeech2_data/voxforge_dataset/txt/cmu_us_clb_arctic_arctic_a0340.txt
/mnt/deepspeech2_data/voxforge_dataset/wav/cmu_us_clb_arctic_arctic_a0228.wav,/mnt/deepspeech2_data/voxforge_dataset/txt/cmu_us_clb_arctic_arctic_a0228.txt
/mnt/deepspeech2_data/voxforge_dataset/wav/cmu_us_clb_arctic_arctic_a0473.wav,/mnt/deepspeech2_data/voxforge_dataset/txt/cmu_us_clb_arctic_arctic_a0473.txt
/mnt/deepspeech2_data/voxforge_dataset/wav/cmu_us_clb_arctic_arctic_a0038.wav,/mnt/deepspeech2_data/voxforge_dataset/txt/cmu_us_clb_arctic_arctic_a0038.txt
/mnt/deepspeech2_data/voxforge_dataset/wav/cmu_us_clb_arctic_arctic_b0318.wav,/mnt/deepspeech2_data/voxforge_dataset/txt/cmu_us_clb_arctic_arctic_b0318.txt
/mnt/deepspeech2_data/voxforge_dataset/wav/cmu_us_clb_arctic_arctic_a0589.wav,/mnt/deepspeech2_data/voxforge_dataset/txt/cmu_us_clb_arctic_arctic_a0589.txt
/mnt/deepspeech2_data/voxforge_dataset/wav/cmu_us_clb_arctic_arctic_b0277.wav,/mnt/deepspeech2_data/voxforge_dataset/txt/cmu_us_clb_arctic_arctic_b0277.txt
/mnt/deepspeech2_data/voxforge_dataset/wav/cmu_us_clb_arctic_arctic_a0059.wav,/mnt/deepspeech2_data/voxforge_dataset/txt/cmu_us_clb_arctic_arctic_a0059.txt
/mnt/deepspeech2_data/voxforge_dataset/wav/cmu_us_clb_arctic_arctic_b0220.wav,/mnt/deepspeech2_data/voxforge_dataset/txt/cmu_us_clb_arctic_arctic_b0220.txt
/mnt/deepspeech2_data/voxforge_dataset/wav/cmu_us_clb_arctic_arctic_a0444.wav,/mnt/deepspeech2_data/voxforge_dataset/txt/cmu_us_clb_arctic_arctic_a0444.txt
/mnt/deepspeech2_data/voxforge_dataset/wav/cmu_us_clb_arctic_arctic_b0117.wav,/mnt/deepspeech2_data/voxforge_dataset/txt/cmu_us_clb_arctic_arctic_b0117.txt
/mnt/deepspeech2_data/voxforge_dataset/wav/cmu_us_clb_arctic_arctic_a0541.wav,/mnt/deepspeech2_data/voxforge_dataset/txt/cmu_us_clb_arctic_arctic_a0541.txt
/mnt/deepspeech2_data/voxforge_dataset/wav/cmu_us_clb_arctic_arctic_b0412.wav,/mnt/deepspeech2_data/voxforge_dataset/txt/cmu_us_clb_arctic_arctic_b0412.txt
/mnt/deepspeech2_data/voxforge_dataset/wav/cmu_us_clb_arctic_arctic_a0363.wav,/mnt/deepspeech2_data/voxforge_dataset/txt/cmu_us_clb_arctic_arctic_a0363.txt
/mnt/deepspeech2_data/voxforge_dataset/wav/cmu_us_clb_arctic_arctic_b0026.wav,/mnt/deepspeech2_data/voxforge_dataset/txt/cmu_us_clb_arctic_arctic_b0026.txt
/mnt/deepspeech2_data/voxforge_dataset/wav/cmu_us_clb_arctic_arctic_b0195.wav,/mnt/deepspeech2_data/voxforge_dataset/txt/cmu_us_clb_arctic_arctic_b0195.txt
/mnt/deepspeech2_data/voxforge_dataset/wav/cmu_us_clb_arctic_arctic_b0333.wav,/mnt/deepspeech2_data/voxforge_dataset/txt/cmu_us_clb_arctic_arctic_b0333.txt
/mnt/deepspeech2_data/voxforge_dataset/wav/cmu_us_clb_arctic_arctic_a0489.wav,/mnt/deepspeech2_data/voxforge_dataset/txt/cmu_us_clb_arctic_arctic_a0489.txt
/mnt/deepspeech2_data/voxforge_dataset/wav/cmu_us_clb_arctic_arctic_a0048.wav,/mnt/deepspeech2_data/voxforge_dataset/txt/cmu_us_clb_arctic_arctic_a0048.txt
/mnt/deepspeech2_data/voxforge_dataset/wav/cmu_us_clb_arctic_arctic_b0515.wav,/mnt/deepspeech2_data/voxforge_dataset/txt/cmu_us_clb_arctic_arctic_b0515.txt
/mnt/deepspeech2_data/voxforge_dataset/wav/cmu_us_clb_arctic_arctic_a0037.wav,/mnt/deepspeech2_data/voxforge_dataset/txt/cmu_us_clb_arctic_arctic_a0037.txt
/mnt/deepspeech2_data/voxforge_dataset/wav/cmu_us_clb_arctic_arctic_a0459.wav,/mnt/deepspeech2_data/voxforge_dataset/txt/cmu_us_clb_arctic_arctic_a0459.txt
/mnt/deepspeech2_data/voxforge_dataset/wav/cmu_us_clb_arctic_arctic_b0457.wav,/mnt/deepspeech2_data/voxforge_dataset/txt/cmu_us_clb_arctic_arctic_b0457.txt
/mnt/deepspeech2_data/voxforge_dataset/wav/cmu_us_clb_arctic_arctic_b0108.wav,/mnt/deepspeech2_data/voxforge_dataset/txt/cmu_us_clb_arctic_arctic_b0108.txt
/mnt/deepspeech2_data/voxforge_dataset/wav/cmu_us_clb_arctic_arctic_b0137.wav,/mnt/deepspeech2_data/voxforge_dataset/txt/cmu_us_clb_arctic_arctic_b0137.txt
/mnt/deepspeech2_data/voxforge_dataset/wav/cmu_us_clb_arctic_arctic_a0537.wav,/mnt/deepspeech2_data/voxforge_dataset/txt/cmu_us_clb_arctic_arctic_a0537.txt
/mnt/deepspeech2_data/voxforge_dataset/wav/cmu_us_clb_arctic_arctic_a0544.wav,/mnt/deepspeech2_data/voxforge_dataset/txt/cmu_us_clb_arctic_arctic_a0544.txt
/mnt/deepspeech2_data/voxforge_dataset/wav/cmu_us_clb_arctic_arctic_a0442.wav,/mnt/deepspeech2_data/voxforge_dataset/txt/cmu_us_clb_arctic_arctic_a0442.txt
/mnt/deepspeech2_data/voxforge_dataset/wav/cmu_us_clb_arctic_arctic_b0213.wav,/mnt/deepspeech2_data/voxforge_dataset/txt/cmu_us_clb_arctic_arctic_b0213.txt
/mnt/deepspeech2_data/voxforge_dataset/wav/cmu_us_clb_arctic_arctic_a0196.wav,/mnt/deepspeech2_data/voxforge_dataset/txt/cmu_us_clb_arctic_arctic_a0196.txt
/mnt/deepspeech2_data/voxforge_dataset/wav/cmu_us_clb_arctic_arctic_a0224.wav,/mnt/deepspeech2_data/voxforge_dataset/txt/cmu_us_clb_arctic_arctic_a0224.txt
/mnt/deepspeech2_data/voxforge_dataset/wav/cmu_us_clb_arctic_arctic_a0220.wav,/mnt/deepspeech2_data/voxforge_dataset/txt/cmu_us_clb_arctic_arctic_a0220.txt
/mnt/deepspeech2_data/voxforge_dataset/wav/cmu_us_clb_arctic_arctic_b0463.wav,/mnt/deepspeech2_data/voxforge_dataset/txt/cmu_us_clb_arctic_arctic_b0463.txt
/mnt/deepspeech2_data/voxforge_dataset/wav/cmu_us_clb_arctic_arctic_b0257.wav,/mnt/deepspeech2_data/voxforge_dataset/txt/cmu_us_clb_arctic_arctic_b0257.txt
/mnt/deepspeech2_data/voxforge_dataset/wav/cmu_us_clb_arctic_arctic_b0390.wav,/mnt/deepspeech2_data/voxforge_dataset/txt/cmu_us_clb_arctic_arctic_b0390.txt
/mnt/deepspeech2_data/voxforge_dataset/wav/cmu_us_clb_arctic_arctic_a0114.wav,/mnt/deepspeech2_data/voxforge_dataset/txt/cmu_us_clb_arctic_arctic_a0114.txt
/mnt/deepspeech2_data/voxforge_dataset/wav/cmu_us_clb_arctic_arctic_a0331.wav,/mnt/deepspeech2_data/voxforge_dataset/txt/cmu_us_clb_arctic_arctic_a0331.txt
/mnt/deepspeech2_data/voxforge_dataset/wav/cmu_us_clb_arctic_arctic_a0040.wav,/mnt/deepspeech2_data/voxforge_dataset/txt/cmu_us_clb_arctic_arctic_a0040.txt
/mnt/deepspeech2_data/voxforge_dataset/wav/cmu_us_clb_arctic_arctic_a0237.wav,/mnt/deepspeech2_data/voxforge_dataset/txt/cmu_us_clb_arctic_arctic_a0237.txt
/mnt/deepspeech2_data/voxforge_dataset/wav/cmu_us_clb_arctic_arctic_a0148.wav,/mnt/deepspeech2_data/voxforge_dataset/txt/cmu_us_clb_arctic_arctic_a0148.txt
/mnt/deepspeech2_data/voxforge_dataset/wav/cmu_us_clb_arctic_arctic_a0406.wav,/mnt/deepspeech2_data/voxforge_dataset/txt/cmu_us_clb_arctic_arctic_a0406.txt
/mnt/deepspeech2_data/voxforge_dataset/wav/cmu_us_clb_arctic_arctic_a0330.wav,/mnt/deepspeech2_data/voxforge_dataset/txt/cmu_us_clb_arctic_arctic_a0330.txt
/mnt/deepspeech2_data/voxforge_dataset/wav/cmu_us_clb_arctic_arctic_a0188.wav,/mnt/deepspeech2_data/voxforge_dataset/txt/cmu_us_clb_arctic_arctic_a0188.txt
/mnt/deepspeech2_data/voxforge_dataset/wav/cmu_us_clb_arctic_arctic_a0137.wav,/mnt/deepspeech2_data/voxforge_dataset/txt/cmu_us_clb_arctic_arctic_a0137.txt
/mnt/deepspeech2_data/voxforge_dataset/wav/cmu_us_clb_arctic_arctic_b0351.wav,/mnt/deepspeech2_data/voxforge_dataset/txt/cmu_us_clb_arctic_arctic_b0351.txt
/mnt/deepspeech2_data/voxforge_dataset/wav/cmu_us_clb_arctic_arctic_b0295.wav,/mnt/deepspeech2_data/voxforge_dataset/txt/cmu_us_clb_arctic_arctic_b0295.txt
/mnt/deepspeech2_data/voxforge_dataset/wav/cmu_us_clb_arctic_arctic_b0509.wav,/mnt/deepspeech2_data/voxforge_dataset/txt/cmu_us_clb_arctic_arctic_b0509.txt
/mnt/deepspeech2_data/voxforge_dataset/wav/cmu_us_clb_arctic_arctic_b0202.wav,/mnt/deepspeech2_data/voxforge_dataset/txt/cmu_us_clb_arctic_arctic_b0202.txt
/mnt/deepspeech2_data/voxforge_dataset/wav/cmu_us_clb_arctic_arctic_a0172.wav,/mnt/deepspeech2_data/voxforge_dataset/txt/cmu_us_clb_arctic_arctic_a0172.txt
/mnt/deepspeech2_data/voxforge_dataset/wav/cmu_us_clb_arctic_arctic_b0226.wav,/mnt/deepspeech2_data/voxforge_dataset/txt/cmu_us_clb_arctic_arctic_b0226.txt
/mnt/deepspeech2_data/voxforge_dataset/wav/cmu_us_clb_arctic_arctic_b0028.wav,/mnt/deepspeech2_data/voxforge_dataset/txt/cmu_us_clb_arctic_arctic_b0028.txt
/mnt/deepspeech2_data/voxforge_dataset/wav/cmu_us_clb_arctic_arctic_a0074.wav,/mnt/deepspeech2_data/voxforge_dataset/txt/cmu_us_clb_arctic_arctic_a0074.txt
/mnt/deepspeech2_data/voxforge_dataset/wav/cmu_us_clb_arctic_arctic_a0326.wav,/mnt/deepspeech2_data/voxforge_dataset/txt/cmu_us_clb_arctic_arctic_a0326.txt
/mnt/deepspeech2_data/voxforge_dataset/wav/cmu_us_clb_arctic_arctic_a0394.wav,/mnt/deepspeech2_data/voxforge_dataset/txt/cmu_us_clb_arctic_arctic_a0394.txt
/mnt/deepspeech2_data/voxforge_dataset/wav/cmu_us_clb_arctic_arctic_b0418.wav,/mnt/deepspeech2_data/voxforge_dataset/txt/cmu_us_clb_arctic_arctic_b0418.txt
/mnt/deepspeech2_data/voxforge_dataset/wav/cmu_us_clb_arctic_arctic_a0417.wav,/mnt/deepspeech2_data/voxforge_dataset/txt/cmu_us_clb_arctic_arctic_a0417.txt
/mnt/deepspeech2_data/voxforge_dataset/wav/cmu_us_clb_arctic_arctic_a0121.wav,/mnt/deepspeech2_data/voxforge_dataset/txt/cmu_us_clb_arctic_arctic_a0121.txt
/mnt/deepspeech2_data/voxforge_dataset/wav/cmu_us_clb_arctic_arctic_a0575.wav,/mnt/deepspeech2_data/voxforge_dataset/txt/cmu_us_clb_arctic_arctic_a0575.txt
/mnt/deepspeech2_data/voxforge_dataset/wav/cmu_us_clb_arctic_arctic_b0216.wav,/mnt/deepspeech2_data/voxforge_dataset/txt/cmu_us_clb_arctic_arctic_b0216.txt
/mnt/deepspeech2_data/voxforge_dataset/wav/cmu_us_clb_arctic_arctic_a0548.wav,/mnt/deepspeech2_data/voxforge_dataset/txt/cmu_us_clb_arctic_arctic_a0548.txt
/mnt/deepspeech2_data/voxforge_dataset/wav/cmu_us_clb_arctic_arctic_b0405.wav,/mnt/deepspeech2_data/voxforge_dataset/txt/cmu_us_clb_arctic_arctic_b0405.txt
/mnt/deepspeech2_data/voxforge_dataset/wav/cmu_us_clb_arctic_arctic_a0306.wav,/mnt/deepspeech2_data/voxforge_dataset/txt/cmu_us_clb_arctic_arctic_a0306.txt
/mnt/deepspeech2_data/voxforge_dataset/wav/cmu_us_clb_arctic_arctic_b0069.wav,/mnt/deepspeech2_data/voxforge_dataset/txt/cmu_us_clb_arctic_arctic_b0069.txt
/mnt/deepspeech2_data/voxforge_dataset/wav/cmu_us_clb_arctic_arctic_b0269.wav,/mnt/deepspeech2_data/voxforge_dataset/txt/cmu_us_clb_arctic_arctic_b0269.txt
/mnt/deepspeech2_data/voxforge_dataset/wav/cmu_us_clb_arctic_arctic_b0250.wav,/mnt/deepspeech2_data/voxforge_dataset/txt/cmu_us_clb_arctic_arctic_b0250.txt
/mnt/deepspeech2_data/voxforge_dataset/wav/cmu_us_clb_arctic_arctic_b0400.wav,/mnt/deepspeech2_data/voxforge_dataset/txt/cmu_us_clb_arctic_arctic_b0400.txt
/mnt/deepspeech2_data/voxforge_dataset/wav/cmu_us_clb_arctic_arctic_b0171.wav,/mnt/deepspeech2_data/voxforge_dataset/txt/cmu_us_clb_arctic_arctic_b0171.txt
/mnt/deepspeech2_data/voxforge_dataset/wav/cmu_us_clb_arctic_arctic_b0298.wav,/mnt/deepspeech2_data/voxforge_dataset/txt/cmu_us_clb_arctic_arctic_b0298.txt
/mnt/deepspeech2_data/voxforge_dataset/wav/cmu_us_clb_arctic_arctic_a0157.wav,/mnt/deepspeech2_data/voxforge_dataset/txt/cmu_us_clb_arctic_arctic_a0157.txt
/mnt/deepspeech2_data/voxforge_dataset/wav/cmu_us_clb_arctic_arctic_b0349.wav,/mnt/deepspeech2_data/voxforge_dataset/txt/cmu_us_clb_arctic_arctic_b0349.txt
/mnt/deepspeech2_data/voxforge_dataset/wav/cmu_us_clb_arctic_arctic_b0005.wav,/mnt/deepspeech2_data/voxforge_dataset/txt/cmu_us_clb_arctic_arctic_b0005.txt
/mnt/deepspeech2_data/voxforge_dataset/wav/cmu_us_clb_arctic_arctic_a0491.wav,/mnt/deepspeech2_data/voxforge_dataset/txt/cmu_us_clb_arctic_arctic_a0491.txt
/mnt/deepspeech2_data/voxforge_dataset/wav/cmu_us_clb_arctic_arctic_b0256.wav,/mnt/deepspeech2_data/voxforge_dataset/txt/cmu_us_clb_arctic_arctic_b0256.txt
/mnt/deepspeech2_data/voxforge_dataset/wav/cmu_us_clb_arctic_arctic_a0425.wav,/mnt/deepspeech2_data/voxforge_dataset/txt/cmu_us_clb_arctic_arctic_a0425.txt
/mnt/deepspeech2_data/voxforge_dataset/wav/cmu_us_clb_arctic_arctic_a0216.wav,/mnt/deepspeech2_data/voxforge_dataset/txt/cmu_us_clb_arctic_arctic_a0216.txt
/mnt/deepspeech2_data/voxforge_dataset/wav/cmu_us_clb_arctic_arctic_a0094.wav,/mnt/deepspeech2_data/voxforge_dataset/txt/cmu_us_clb_arctic_arctic_a0094.txt
/mnt/deepspeech2_data/voxforge_dataset/wav/cmu_us_clb_arctic_arctic_a0519.wav,/mnt/deepspeech2_data/voxforge_dataset/txt/cmu_us_clb_arctic_arctic_a0519.txt
/mnt/deepspeech2_data/voxforge_dataset/wav/cmu_us_clb_arctic_arctic_b0046.wav,/mnt/deepspeech2_data/voxforge_dataset/txt/cmu_us_clb_arctic_arctic_b0046.txt
/mnt/deepspeech2_data/voxforge_dataset/wav/cmu_us_clb_arctic_arctic_a0438.wav,/mnt/deepspeech2_data/voxforge_dataset/txt/cmu_us_clb_arctic_arctic_a0438.txt
/mnt/deepspeech2_data/voxforge_dataset/wav/cmu_us_clb_arctic_arctic_a0269.wav,/mnt/deepspeech2_data/voxforge_dataset/txt/cmu_us_clb_arctic_arctic_a0269.txt
/mnt/deepspeech2_data/voxforge_dataset/wav/cmu_us_clb_arctic_arctic_a0401.wav,/mnt/deepspeech2_data/voxforge_dataset/txt/cmu_us_clb_arctic_arctic_a0401.txt
/mnt/deepspeech2_data/voxforge_dataset/wav/cmu_us_clb_arctic_arctic_b0029.wav,/mnt/deepspeech2_data/voxforge_dataset/txt/cmu_us_clb_arctic_arctic_b0029.txt
/mnt/deepspeech2_data/voxforge_dataset/wav/cmu_us_clb_arctic_arctic_b0476.wav,/mnt/deepspeech2_data/voxforge_dataset/txt/cmu_us_clb_arctic_arctic_b0476.txt
/mnt/deepspeech2_data/voxforge_dataset/wav/cmu_us_clb_arctic_arctic_a0410.wav,/mnt/deepspeech2_data/voxforge_dataset/txt/cmu_us_clb_arctic_arctic_a0410.txt
/mnt/deepspeech2_data/voxforge_dataset/wav/cmu_us_clb_arctic_arctic_a0097.wav,/mnt/deepspeech2_data/voxforge_dataset/txt/cmu_us_clb_arctic_arctic_a0097.txt
/mnt/deepspeech2_data/voxforge_dataset/wav/cmu_us_clb_arctic_arctic_b0073.wav,/mnt/deepspeech2_data/voxforge_dataset/txt/cmu_us_clb_arctic_arctic_b0073.txt
/mnt/deepspeech2_data/voxforge_dataset/wav/cmu_us_clb_arctic_arctic_a0566.wav,/mnt/deepspeech2_data/voxforge_dataset/txt/cmu_us_clb_arctic_arctic_a0566.txt
/mnt/deepspeech2_data/voxforge_dataset/wav/cmu_us_clb_arctic_arctic_a0033.wav,/mnt/deepspeech2_data/voxforge_dataset/txt/cmu_us_clb_arctic_arctic_a0033.txt
/mnt/deepspeech2_data/voxforge_dataset/wav/cmu_us_clb_arctic_arctic_b0391.wav,/mnt/deepspeech2_data/voxforge_dataset/txt/cmu_us_clb_arctic_arctic_b0391.txt
/mnt/deepspeech2_data/voxforge_dataset/wav/cmu_us_clb_arctic_arctic_a0312.wav,/mnt/deepspeech2_data/voxforge_dataset/txt/cmu_us_clb_arctic_arctic_a0312.txt
/mnt/deepspeech2_data/voxforge_dataset/wav/cmu_us_clb_arctic_arctic_a0013.wav,/mnt/deepspeech2_data/voxforge_dataset/txt/cmu_us_clb_arctic_arctic_a0013.txt
/mnt/deepspeech2_data/voxforge_dataset/wav/cmu_us_clb_arctic_arctic_a0503.wav,/mnt/deepspeech2_data/voxforge_dataset/txt/cmu_us_clb_arctic_arctic_a0503.txt
/mnt/deepspeech2_data/voxforge_dataset/wav/cmu_us_clb_arctic_arctic_a0238.wav,/mnt/deepspeech2_data/voxforge_dataset/txt/cmu_us_clb_arctic_arctic_a0238.txt
/mnt/deepspeech2_data/voxforge_dataset/wav/cmu_us_clb_arctic_arctic_a0527.wav,/mnt/deepspeech2_data/voxforge_dataset/txt/cmu_us_clb_arctic_arctic_a0527.txt
/mnt/deepspeech2_data/voxforge_dataset/wav/cmu_us_clb_arctic_arctic_b0140.wav,/mnt/deepspeech2_data/voxforge_dataset/txt/cmu_us_clb_arctic_arctic_b0140.txt
/mnt/deepspeech2_data/voxforge_dataset/wav/cmu_us_clb_arctic_arctic_b0362.wav,/mnt/deepspeech2_data/voxforge_dataset/txt/cmu_us_clb_arctic_arctic_b0362.txt
/mnt/deepspeech2_data/voxforge_dataset/wav/cmu_us_clb_arctic_arctic_a0239.wav,/mnt/deepspeech2_data/voxforge_dataset/txt/cmu_us_clb_arctic_arctic_a0239.txt
/mnt/deepspeech2_data/voxforge_dataset/wav/cmu_us_clb_arctic_arctic_b0497.wav,/mnt/deepspeech2_data/voxforge_dataset/txt/cmu_us_clb_arctic_arctic_b0497.txt
/mnt/deepspeech2_data/voxforge_dataset/wav/cmu_us_clb_arctic_arctic_b0313.wav,/mnt/deepspeech2_data/voxforge_dataset/txt/cmu_us_clb_arctic_arctic_b0313.txt
/mnt/deepspeech2_data/voxforge_dataset/wav/cmu_us_clb_arctic_arctic_b0206.wav,/mnt/deepspeech2_data/voxforge_dataset/txt/cmu_us_clb_arctic_arctic_b0206.txt
/mnt/deepspeech2_data/voxforge_dataset/wav/cmu_us_clb_arctic_arctic_a0387.wav,/mnt/deepspeech2_data/voxforge_dataset/txt/cmu_us_clb_arctic_arctic_a0387.txt
/mnt/deepspeech2_data/voxforge_dataset/wav/cmu_us_clb_arctic_arctic_a0106.wav,/mnt/deepspeech2_data/voxforge_dataset/txt/cmu_us_clb_arctic_arctic_a0106.txt
/mnt/deepspeech2_data/voxforge_dataset/wav/cmu_us_clb_arctic_arctic_a0139.wav,/mnt/deepspeech2_data/voxforge_dataset/txt/cmu_us_clb_arctic_arctic_a0139.txt
/mnt/deepspeech2_data/voxforge_dataset/wav/cmu_us_clb_arctic_arctic_a0543.wav,/mnt/deepspeech2_data/voxforge_dataset/txt/cmu_us_clb_arctic_arctic_a0543.txt
/mnt/deepspeech2_data/voxforge_dataset/wav/cmu_us_clb_arctic_arctic_b0397.wav,/mnt/deepspeech2_data/voxforge_dataset/txt/cmu_us_clb_arctic_arctic_b0397.txt
/mnt/deepspeech2_data/voxforge_dataset/wav/cmu_us_rms_arctic_arctic_a0005.wav,/mnt/deepspeech2_data/voxforge_dataset/txt/cmu_us_rms_arctic_arctic_a0005.txt
/mnt/deepspeech2_data/voxforge_dataset/wav/cmu_us_rms_arctic_arctic_b0454.wav,/mnt/deepspeech2_data/voxforge_dataset/txt/cmu_us_rms_arctic_arctic_b0454.txt
/mnt/deepspeech2_data/voxforge_dataset/wav/cmu_us_rms_arctic_arctic_a0215.wav,/mnt/deepspeech2_data/voxforge_dataset/txt/cmu_us_rms_arctic_arctic_a0215.txt
/mnt/deepspeech2_data/voxforge_dataset/wav/cmu_us_rms_arctic_arctic_a0287.wav,/mnt/deepspeech2_data/voxforge_dataset/txt/cmu_us_rms_arctic_arctic_a0287.txt
/mnt/deepspeech2_data/voxforge_dataset/wav/cmu_us_rms_arctic_arctic_b0033.wav,/mnt/deepspeech2_data/voxforge_dataset/txt/cmu_us_rms_arctic_arctic_b0033.txt
/mnt/deepspeech2_data/voxforge_dataset/wav/cmu_us_rms_arctic_arctic_a0591.wav,/mnt/deepspeech2_data/voxforge_dataset/txt/cmu_us_rms_arctic_arctic_a0591.txt
/mnt/deepspeech2_data/voxforge_dataset/wav/cmu_us_rms_arctic_arctic_b0003.wav,/mnt/deepspeech2_data/voxforge_dataset/txt/cmu_us_rms_arctic_arctic_b0003.txt
/mnt/deepspeech2_data/voxforge_dataset/wav/cmu_us_rms_arctic_arctic_b0473.wav,/mnt/deepspeech2_data/voxforge_dataset/txt/cmu_us_rms_arctic_arctic_b0473.txt
/mnt/deepspeech2_data/voxforge_dataset/wav/cmu_us_rms_arctic_arctic_a0060.wav,/mnt/deepspeech2_data/voxforge_dataset/txt/cmu_us_rms_arctic_arctic_a0060.txt
/mnt/deepspeech2_data/voxforge_dataset/wav/cmu_us_rms_arctic_arctic_b0205.wav,/mnt/deepspeech2_data/voxforge_dataset/txt/cmu_us_rms_arctic_arctic_b0205.txt
/mnt/deepspeech2_data/voxforge_dataset/wav/cmu_us_rms_arctic_arctic_b0529.wav,/mnt/deepspeech2_data/voxforge_dataset/txt/cmu_us_rms_arctic_arctic_b0529.txt
/mnt/deepspeech2_data/voxforge_dataset/wav/cmu_us_rms_arctic_arctic_a0077.wav,/mnt/deepspeech2_data/voxforge_dataset/txt/cmu_us_rms_arctic_arctic_a0077.txt
/mnt/deepspeech2_data/voxforge_dataset/wav/cmu_us_rms_arctic_arctic_b0220.wav,/mnt/deepspeech2_data/voxforge_dataset/txt/cmu_us_rms_arctic_arctic_b0220.txt
/mnt/deepspeech2_data/voxforge_dataset/wav/cmu_us_rms_arctic_arctic_a0388.wav,/mnt/deepspeech2_data/voxforge_dataset/txt/cmu_us_rms_arctic_arctic_a0388.txt
/mnt/deepspeech2_data/voxforge_dataset/wav/cmu_us_rms_arctic_arctic_a0445.wav,/mnt/deepspeech2_data/voxforge_dataset/txt/cmu_us_rms_arctic_arctic_a0445.txt
/mnt/deepspeech2_data/voxforge_dataset/wav/cmu_us_rms_arctic_arctic_b0134.wav,/mnt/deepspeech2_data/voxforge_dataset/txt/cmu_us_rms_arctic_arctic_b0134.txt
/mnt/deepspeech2_data/voxforge_dataset/wav/cmu_us_rms_arctic_arctic_b0093.wav,/mnt/deepspeech2_data/voxforge_dataset/txt/cmu_us_rms_arctic_arctic_b0093.txt
/mnt/deepspeech2_data/voxforge_dataset/wav/cmu_us_rms_arctic_arctic_a0101.wav,/mnt/deepspeech2_data/voxforge_dataset/txt/cmu_us_rms_arctic_arctic_a0101.txt
/mnt/deepspeech2_data/voxforge_dataset/wav/cmu_us_rms_arctic_arctic_b0337.wav,/mnt/deepspeech2_data/voxforge_dataset/txt/cmu_us_rms_arctic_arctic_b0337.txt
/mnt/deepspeech2_data/voxforge_dataset/wav/cmu_us_rms_arctic_arctic_b0357.wav,/mnt/deepspeech2_data/voxforge_dataset/txt/cmu_us_rms_arctic_arctic_b0357.txt
/mnt/deepspeech2_data/voxforge_dataset/wav/cmu_us_rms_arctic_arctic_b0173.wav,/mnt/deepspeech2_data/voxforge_dataset/txt/cmu_us_rms_arctic_arctic_b0173.txt
/mnt/deepspeech2_data/voxforge_dataset/wav/cmu_us_rms_arctic_arctic_b0183.wav,/mnt/deepspeech2_data/voxforge_dataset/txt/cmu_us_rms_arctic_arctic_b0183.txt
/mnt/deepspeech2_data/voxforge_dataset/wav/cmu_us_rms_arctic_arctic_b0286.wav,/mnt/deepspeech2_data/voxforge_dataset/txt/cmu_us_rms_arctic_arctic_b0286.txt
/mnt/deepspeech2_data/voxforge_dataset/wav/cmu_us_rms_arctic_arctic_b0398.wav,/mnt/deepspeech2_data/voxforge_dataset/txt/cmu_us_rms_arctic_arctic_b0398.txt
/mnt/deepspeech2_data/voxforge_dataset/wav/cmu_us_rms_arctic_arctic_a0045.wav,/mnt/deepspeech2_data/voxforge_dataset/txt/cmu_us_rms_arctic_arctic_a0045.txt
/mnt/deepspeech2_data/voxforge_dataset/wav/cmu_us_rms_arctic_arctic_b0387.wav,/mnt/deepspeech2_data/voxforge_dataset/txt/cmu_us_rms_arctic_arctic_b0387.txt
/mnt/deepspeech2_data/voxforge_dataset/wav/cmu_us_rms_arctic_arctic_a0514.wav,/mnt/deepspeech2_data/voxforge_dataset/txt/cmu_us_rms_arctic_arctic_a0514.txt
/mnt/deepspeech2_data/voxforge_dataset/wav/cmu_us_rms_arctic_arctic_a0444.wav,/mnt/deepspeech2_data/voxforge_dataset/txt/cmu_us_rms_arctic_arctic_a0444.txt
/mnt/deepspeech2_data/voxforge_dataset/wav/cmu_us_rms_arctic_arctic_a0551.wav,/mnt/deepspeech2_data/voxforge_dataset/txt/cmu_us_rms_arctic_arctic_a0551.txt
/mnt/deepspeech2_data/voxforge_dataset/wav/cmu_us_rms_arctic_arctic_b0129.wav,/mnt/deepspeech2_data/voxforge_dataset/txt/cmu_us_rms_arctic_arctic_b0129.txt
/mnt/deepspeech2_data/voxforge_dataset/wav/cmu_us_rms_arctic_arctic_a0230.wav,/mnt/deepspeech2_data/voxforge_dataset/txt/cmu_us_rms_arctic_arctic_a0230.txt
/mnt/deepspeech2_data/voxforge_dataset/wav/cmu_us_rms_arctic_arctic_b0014.wav,/mnt/deepspeech2_data/voxforge_dataset/txt/cmu_us_rms_arctic_arctic_b0014.txt
/mnt/deepspeech2_data/voxforge_dataset/wav/cmu_us_rms_arctic_arctic_b0273.wav,/mnt/deepspeech2_data/voxforge_dataset/txt/cmu_us_rms_arctic_arctic_b0273.txt
/mnt/deepspeech2_data/voxforge_dataset/wav/cmu_us_rms_arctic_arctic_a0271.wav,/mnt/deepspeech2_data/voxforge_dataset/txt/cmu_us_rms_arctic_arctic_a0271.txt
/mnt/deepspeech2_data/voxforge_dataset/wav/cmu_us_rms_arctic_arctic_a0353.wav,/mnt/deepspeech2_data/voxforge_dataset/txt/cmu_us_rms_arctic_arctic_a0353.txt
/mnt/deepspeech2_data/voxforge_dataset/wav/cmu_us_rms_arctic_arctic_a0049.wav,/mnt/deepspeech2_data/voxforge_dataset/txt/cmu_us_rms_arctic_arctic_a0049.txt
/mnt/deepspeech2_data/voxforge_dataset/wav/cmu_us_rms_arctic_arctic_a0012.wav,/mnt/deepspeech2_data/voxforge_dataset/txt/cmu_us_rms_arctic_arctic_a0012.txt
/mnt/deepspeech2_data/voxforge_dataset/wav/cmu_us_rms_arctic_arctic_b0117.wav,/mnt/deepspeech2_data/voxforge_dataset/txt/cmu_us_rms_arctic_arctic_b0117.txt
/mnt/deepspeech2_data/voxforge_dataset/wav/cmu_us_rms_arctic_arctic_a0552.wav,/mnt/deepspeech2_data/voxforge_dataset/txt/cmu_us_rms_arctic_arctic_a0552.txt
/mnt/deepspeech2_data/voxforge_dataset/wav/cmu_us_rms_arctic_arctic_a0342.wav,/mnt/deepspeech2_data/voxforge_dataset/txt/cmu_us_rms_arctic_arctic_a0342.txt
/mnt/deepspeech2_data/voxforge_dataset/wav/cmu_us_rms_arctic_arctic_a0209.wav,/mnt/deepspeech2_data/voxforge_dataset/txt/cmu_us_rms_arctic_arctic_a0209.txt
/mnt/deepspeech2_data/voxforge_dataset/wav/cmu_us_rms_arctic_arctic_a0356.wav,/mnt/deepspeech2_data/voxforge_dataset/txt/cmu_us_rms_arctic_arctic_a0356.txt
/mnt/deepspeech2_data/voxforge_dataset/wav/cmu_us_rms_arctic_arctic_a0397.wav,/mnt/deepspeech2_data/voxforge_dataset/txt/cmu_us_rms_arctic_arctic_a0397.txt
/mnt/deepspeech2_data/voxforge_dataset/wav/cmu_us_rms_arctic_arctic_b0531.wav,/mnt/deepspeech2_data/voxforge_dataset/txt/cmu_us_rms_arctic_arctic_b0531.txt
/mnt/deepspeech2_data/voxforge_dataset/wav/cmu_us_rms_arctic_arctic_b0050.wav,/mnt/deepspeech2_data/voxforge_dataset/txt/cmu_us_rms_arctic_arctic_b0050.txt
/mnt/deepspeech2_data/voxforge_dataset/wav/cmu_us_rms_arctic_arctic_b0455.wav,/mnt/deepspeech2_data/voxforge_dataset/txt/cmu_us_rms_arctic_arctic_b0455.txt
/mnt/deepspeech2_data/voxforge_dataset/wav/cmu_us_rms_arctic_arctic_b0456.wav,/mnt/deepspeech2_data/voxforge_dataset/txt/cmu_us_rms_arctic_arctic_b0456.txt
/mnt/deepspeech2_data/voxforge_dataset/wav/cmu_us_rms_arctic_arctic_a0196.wav,/mnt/deepspeech2_data/voxforge_dataset/txt/cmu_us_rms_arctic_arctic_a0196.txt
/mnt/deepspeech2_data/voxforge_dataset/wav/cmu_us_rms_arctic_arctic_b0383.wav,/mnt/deepspeech2_data/voxforge_dataset/txt/cmu_us_rms_arctic_arctic_b0383.txt
/mnt/deepspeech2_data/voxforge_dataset/wav/cmu_us_rms_arctic_arctic_b0274.wav,/mnt/deepspeech2_data/voxforge_dataset/txt/cmu_us_rms_arctic_arctic_b0274.txt
/mnt/deepspeech2_data/voxforge_dataset/wav/cmu_us_rms_arctic_arctic_b0101.wav,/mnt/deepspeech2_data/voxforge_dataset/txt/cmu_us_rms_arctic_arctic_b0101.txt
/mnt/deepspeech2_data/voxforge_dataset/wav/cmu_us_rms_arctic_arctic_a0061.wav,/mnt/deepspeech2_data/voxforge_dataset/txt/cmu_us_rms_arctic_arctic_a0061.txt
/mnt/deepspeech2_data/voxforge_dataset/wav/cmu_us_rms_arctic_arctic_b0452.wav,/mnt/deepspeech2_data/voxforge_dataset/txt/cmu_us_rms_arctic_arctic_b0452.txt
/mnt/deepspeech2_data/voxforge_dataset/wav/cmu_us_rms_arctic_arctic_a0542.wav,/mnt/deepspeech2_data/voxforge_dataset/txt/cmu_us_rms_arctic_arctic_a0542.txt
/mnt/deepspeech2_data/voxforge_dataset/wav/cmu_us_rms_arctic_arctic_b0235.wav,/mnt/deepspeech2_data/voxforge_dataset/txt/cmu_us_rms_arctic_arctic_b0235.txt
/mnt/deepspeech2_data/voxforge_dataset/wav/cmu_us_rms_arctic_arctic_a0233.wav,/mnt/deepspeech2_data/voxforge_dataset/txt/cmu_us_rms_arctic_arctic_a0233.txt
/mnt/deepspeech2_data/voxforge_dataset/wav/cmu_us_rms_arctic_arctic_b0505.wav,/mnt/deepspeech2_data/voxforge_dataset/txt/cmu_us_rms_arctic_arctic_b0505.txt
/mnt/deepspeech2_data/voxforge_dataset/wav/cmu_us_rms_arctic_arctic_b0087.wav,/mnt/deepspeech2_data/voxforge_dataset/txt/cmu_us_rms_arctic_arctic_b0087.txt
/mnt/deepspeech2_data/voxforge_dataset/wav/cmu_us_rms_arctic_arctic_b0145.wav,/mnt/deepspeech2_data/voxforge_dataset/txt/cmu_us_rms_arctic_arctic_b0145.txt
/mnt/deepspeech2_data/voxforge_dataset/wav/cmu_us_rms_arctic_arctic_a0394.wav,/mnt/deepspeech2_data/voxforge_dataset/txt/cmu_us_rms_arctic_arctic_a0394.txt
/mnt/deepspeech2_data/voxforge_dataset/wav/cmu_us_rms_arctic_arctic_b0120.wav,/mnt/deepspeech2_data/voxforge_dataset/txt/cmu_us_rms_arctic_arctic_b0120.txt
/mnt/deepspeech2_data/voxforge_dataset/wav/cmu_us_rms_arctic_arctic_b0105.wav,/mnt/deepspeech2_data/voxforge_dataset/txt/cmu_us_rms_arctic_arctic_b0105.txt
/mnt/deepspeech2_data/voxforge_dataset/wav/cmu_us_rms_arctic_arctic_b0394.wav,/mnt/deepspeech2_data/voxforge_dataset/txt/cmu_us_rms_arctic_arctic_b0394.txt
/mnt/deepspeech2_data/voxforge_dataset/wav/cmu_us_rms_arctic_arctic_a0307.wav,/mnt/deepspeech2_data/voxforge_dataset/txt/cmu_us_rms_arctic_arctic_a0307.txt
/mnt/deepspeech2_data/voxforge_dataset/wav/cmu_us_rms_arctic_arctic_b0185.wav,/mnt/deepspeech2_data/voxforge_dataset/txt/cmu_us_rms_arctic_arctic_b0185.txt
/mnt/deepspeech2_data/voxforge_dataset/wav/cmu_us_rms_arctic_arctic_b0404.wav,/mnt/deepspeech2_data/voxforge_dataset/txt/cmu_us_rms_arctic_arctic_b0404.txt
/mnt/deepspeech2_data/voxforge_dataset/wav/cmu_us_rms_arctic_arctic_a0246.wav,/mnt/deepspeech2_data/voxforge_dataset/txt/cmu_us_rms_arctic_arctic_a0246.txt
/mnt/deepspeech2_data/voxforge_dataset/wav/cmu_us_rms_arctic_arctic_a0418.wav,/mnt/deepspeech2_data/voxforge_dataset/txt/cmu_us_rms_arctic_arctic_a0418.txt
/mnt/deepspeech2_data/voxforge_dataset/wav/cmu_us_rms_arctic_arctic_b0244.wav,/mnt/deepspeech2_data/voxforge_dataset/txt/cmu_us_rms_arctic_arctic_b0244.txt
/mnt/deepspeech2_data/voxforge_dataset/wav/cmu_us_rms_arctic_arctic_b0405.wav,/mnt/deepspeech2_data/voxforge_dataset/txt/cmu_us_rms_arctic_arctic_b0405.txt
/mnt/deepspeech2_data/voxforge_dataset/wav/cmu_us_rms_arctic_arctic_a0073.wav,/mnt/deepspeech2_data/voxforge_dataset/txt/cmu_us_rms_arctic_arctic_a0073.txt
/mnt/deepspeech2_data/voxforge_dataset/wav/cmu_us_rms_arctic_arctic_a0043.wav,/mnt/deepspeech2_data/voxforge_dataset/txt/cmu_us_rms_arctic_arctic_a0043.txt
/mnt/deepspeech2_data/voxforge_dataset/wav/cmu_us_rms_arctic_arctic_a0456.wav,/mnt/deepspeech2_data/voxforge_dataset/txt/cmu_us_rms_arctic_arctic_a0456.txt
/mnt/deepspeech2_data/voxforge_dataset/wav/cmu_us_rms_arctic_arctic_a0431.wav,/mnt/deepspeech2_data/voxforge_dataset/txt/cmu_us_rms_arctic_arctic_a0431.txt
/mnt/deepspeech2_data/voxforge_dataset/wav/cmu_us_rms_arctic_arctic_b0163.wav,/mnt/deepspeech2_data/voxforge_dataset/txt/cmu_us_rms_arctic_arctic_b0163.txt
/mnt/deepspeech2_data/voxforge_dataset/wav/cmu_us_rms_arctic_arctic_a0282.wav,/mnt/deepspeech2_data/voxforge_dataset/txt/cmu_us_rms_arctic_arctic_a0282.txt
/mnt/deepspeech2_data/voxforge_dataset/wav/cmu_us_rms_arctic_arctic_b0280.wav,/mnt/deepspeech2_data/voxforge_dataset/txt/cmu_us_rms_arctic_arctic_b0280.txt
/mnt/deepspeech2_data/voxforge_dataset/wav/cmu_us_rms_arctic_arctic_a0227.wav,/mnt/deepspeech2_data/voxforge_dataset/txt/cmu_us_rms_arctic_arctic_a0227.txt
/mnt/deepspeech2_data/voxforge_dataset/wav/cmu_us_rms_arctic_arctic_b0100.wav,/mnt/deepspeech2_data/voxforge_dataset/txt/cmu_us_rms_arctic_arctic_b0100.txt
/mnt/deepspeech2_data/voxforge_dataset/wav/cmu_us_rms_arctic_arctic_a0105.wav,/mnt/deepspeech2_data/voxforge_dataset/txt/cmu_us_rms_arctic_arctic_a0105.txt
/mnt/deepspeech2_data/voxforge_dataset/wav/cmu_us_rms_arctic_arctic_b0020.wav,/mnt/deepspeech2_data/voxforge_dataset/txt/cmu_us_rms_arctic_arctic_b0020.txt
/mnt/deepspeech2_data/voxforge_dataset/wav/cmu_us_rms_arctic_arctic_a0479.wav,/mnt/deepspeech2_data/voxforge_dataset/txt/cmu_us_rms_arctic_arctic_a0479.txt
/mnt/deepspeech2_data/voxforge_dataset/wav/cmu_us_rms_arctic_arctic_a0339.wav,/mnt/deepspeech2_data/voxforge_dataset/txt/cmu_us_rms_arctic_arctic_a0339.txt
/mnt/deepspeech2_data/voxforge_dataset/wav/cmu_us_rms_arctic_arctic_b0440.wav,/mnt/deepspeech2_data/voxforge_dataset/txt/cmu_us_rms_arctic_arctic_b0440.txt
/mnt/deepspeech2_data/voxforge_dataset/wav/cmu_us_rms_arctic_arctic_a0032.wav,/mnt/deepspeech2_data/voxforge_dataset/txt/cmu_us_rms_arctic_arctic_a0032.txt
/mnt/deepspeech2_data/voxforge_dataset/wav/cmu_us_rms_arctic_arctic_a0254.wav,/mnt/deepspeech2_data/voxforge_dataset/txt/cmu_us_rms_arctic_arctic_a0254.txt
/mnt/deepspeech2_data/voxforge_dataset/wav/cmu_us_rms_arctic_arctic_b0103.wav,/mnt/deepspeech2_data/voxforge_dataset/txt/cmu_us_rms_arctic_arctic_b0103.txt
/mnt/deepspeech2_data/voxforge_dataset/wav/cmu_us_rms_arctic_arctic_a0517.wav,/mnt/deepspeech2_data/voxforge_dataset/txt/cmu_us_rms_arctic_arctic_a0517.txt
/mnt/deepspeech2_data/voxforge_dataset/wav/cmu_us_rms_arctic_arctic_b0499.wav,/mnt/deepspeech2_data/voxforge_dataset/txt/cmu_us_rms_arctic_arctic_b0499.txt
/mnt/deepspeech2_data/voxforge_dataset/wav/cmu_us_rms_arctic_arctic_b0209.wav,/mnt/deepspeech2_data/voxforge_dataset/txt/cmu_us_rms_arctic_arctic_b0209.txt
/mnt/deepspeech2_data/voxforge_dataset/wav/cmu_us_rms_arctic_arctic_b0066.wav,/mnt/deepspeech2_data/voxforge_dataset/txt/cmu_us_rms_arctic_arctic_b0066.txt
/mnt/deepspeech2_data/voxforge_dataset/wav/cmu_us_rms_arctic_arctic_b0236.wav,/mnt/deepspeech2_data/voxforge_dataset/txt/cmu_us_rms_arctic_arctic_b0236.txt
/mnt/deepspeech2_data/voxforge_dataset/wav/cmu_us_rms_arctic_arctic_a0382.wav,/mnt/deepspeech2_data/voxforge_dataset/txt/cmu_us_rms_arctic_arctic_a0382.txt
/mnt/deepspeech2_data/voxforge_dataset/wav/cmu_us_rms_arctic_arctic_b0132.wav,/mnt/deepspeech2_data/voxforge_dataset/txt/cmu_us_rms_arctic_arctic_b0132.txt
/mnt/deepspeech2_data/voxforge_dataset/wav/cmu_us_rms_arctic_arctic_a0487.wav,/mnt/deepspeech2_data/voxforge_dataset/txt/cmu_us_rms_arctic_arctic_a0487.txt
/mnt/deepspeech2_data/voxforge_dataset/wav/cmu_us_rms_arctic_arctic_b0488.wav,/mnt/deepspeech2_data/voxforge_dataset/txt/cmu_us_rms_arctic_arctic_b0488.txt
/mnt/deepspeech2_data/voxforge_dataset/wav/cmu_us_rms_arctic_arctic_a0300.wav,/mnt/deepspeech2_data/voxforge_dataset/txt/cmu_us_rms_arctic_arctic_a0300.txt
/mnt/deepspeech2_data/voxforge_dataset/wav/cmu_us_rms_arctic_arctic_a0547.wav,/mnt/deepspeech2_data/voxforge_dataset/txt/cmu_us_rms_arctic_arctic_a0547.txt
/mnt/deepspeech2_data/voxforge_dataset/wav/cmu_us_rms_arctic_arctic_b0524.wav,/mnt/deepspeech2_data/voxforge_dataset/txt/cmu_us_rms_arctic_arctic_b0524.txt
/mnt/deepspeech2_data/voxforge_dataset/wav/cmu_us_rms_arctic_arctic_b0409.wav,/mnt/deepspeech2_data/voxforge_dataset/txt/cmu_us_rms_arctic_arctic_b0409.txt
/mnt/deepspeech2_data/voxforge_dataset/wav/cmu_us_rms_arctic_arctic_b0366.wav,/mnt/deepspeech2_data/voxforge_dataset/txt/cmu_us_rms_arctic_arctic_b0366.txt
/mnt/deepspeech2_data/voxforge_dataset/wav/cmu_us_rms_arctic_arctic_a0106.wav,/mnt/deepspeech2_data/voxforge_dataset/txt/cmu_us_rms_arctic_arctic_a0106.txt
/mnt/deepspeech2_data/voxforge_dataset/wav/cmu_us_rms_arctic_arctic_a0422.wav,/mnt/deepspeech2_data/voxforge_dataset/txt/cmu_us_rms_arctic_arctic_a0422.txt
/mnt/deepspeech2_data/voxforge_dataset/wav/cmu_us_rms_arctic_arctic_b0192.wav,/mnt/deepspeech2_data/voxforge_dataset/txt/cmu_us_rms_arctic_arctic_b0192.txt
/mnt/deepspeech2_data/voxforge_dataset/wav/cmu_us_rms_arctic_arctic_a0245.wav,/mnt/deepspeech2_data/voxforge_dataset/txt/cmu_us_rms_arctic_arctic_a0245.txt
/mnt/deepspeech2_data/voxforge_dataset/wav/cmu_us_rms_arctic_arctic_a0332.wav,/mnt/deepspeech2_data/voxforge_dataset/txt/cmu_us_rms_arctic_arctic_a0332.txt
/mnt/deepspeech2_data/voxforge_dataset/wav/cmu_us_rms_arctic_arctic_b0167.wav,/mnt/deepspeech2_data/voxforge_dataset/txt/cmu_us_rms_arctic_arctic_b0167.txt
/mnt/deepspeech2_data/voxforge_dataset/wav/cmu_us_rms_arctic_arctic_a0558.wav,/mnt/deepspeech2_data/voxforge_dataset/txt/cmu_us_rms_arctic_arctic_a0558.txt
/mnt/deepspeech2_data/voxforge_dataset/wav/cmu_us_rms_arctic_arctic_b0313.wav,/mnt/deepspeech2_data/voxforge_dataset/txt/cmu_us_rms_arctic_arctic_b0313.txt
/mnt/deepspeech2_data/voxforge_dataset/wav/cmu_us_rms_arctic_arctic_b0379.wav,/mnt/deepspeech2_data/voxforge_dataset/txt/cmu_us_rms_arctic_arctic_b0379.txt
/mnt/deepspeech2_data/voxforge_dataset/wav/cmu_us_rms_arctic_arctic_b0358.wav,/mnt/deepspeech2_data/voxforge_dataset/txt/cmu_us_rms_arctic_arctic_b0358.txt
/mnt/deepspeech2_data/voxforge_dataset/wav/cmu_us_rms_arctic_arctic_b0427.wav,/mnt/deepspeech2_data/voxforge_dataset/txt/cmu_us_rms_arctic_arctic_b0427.txt
/mnt/deepspeech2_data/voxforge_dataset/wav/cmu_us_rms_arctic_arctic_b0496.wav,/mnt/deepspeech2_data/voxforge_dataset/txt/cmu_us_rms_arctic_arctic_b0496.txt
/mnt/deepspeech2_data/voxforge_dataset/wav/cmu_us_bdl_arctic_arctic_b0327.wav,/mnt/deepspeech2_data/voxforge_dataset/txt/cmu_us_bdl_arctic_arctic_b0327.txt
/mnt/deepspeech2_data/voxforge_dataset/wav/cmu_us_bdl_arctic_arctic_a0240.wav,/mnt/deepspeech2_data/voxforge_dataset/txt/cmu_us_bdl_arctic_arctic_a0240.txt
/mnt/deepspeech2_data/voxforge_dataset/wav/cmu_us_bdl_arctic_arctic_b0408.wav,/mnt/deepspeech2_data/voxforge_dataset/txt/cmu_us_bdl_arctic_arctic_b0408.txt
/mnt/deepspeech2_data/voxforge_dataset/wav/cmu_us_bdl_arctic_arctic_a0018.wav,/mnt/deepspeech2_data/voxforge_dataset/txt/cmu_us_bdl_arctic_arctic_a0018.txt
/mnt/deepspeech2_data/voxforge_dataset/wav/cmu_us_bdl_arctic_arctic_a0440.wav,/mnt/deepspeech2_data/voxforge_dataset/txt/cmu_us_bdl_arctic_arctic_a0440.txt
/mnt/deepspeech2_data/voxforge_dataset/wav/cmu_us_bdl_arctic_arctic_b0249.wav,/mnt/deepspeech2_data/voxforge_dataset/txt/cmu_us_bdl_arctic_arctic_b0249.txt
/mnt/deepspeech2_data/voxforge_dataset/wav/cmu_us_bdl_arctic_arctic_a0112.wav,/mnt/deepspeech2_data/voxforge_dataset/txt/cmu_us_bdl_arctic_arctic_a0112.txt
/mnt/deepspeech2_data/voxforge_dataset/wav/cmu_us_bdl_arctic_arctic_b0535.wav,/mnt/deepspeech2_data/voxforge_dataset/txt/cmu_us_bdl_arctic_arctic_b0535.txt
/mnt/deepspeech2_data/voxforge_dataset/wav/cmu_us_bdl_arctic_arctic_b0221.wav,/mnt/deepspeech2_data/voxforge_dataset/txt/cmu_us_bdl_arctic_arctic_b0221.txt
/mnt/deepspeech2_data/voxforge_dataset/wav/cmu_us_bdl_arctic_arctic_b0021.wav,/mnt/deepspeech2_data/voxforge_dataset/txt/cmu_us_bdl_arctic_arctic_b0021.txt
/mnt/deepspeech2_data/voxforge_dataset/wav/cmu_us_bdl_arctic_arctic_a0205.wav,/mnt/deepspeech2_data/voxforge_dataset/txt/cmu_us_bdl_arctic_arctic_a0205.txt
/mnt/deepspeech2_data/voxforge_dataset/wav/cmu_us_bdl_arctic_arctic_b0093.wav,/mnt/deepspeech2_data/voxforge_dataset/txt/cmu_us_bdl_arctic_arctic_b0093.txt
/mnt/deepspeech2_data/voxforge_dataset/wav/cmu_us_bdl_arctic_arctic_b0277.wav,/mnt/deepspeech2_data/voxforge_dataset/txt/cmu_us_bdl_arctic_arctic_b0277.txt
/mnt/deepspeech2_data/voxforge_dataset/wav/cmu_us_bdl_arctic_arctic_a0453.wav,/mnt/deepspeech2_data/voxforge_dataset/txt/cmu_us_bdl_arctic_arctic_a0453.txt
/mnt/deepspeech2_data/voxforge_dataset/wav/cmu_us_bdl_arctic_arctic_a0054.wav,/mnt/deepspeech2_data/voxforge_dataset/txt/cmu_us_bdl_arctic_arctic_a0054.txt
/mnt/deepspeech2_data/voxforge_dataset/wav/cmu_us_bdl_arctic_arctic_b0443.wav,/mnt/deepspeech2_data/voxforge_dataset/txt/cmu_us_bdl_arctic_arctic_b0443.txt
/mnt/deepspeech2_data/voxforge_dataset/wav/cmu_us_bdl_arctic_arctic_b0231.wav,/mnt/deepspeech2_data/voxforge_dataset/txt/cmu_us_bdl_arctic_arctic_b0231.txt
/mnt/deepspeech2_data/voxforge_dataset/wav/cmu_us_bdl_arctic_arctic_b0194.wav,/mnt/deepspeech2_data/voxforge_dataset/txt/cmu_us_bdl_arctic_arctic_b0194.txt
/mnt/deepspeech2_data/voxforge_dataset/wav/cmu_us_bdl_arctic_arctic_a0119.wav,/mnt/deepspeech2_data/voxforge_dataset/txt/cmu_us_bdl_arctic_arctic_a0119.txt
/mnt/deepspeech2_data/voxforge_dataset/wav/cmu_us_bdl_arctic_arctic_b0398.wav,/mnt/deepspeech2_data/voxforge_dataset/txt/cmu_us_bdl_arctic_arctic_b0398.txt
/mnt/deepspeech2_data/voxforge_dataset/wav/cmu_us_bdl_arctic_arctic_b0515.wav,/mnt/deepspeech2_data/voxforge_dataset/txt/cmu_us_bdl_arctic_arctic_b0515.txt
/mnt/deepspeech2_data/voxforge_dataset/wav/cmu_us_bdl_arctic_arctic_a0497.wav,/mnt/deepspeech2_data/voxforge_dataset/txt/cmu_us_bdl_arctic_arctic_a0497.txt
/mnt/deepspeech2_data/voxforge_dataset/wav/cmu_us_bdl_arctic_arctic_a0593.wav,/mnt/deepspeech2_data/voxforge_dataset/txt/cmu_us_bdl_arctic_arctic_a0593.txt
/mnt/deepspeech2_data/voxforge_dataset/wav/cmu_us_bdl_arctic_arctic_a0459.wav,/mnt/deepspeech2_data/voxforge_dataset/txt/cmu_us_bdl_arctic_arctic_a0459.txt
/mnt/deepspeech2_data/voxforge_dataset/wav/cmu_us_bdl_arctic_arctic_b0493.wav,/mnt/deepspeech2_data/voxforge_dataset/txt/cmu_us_bdl_arctic_arctic_b0493.txt
/mnt/deepspeech2_data/voxforge_dataset/wav/cmu_us_bdl_arctic_arctic_b0110.wav,/mnt/deepspeech2_data/voxforge_dataset/txt/cmu_us_bdl_arctic_arctic_b0110.txt
/mnt/deepspeech2_data/voxforge_dataset/wav/cmu_us_bdl_arctic_arctic_a0496.wav,/mnt/deepspeech2_data/voxforge_dataset/txt/cmu_us_bdl_arctic_arctic_a0496.txt
/mnt/deepspeech2_data/voxforge_dataset/wav/cmu_us_bdl_arctic_arctic_a0338.wav,/mnt/deepspeech2_data/voxforge_dataset/txt/cmu_us_bdl_arctic_arctic_a0338.txt
/mnt/deepspeech2_data/voxforge_dataset/wav/cmu_us_bdl_arctic_arctic_b0138.wav,/mnt/deepspeech2_data/voxforge_dataset/txt/cmu_us_bdl_arctic_arctic_b0138.txt
/mnt/deepspeech2_data/voxforge_dataset/wav/cmu_us_bdl_arctic_arctic_a0355.wav,/mnt/deepspeech2_data/voxforge_dataset/txt/cmu_us_bdl_arctic_arctic_a0355.txt
/mnt/deepspeech2_data/voxforge_dataset/wav/cmu_us_bdl_arctic_arctic_a0169.wav,/mnt/deepspeech2_data/voxforge_dataset/txt/cmu_us_bdl_arctic_arctic_a0169.txt
/mnt/deepspeech2_data/voxforge_dataset/wav/cmu_us_bdl_arctic_arctic_a0409.wav,/mnt/deepspeech2_data/voxforge_dataset/txt/cmu_us_bdl_arctic_arctic_a0409.txt
/mnt/deepspeech2_data/voxforge_dataset/wav/cmu_us_bdl_arctic_arctic_b0137.wav,/mnt/deepspeech2_data/voxforge_dataset/txt/cmu_us_bdl_arctic_arctic_b0137.txt
/mnt/deepspeech2_data/voxforge_dataset/wav/cmu_us_bdl_arctic_arctic_b0383.wav,/mnt/deepspeech2_data/voxforge_dataset/txt/cmu_us_bdl_arctic_arctic_b0383.txt
/mnt/deepspeech2_data/voxforge_dataset/wav/cmu_us_bdl_arctic_arctic_b0233.wav,/mnt/deepspeech2_data/voxforge_dataset/txt/cmu_us_bdl_arctic_arctic_b0233.txt
/mnt/deepspeech2_data/voxforge_dataset/wav/cmu_us_bdl_arctic_arctic_a0165.wav,/mnt/deepspeech2_data/voxforge_dataset/txt/cmu_us_bdl_arctic_arctic_a0165.txt
/mnt/deepspeech2_data/voxforge_dataset/wav/cmu_us_bdl_arctic_arctic_a0412.wav,/mnt/deepspeech2_data/voxforge_dataset/txt/cmu_us_bdl_arctic_arctic_a0412.txt
/mnt/deepspeech2_data/voxforge_dataset/wav/cmu_us_bdl_arctic_arctic_a0514.wav,/mnt/deepspeech2_data/voxforge_dataset/txt/cmu_us_bdl_arctic_arctic_a0514.txt
/mnt/deepspeech2_data/voxforge_dataset/wav/cmu_us_bdl_arctic_arctic_a0093.wav,/mnt/deepspeech2_data/voxforge_dataset/txt/cmu_us_bdl_arctic_arctic_a0093.txt
/mnt/deepspeech2_data/voxforge_dataset/wav/cmu_us_bdl_arctic_arctic_b0080.wav,/mnt/deepspeech2_data/voxforge_dataset/txt/cmu_us_bdl_arctic_arctic_b0080.txt
/mnt/deepspeech2_data/voxforge_dataset/wav/cmu_us_bdl_arctic_arctic_a0143.wav,/mnt/deepspeech2_data/voxforge_dataset/txt/cmu_us_bdl_arctic_arctic_a0143.txt
/mnt/deepspeech2_data/voxforge_dataset/wav/cmu_us_bdl_arctic_arctic_b0526.wav,/mnt/deepspeech2_data/voxforge_dataset/txt/cmu_us_bdl_arctic_arctic_b0526.txt
/mnt/deepspeech2_data/voxforge_dataset/wav/cmu_us_bdl_arctic_arctic_a0488.wav,/mnt/deepspeech2_data/voxforge_dataset/txt/cmu_us_bdl_arctic_arctic_a0488.txt
/mnt/deepspeech2_data/voxforge_dataset/wav/cmu_us_bdl_arctic_arctic_b0377.wav,/mnt/deepspeech2_data/voxforge_dataset/txt/cmu_us_bdl_arctic_arctic_b0377.txt
/mnt/deepspeech2_data/voxforge_dataset/wav/cmu_us_bdl_arctic_arctic_b0266.wav,/mnt/deepspeech2_data/voxforge_dataset/txt/cmu_us_bdl_arctic_arctic_b0266.txt
/mnt/deepspeech2_data/voxforge_dataset/wav/cmu_us_bdl_arctic_arctic_b0087.wav,/mnt/deepspeech2_data/voxforge_dataset/txt/cmu_us_bdl_arctic_arctic_b0087.txt
/mnt/deepspeech2_data/voxforge_dataset/wav/cmu_us_bdl_arctic_arctic_a0343.wav,/mnt/deepspeech2_data/voxforge_dataset/txt/cmu_us_bdl_arctic_arctic_a0343.txt
/mnt/deepspeech2_data/voxforge_dataset/wav/cmu_us_bdl_arctic_arctic_b0466.wav,/mnt/deepspeech2_data/voxforge_dataset/txt/cmu_us_bdl_arctic_arctic_b0466.txt
/mnt/deepspeech2_data/voxforge_dataset/wav/cmu_us_bdl_arctic_arctic_a0322.wav,/mnt/deepspeech2_data/voxforge_dataset/txt/cmu_us_bdl_arctic_arctic_a0322.txt
/mnt/deepspeech2_data/voxforge_dataset/wav/cmu_us_bdl_arctic_arctic_b0392.wav,/mnt/deepspeech2_data/voxforge_dataset/txt/cmu_us_bdl_arctic_arctic_b0392.txt
/mnt/deepspeech2_data/voxforge_dataset/wav/cmu_us_bdl_arctic_arctic_a0004.wav,/mnt/deepspeech2_data/voxforge_dataset/txt/cmu_us_bdl_arctic_arctic_a0004.txt
/mnt/deepspeech2_data/voxforge_dataset/wav/cmu_us_bdl_arctic_arctic_b0068.wav,/mnt/deepspeech2_data/voxforge_dataset/txt/cmu_us_bdl_arctic_arctic_b0068.txt
/mnt/deepspeech2_data/voxforge_dataset/wav/cmu_us_bdl_arctic_arctic_b0299.wav,/mnt/deepspeech2_data/voxforge_dataset/txt/cmu_us_bdl_arctic_arctic_b0299.txt
/mnt/deepspeech2_data/voxforge_dataset/wav/cmu_us_bdl_arctic_arctic_a0101.wav,/mnt/deepspeech2_data/voxforge_dataset/txt/cmu_us_bdl_arctic_arctic_a0101.txt
/mnt/deepspeech2_data/voxforge_dataset/wav/cmu_us_bdl_arctic_arctic_b0326.wav,/mnt/deepspeech2_data/voxforge_dataset/txt/cmu_us_bdl_arctic_arctic_b0326.txt
/mnt/deepspeech2_data/voxforge_dataset/wav/cmu_us_bdl_arctic_arctic_b0226.wav,/mnt/deepspeech2_data/voxforge_dataset/txt/cmu_us_bdl_arctic_arctic_b0226.txt
/mnt/deepspeech2_data/voxforge_dataset/wav/cmu_us_bdl_arctic_arctic_a0552.wav,/mnt/deepspeech2_data/voxforge_dataset/txt/cmu_us_bdl_arctic_arctic_a0552.txt
/mnt/deepspeech2_data/voxforge_dataset/wav/cmu_us_bdl_arctic_arctic_a0224.wav,/mnt/deepspeech2_data/voxforge_dataset/txt/cmu_us_bdl_arctic_arctic_a0224.txt
/mnt/deepspeech2_data/voxforge_dataset/wav/cmu_us_bdl_arctic_arctic_b0426.wav,/mnt/deepspeech2_data/voxforge_dataset/txt/cmu_us_bdl_arctic_arctic_b0426.txt
/mnt/deepspeech2_data/voxforge_dataset/wav/cmu_us_bdl_arctic_arctic_a0330.wav,/mnt/deepspeech2_data/voxforge_dataset/txt/cmu_us_bdl_arctic_arctic_a0330.txt
/mnt/deepspeech2_data/voxforge_dataset/wav/cmu_us_bdl_arctic_arctic_a0244.wav,/mnt/deepspeech2_data/voxforge_dataset/txt/cmu_us_bdl_arctic_arctic_a0244.txt
/mnt/deepspeech2_data/voxforge_dataset/wav/cmu_us_bdl_arctic_arctic_a0565.wav,/mnt/deepspeech2_data/voxforge_dataset/txt/cmu_us_bdl_arctic_arctic_a0565.txt
/mnt/deepspeech2_data/voxforge_dataset/wav/cmu_us_bdl_arctic_arctic_a0056.wav,/mnt/deepspeech2_data/voxforge_dataset/txt/cmu_us_bdl_arctic_arctic_a0056.txt
/mnt/deepspeech2_data/voxforge_dataset/wav/cmu_us_bdl_arctic_arctic_a0200.wav,/mnt/deepspeech2_data/voxforge_dataset/txt/cmu_us_bdl_arctic_arctic_a0200.txt
/mnt/deepspeech2_data/voxforge_dataset/wav/cmu_us_bdl_arctic_arctic_a0553.wav,/mnt/deepspeech2_data/voxforge_dataset/txt/cmu_us_bdl_arctic_arctic_a0553.txt
/mnt/deepspeech2_data/voxforge_dataset/wav/cmu_us_bdl_arctic_arctic_b0428.wav,/mnt/deepspeech2_data/voxforge_dataset/txt/cmu_us_bdl_arctic_arctic_b0428.txt
/mnt/deepspeech2_data/voxforge_dataset/wav/cmu_us_bdl_arctic_arctic_b0298.wav,/mnt/deepspeech2_data/voxforge_dataset/txt/cmu_us_bdl_arctic_arctic_b0298.txt
/mnt/deepspeech2_data/voxforge_dataset/wav/cmu_us_bdl_arctic_arctic_b0017.wav,/mnt/deepspeech2_data/voxforge_dataset/txt/cmu_us_bdl_arctic_arctic_b0017.txt
/mnt/deepspeech2_data/voxforge_dataset/wav/cmu_us_bdl_arctic_arctic_a0456.wav,/mnt/deepspeech2_data/voxforge_dataset/txt/cmu_us_bdl_arctic_arctic_a0456.txt
/mnt/deepspeech2_data/voxforge_dataset/wav/cmu_us_bdl_arctic_arctic_a0233.wav,/mnt/deepspeech2_data/voxforge_dataset/txt/cmu_us_bdl_arctic_arctic_a0233.txt
/mnt/deepspeech2_data/voxforge_dataset/wav/cmu_us_bdl_arctic_arctic_a0258.wav,/mnt/deepspeech2_data/voxforge_dataset/txt/cmu_us_bdl_arctic_arctic_a0258.txt
/mnt/deepspeech2_data/voxforge_dataset/wav/cmu_us_bdl_arctic_arctic_b0502.wav,/mnt/deepspeech2_data/voxforge_dataset/txt/cmu_us_bdl_arctic_arctic_b0502.txt
/mnt/deepspeech2_data/voxforge_dataset/wav/cmu_us_bdl_arctic_arctic_b0296.wav,/mnt/deepspeech2_data/voxforge_dataset/txt/cmu_us_bdl_arctic_arctic_b0296.txt
/mnt/deepspeech2_data/voxforge_dataset/wav/cmu_us_bdl_arctic_arctic_b0005.wav,/mnt/deepspeech2_data/voxforge_dataset/txt/cmu_us_bdl_arctic_arctic_b0005.txt
/mnt/deepspeech2_data/voxforge_dataset/wav/cmu_us_bdl_arctic_arctic_a0339.wav,/mnt/deepspeech2_data/voxforge_dataset/txt/cmu_us_bdl_arctic_arctic_a0339.txt
/mnt/deepspeech2_data/voxforge_dataset/wav/cmu_us_bdl_arctic_arctic_a0451.wav,/mnt/deepspeech2_data/voxforge_dataset/txt/cmu_us_bdl_arctic_arctic_a0451.txt
/mnt/deepspeech2_data/voxforge_dataset/wav/cmu_us_bdl_arctic_arctic_b0446.wav,/mnt/deepspeech2_data/voxforge_dataset/txt/cmu_us_bdl_arctic_arctic_b0446.txt
/mnt/deepspeech2_data/voxforge_dataset/wav/cmu_us_bdl_arctic_arctic_b0495.wav,/mnt/deepspeech2_data/voxforge_dataset/txt/cmu_us_bdl_arctic_arctic_b0495.txt
/mnt/deepspeech2_data/voxforge_dataset/wav/cmu_us_bdl_arctic_arctic_a0142.wav,/mnt/deepspeech2_data/voxforge_dataset/txt/cmu_us_bdl_arctic_arctic_a0142.txt
/mnt/deepspeech2_data/voxforge_dataset/wav/cmu_us_bdl_arctic_arctic_b0122.wav,/mnt/deepspeech2_data/voxforge_dataset/txt/cmu_us_bdl_arctic_arctic_b0122.txt
/mnt/deepspeech2_data/voxforge_dataset/wav/cmu_us_bdl_arctic_arctic_a0307.wav,/mnt/deepspeech2_data/voxforge_dataset/txt/cmu_us_bdl_arctic_arctic_a0307.txt
/mnt/deepspeech2_data/voxforge_dataset/wav/cmu_us_bdl_arctic_arctic_b0303.wav,/mnt/deepspeech2_data/voxforge_dataset/txt/cmu_us_bdl_arctic_arctic_b0303.txt
/mnt/deepspeech2_data/voxforge_dataset/wav/cmu_us_bdl_arctic_arctic_a0335.wav,/mnt/deepspeech2_data/voxforge_dataset/txt/cmu_us_bdl_arctic_arctic_a0335.txt
/mnt/deepspeech2_data/voxforge_dataset/wav/cmu_us_bdl_arctic_arctic_b0290.wav,/mnt/deepspeech2_data/voxforge_dataset/txt/cmu_us_bdl_arctic_arctic_b0290.txt
/mnt/deepspeech2_data/voxforge_dataset/wav/cmu_us_bdl_arctic_arctic_b0271.wav,/mnt/deepspeech2_data/voxforge_dataset/txt/cmu_us_bdl_arctic_arctic_b0271.txt
/mnt/deepspeech2_data/voxforge_dataset/wav/cmu_us_bdl_arctic_arctic_a0120.wav,/mnt/deepspeech2_data/voxforge_dataset/txt/cmu_us_bdl_arctic_arctic_a0120.txt
/mnt/deepspeech2_data/voxforge_dataset/wav/cmu_us_bdl_arctic_arctic_b0440.wav,/mnt/deepspeech2_data/voxforge_dataset/txt/cmu_us_bdl_arctic_arctic_b0440.txt
/mnt/deepspeech2_data/voxforge_dataset/wav/cmu_us_bdl_arctic_arctic_b0484.wav,/mnt/deepspeech2_data/voxforge_dataset/txt/cmu_us_bdl_arctic_arctic_b0484.txt
/mnt/deepspeech2_data/voxforge_dataset/wav/cmu_us_bdl_arctic_arctic_b0366.wav,/mnt/deepspeech2_data/voxforge_dataset/txt/cmu_us_bdl_arctic_arctic_b0366.txt
/mnt/deepspeech2_data/voxforge_dataset/wav/cmu_us_bdl_arctic_arctic_b0192.wav,/mnt/deepspeech2_data/voxforge_dataset/txt/cmu_us_bdl_arctic_arctic_b0192.txt
/mnt/deepspeech2_data/voxforge_dataset/wav/cmu_us_bdl_arctic_arctic_b0508.wav,/mnt/deepspeech2_data/voxforge_dataset/txt/cmu_us_bdl_arctic_arctic_b0508.txt
/mnt/deepspeech2_data/voxforge_dataset/wav/cmu_us_bdl_arctic_arctic_a0202.wav,/mnt/deepspeech2_data/voxforge_dataset/txt/cmu_us_bdl_arctic_arctic_a0202.txt
/mnt/deepspeech2_data/voxforge_dataset/wav/cmu_us_bdl_arctic_arctic_a0566.wav,/mnt/deepspeech2_data/voxforge_dataset/txt/cmu_us_bdl_arctic_arctic_a0566.txt
/mnt/deepspeech2_data/voxforge_dataset/wav/cmu_us_bdl_arctic_arctic_a0116.wav,/mnt/deepspeech2_data/voxforge_dataset/txt/cmu_us_bdl_arctic_arctic_a0116.txt
/mnt/deepspeech2_data/voxforge_dataset/wav/cmu_us_bdl_arctic_arctic_a0104.wav,/mnt/deepspeech2_data/voxforge_dataset/txt/cmu_us_bdl_arctic_arctic_a0104.txt
/mnt/deepspeech2_data/voxforge_dataset/wav/cmu_us_bdl_arctic_arctic_a0449.wav,/mnt/deepspeech2_data/voxforge_dataset/txt/cmu_us_bdl_arctic_arctic_a0449.txt
/mnt/deepspeech2_data/voxforge_dataset/wav/cmu_us_bdl_arctic_arctic_a0582.wav,/mnt/deepspeech2_data/voxforge_dataset/txt/cmu_us_bdl_arctic_arctic_a0582.txt
/mnt/deepspeech2_data/voxforge_dataset/wav/cmu_us_bdl_arctic_arctic_b0355.wav,/mnt/deepspeech2_data/voxforge_dataset/txt/cmu_us_bdl_arctic_arctic_b0355.txt
/mnt/deepspeech2_data/voxforge_dataset/wav/cmu_us_bdl_arctic_arctic_a0096.wav,/mnt/deepspeech2_data/voxforge_dataset/txt/cmu_us_bdl_arctic_arctic_a0096.txt
/mnt/deepspeech2_data/voxforge_dataset/wav/cmu_us_bdl_arctic_arctic_a0558.wav,/mnt/deepspeech2_data/voxforge_dataset/txt/cmu_us_bdl_arctic_arctic_a0558.txt
/mnt/deepspeech2_data/voxforge_dataset/wav/cmu_us_bdl_arctic_arctic_b0516.wav,/mnt/deepspeech2_data/voxforge_dataset/txt/cmu_us_bdl_arctic_arctic_b0516.txt
/mnt/deepspeech2_data/voxforge_dataset/wav/cmu_us_bdl_arctic_arctic_a0186.wav,/mnt/deepspeech2_data/voxforge_dataset/txt/cmu_us_bdl_arctic_arctic_a0186.txt
/mnt/deepspeech2_data/voxforge_dataset/wav/cmu_us_bdl_arctic_arctic_a0019.wav,/mnt/deepspeech2_data/voxforge_dataset/txt/cmu_us_bdl_arctic_arctic_a0019.txt
/mnt/deepspeech2_data/voxforge_dataset/wav/cmu_us_bdl_arctic_arctic_a0315.wav,/mnt/deepspeech2_data/voxforge_dataset/txt/cmu_us_bdl_arctic_arctic_a0315.txt
/mnt/deepspeech2_data/voxforge_dataset/wav/cmu_us_bdl_arctic_arctic_a0016.wav,/mnt/deepspeech2_data/voxforge_dataset/txt/cmu_us_bdl_arctic_arctic_a0016.txt
/mnt/deepspeech2_data/voxforge_dataset/wav/cmu_us_bdl_arctic_arctic_a0092.wav,/mnt/deepspeech2_data/voxforge_dataset/txt/cmu_us_bdl_arctic_arctic_a0092.txt
/mnt/deepspeech2_data/voxforge_dataset/wav/cmu_us_bdl_arctic_arctic_a0084.wav,/mnt/deepspeech2_data/voxforge_dataset/txt/cmu_us_bdl_arctic_arctic_a0084.txt
/mnt/deepspeech2_data/voxforge_dataset/wav/cmu_us_bdl_arctic_arctic_b0190.wav,/mnt/deepspeech2_data/voxforge_dataset/txt/cmu_us_bdl_arctic_arctic_b0190.txt
/mnt/deepspeech2_data/voxforge_dataset/wav/cmu_us_bdl_arctic_arctic_a0524.wav,/mnt/deepspeech2_data/voxforge_dataset/txt/cmu_us_bdl_arctic_arctic_a0524.txt
/mnt/deepspeech2_data/voxforge_dataset/wav/cmu_us_bdl_arctic_arctic_a0358.wav,/mnt/deepspeech2_data/voxforge_dataset/txt/cmu_us_bdl_arctic_arctic_a0358.txt
/mnt/deepspeech2_data/voxforge_dataset/wav/cmu_us_bdl_arctic_arctic_a0570.wav,/mnt/deepspeech2_data/voxforge_dataset/txt/cmu_us_bdl_arctic_arctic_a0570.txt
/mnt/deepspeech2_data/voxforge_dataset/wav/cmu_us_bdl_arctic_arctic_a0139.wav,/mnt/deepspeech2_data/voxforge_dataset/txt/cmu_us_bdl_arctic_arctic_a0139.txt
/mnt/deepspeech2_data/voxforge_dataset/wav/cmu_us_bdl_arctic_arctic_a0023.wav,/mnt/deepspeech2_data/voxforge_dataset/txt/cmu_us_bdl_arctic_arctic_a0023.txt
/mnt/deepspeech2_data/voxforge_dataset/wav/cmu_us_slt_arctic_arctic_a0005.wav,/mnt/deepspeech2_data/voxforge_dataset/txt/cmu_us_slt_arctic_arctic_a0005.txt
/mnt/deepspeech2_data/voxforge_dataset/wav/cmu_us_slt_arctic_arctic_a0379.wav,/mnt/deepspeech2_data/voxforge_dataset/txt/cmu_us_slt_arctic_arctic_a0379.txt
/mnt/deepspeech2_data/voxforge_dataset/wav/cmu_us_slt_arctic_arctic_b0260.wav,/mnt/deepspeech2_data/voxforge_dataset/txt/cmu_us_slt_arctic_arctic_b0260.txt
/mnt/deepspeech2_data/voxforge_dataset/wav/cmu_us_slt_arctic_arctic_a0102.wav,/mnt/deepspeech2_data/voxforge_dataset/txt/cmu_us_slt_arctic_arctic_a0102.txt
/mnt/deepspeech2_data/voxforge_dataset/wav/cmu_us_slt_arctic_arctic_a0036.wav,/mnt/deepspeech2_data/voxforge_dataset/txt/cmu_us_slt_arctic_arctic_a0036.txt
/mnt/deepspeech2_data/voxforge_dataset/wav/cmu_us_slt_arctic_arctic_a0579.wav,/mnt/deepspeech2_data/voxforge_dataset/txt/cmu_us_slt_arctic_arctic_a0579.txt
/mnt/deepspeech2_data/voxforge_dataset/wav/cmu_us_slt_arctic_arctic_b0232.wav,/mnt/deepspeech2_data/voxforge_dataset/txt/cmu_us_slt_arctic_arctic_b0232.txt
/mnt/deepspeech2_data/voxforge_dataset/wav/cmu_us_slt_arctic_arctic_a0129.wav,/mnt/deepspeech2_data/voxforge_dataset/txt/cmu_us_slt_arctic_arctic_a0129.txt
/mnt/deepspeech2_data/voxforge_dataset/wav/cmu_us_slt_arctic_arctic_b0314.wav,/mnt/deepspeech2_data/voxforge_dataset/txt/cmu_us_slt_arctic_arctic_b0314.txt
/mnt/deepspeech2_data/voxforge_dataset/wav/cmu_us_slt_arctic_arctic_a0243.wav,/mnt/deepspeech2_data/voxforge_dataset/txt/cmu_us_slt_arctic_arctic_a0243.txt
/mnt/deepspeech2_data/voxforge_dataset/wav/cmu_us_slt_arctic_arctic_b0246.wav,/mnt/deepspeech2_data/voxforge_dataset/txt/cmu_us_slt_arctic_arctic_b0246.txt
/mnt/deepspeech2_data/voxforge_dataset/wav/cmu_us_slt_arctic_arctic_a0504.wav,/mnt/deepspeech2_data/voxforge_dataset/txt/cmu_us_slt_arctic_arctic_a0504.txt
/mnt/deepspeech2_data/voxforge_dataset/wav/cmu_us_slt_arctic_arctic_a0453.wav,/mnt/deepspeech2_data/voxforge_dataset/txt/cmu_us_slt_arctic_arctic_a0453.txt
/mnt/deepspeech2_data/voxforge_dataset/wav/cmu_us_slt_arctic_arctic_b0062.wav,/mnt/deepspeech2_data/voxforge_dataset/txt/cmu_us_slt_arctic_arctic_b0062.txt
/mnt/deepspeech2_data/voxforge_dataset/wav/cmu_us_slt_arctic_arctic_a0296.wav,/mnt/deepspeech2_data/voxforge_dataset/txt/cmu_us_slt_arctic_arctic_a0296.txt
/mnt/deepspeech2_data/voxforge_dataset/wav/cmu_us_slt_arctic_arctic_b0470.wav,/mnt/deepspeech2_data/voxforge_dataset/txt/cmu_us_slt_arctic_arctic_b0470.txt
/mnt/deepspeech2_data/voxforge_dataset/wav/cmu_us_slt_arctic_arctic_a0390.wav,/mnt/deepspeech2_data/voxforge_dataset/txt/cmu_us_slt_arctic_arctic_a0390.txt
/mnt/deepspeech2_data/voxforge_dataset/wav/cmu_us_slt_arctic_arctic_b0352.wav,/mnt/deepspeech2_data/voxforge_dataset/txt/cmu_us_slt_arctic_arctic_b0352.txt
/mnt/deepspeech2_data/voxforge_dataset/wav/cmu_us_slt_arctic_arctic_a0355.wav,/mnt/deepspeech2_data/voxforge_dataset/txt/cmu_us_slt_arctic_arctic_a0355.txt
/mnt/deepspeech2_data/voxforge_dataset/wav/cmu_us_slt_arctic_arctic_b0333.wav,/mnt/deepspeech2_data/voxforge_dataset/txt/cmu_us_slt_arctic_arctic_b0333.txt
/mnt/deepspeech2_data/voxforge_dataset/wav/cmu_us_slt_arctic_arctic_b0328.wav,/mnt/deepspeech2_data/voxforge_dataset/txt/cmu_us_slt_arctic_arctic_b0328.txt
/mnt/deepspeech2_data/voxforge_dataset/wav/cmu_us_slt_arctic_arctic_b0515.wav,/mnt/deepspeech2_data/voxforge_dataset/txt/cmu_us_slt_arctic_arctic_b0515.txt
/mnt/deepspeech2_data/voxforge_dataset/wav/cmu_us_slt_arctic_arctic_b0021.wav,/mnt/deepspeech2_data/voxforge_dataset/txt/cmu_us_slt_arctic_arctic_b0021.txt
/mnt/deepspeech2_data/voxforge_dataset/wav/cmu_us_slt_arctic_arctic_b0475.wav,/mnt/deepspeech2_data/voxforge_dataset/txt/cmu_us_slt_arctic_arctic_b0475.txt
/mnt/deepspeech2_data/voxforge_dataset/wav/cmu_us_slt_arctic_arctic_a0028.wav,/mnt/deepspeech2_data/voxforge_dataset/txt/cmu_us_slt_arctic_arctic_a0028.txt
/mnt/deepspeech2_data/voxforge_dataset/wav/cmu_us_slt_arctic_arctic_b0230.wav,/mnt/deepspeech2_data/voxforge_dataset/txt/cmu_us_slt_arctic_arctic_b0230.txt
/mnt/deepspeech2_data/voxforge_dataset/wav/cmu_us_slt_arctic_arctic_a0459.wav,/mnt/deepspeech2_data/voxforge_dataset/txt/cmu_us_slt_arctic_arctic_a0459.txt
/mnt/deepspeech2_data/voxforge_dataset/wav/cmu_us_slt_arctic_arctic_a0165.wav,/mnt/deepspeech2_data/voxforge_dataset/txt/cmu_us_slt_arctic_arctic_a0165.txt
/mnt/deepspeech2_data/voxforge_dataset/wav/cmu_us_slt_arctic_arctic_b0121.wav,/mnt/deepspeech2_data/voxforge_dataset/txt/cmu_us_slt_arctic_arctic_b0121.txt
/mnt/deepspeech2_data/voxforge_dataset/wav/cmu_us_slt_arctic_arctic_a0259.wav,/mnt/deepspeech2_data/voxforge_dataset/txt/cmu_us_slt_arctic_arctic_a0259.txt
/mnt/deepspeech2_data/voxforge_dataset/wav/cmu_us_slt_arctic_arctic_a0077.wav,/mnt/deepspeech2_data/voxforge_dataset/txt/cmu_us_slt_arctic_arctic_a0077.txt
/mnt/deepspeech2_data/voxforge_dataset/wav/cmu_us_slt_arctic_arctic_a0222.wav,/mnt/deepspeech2_data/voxforge_dataset/txt/cmu_us_slt_arctic_arctic_a0222.txt
/mnt/deepspeech2_data/voxforge_dataset/wav/cmu_us_slt_arctic_arctic_a0201.wav,/mnt/deepspeech2_data/voxforge_dataset/txt/cmu_us_slt_arctic_arctic_a0201.txt
/mnt/deepspeech2_data/voxforge_dataset/wav/cmu_us_slt_arctic_arctic_b0070.wav,/mnt/deepspeech2_data/voxforge_dataset/txt/cmu_us_slt_arctic_arctic_b0070.txt
/mnt/deepspeech2_data/voxforge_dataset/wav/cmu_us_slt_arctic_arctic_a0334.wav,/mnt/deepspeech2_data/voxforge_dataset/txt/cmu_us_slt_arctic_arctic_a0334.txt
/mnt/deepspeech2_data/voxforge_dataset/wav/cmu_us_slt_arctic_arctic_a0397.wav,/mnt/deepspeech2_data/voxforge_dataset/txt/cmu_us_slt_arctic_arctic_a0397.txt
/mnt/deepspeech2_data/voxforge_dataset/wav/cmu_us_slt_arctic_arctic_a0127.wav,/mnt/deepspeech2_data/voxforge_dataset/txt/cmu_us_slt_arctic_arctic_a0127.txt
/mnt/deepspeech2_data/voxforge_dataset/wav/cmu_us_slt_arctic_arctic_b0108.wav,/mnt/deepspeech2_data/voxforge_dataset/txt/cmu_us_slt_arctic_arctic_b0108.txt
/mnt/deepspeech2_data/voxforge_dataset/wav/cmu_us_slt_arctic_arctic_b0457.wav,/mnt/deepspeech2_data/voxforge_dataset/txt/cmu_us_slt_arctic_arctic_b0457.txt
/mnt/deepspeech2_data/voxforge_dataset/wav/cmu_us_slt_arctic_arctic_a0179.wav,/mnt/deepspeech2_data/voxforge_dataset/txt/cmu_us_slt_arctic_arctic_a0179.txt
/mnt/deepspeech2_data/voxforge_dataset/wav/cmu_us_slt_arctic_arctic_b0014.wav,/mnt/deepspeech2_data/voxforge_dataset/txt/cmu_us_slt_arctic_arctic_b0014.txt
/mnt/deepspeech2_data/voxforge_dataset/wav/cmu_us_slt_arctic_arctic_b0196.wav,/mnt/deepspeech2_data/voxforge_dataset/txt/cmu_us_slt_arctic_arctic_b0196.txt
/mnt/deepspeech2_data/voxforge_dataset/wav/cmu_us_slt_arctic_arctic_b0350.wav,/mnt/deepspeech2_data/voxforge_dataset/txt/cmu_us_slt_arctic_arctic_b0350.txt
/mnt/deepspeech2_data/voxforge_dataset/wav/cmu_us_slt_arctic_arctic_b0398.wav,/mnt/deepspeech2_data/voxforge_dataset/txt/cmu_us_slt_arctic_arctic_b0398.txt
/mnt/deepspeech2_data/voxforge_dataset/wav/cmu_us_slt_arctic_arctic_b0463.wav,/mnt/deepspeech2_data/voxforge_dataset/txt/cmu_us_slt_arctic_arctic_b0463.txt
/mnt/deepspeech2_data/voxforge_dataset/wav/cmu_us_slt_arctic_arctic_b0319.wav,/mnt/deepspeech2_data/voxforge_dataset/txt/cmu_us_slt_arctic_arctic_b0319.txt
/mnt/deepspeech2_data/voxforge_dataset/wav/cmu_us_slt_arctic_arctic_a0330.wav,/mnt/deepspeech2_data/voxforge_dataset/txt/cmu_us_slt_arctic_arctic_a0330.txt
/mnt/deepspeech2_data/voxforge_dataset/wav/cmu_us_slt_arctic_arctic_a0344.wav,/mnt/deepspeech2_data/voxforge_dataset/txt/cmu_us_slt_arctic_arctic_a0344.txt
/mnt/deepspeech2_data/voxforge_dataset/wav/cmu_us_slt_arctic_arctic_b0528.wav,/mnt/deepspeech2_data/voxforge_dataset/txt/cmu_us_slt_arctic_arctic_b0528.txt
/mnt/deepspeech2_data/voxforge_dataset/wav/cmu_us_slt_arctic_arctic_a0184.wav,/mnt/deepspeech2_data/voxforge_dataset/txt/cmu_us_slt_arctic_arctic_a0184.txt
/mnt/deepspeech2_data/voxforge_dataset/wav/cmu_us_slt_arctic_arctic_b0250.wav,/mnt/deepspeech2_data/voxforge_dataset/txt/cmu_us_slt_arctic_arctic_b0250.txt
/mnt/deepspeech2_data/voxforge_dataset/wav/cmu_us_slt_arctic_arctic_b0234.wav,/mnt/deepspeech2_data/voxforge_dataset/txt/cmu_us_slt_arctic_arctic_b0234.txt
/mnt/deepspeech2_data/voxforge_dataset/wav/cmu_us_slt_arctic_arctic_a0542.wav,/mnt/deepspeech2_data/voxforge_dataset/txt/cmu_us_slt_arctic_arctic_a0542.txt
/mnt/deepspeech2_data/voxforge_dataset/wav/cmu_us_slt_arctic_arctic_b0222.wav,/mnt/deepspeech2_data/voxforge_dataset/txt/cmu_us_slt_arctic_arctic_b0222.txt
/mnt/deepspeech2_data/voxforge_dataset/wav/cmu_us_slt_arctic_arctic_b0248.wav,/mnt/deepspeech2_data/voxforge_dataset/txt/cmu_us_slt_arctic_arctic_b0248.txt
/mnt/deepspeech2_data/voxforge_dataset/wav/cmu_us_slt_arctic_arctic_a0494.wav,/mnt/deepspeech2_data/voxforge_dataset/txt/cmu_us_slt_arctic_arctic_a0494.txt
/mnt/deepspeech2_data/voxforge_dataset/wav/cmu_us_slt_arctic_arctic_a0263.wav,/mnt/deepspeech2_data/voxforge_dataset/txt/cmu_us_slt_arctic_arctic_a0263.txt
/mnt/deepspeech2_data/voxforge_dataset/wav/cmu_us_slt_arctic_arctic_b0138.wav,/mnt/deepspeech2_data/voxforge_dataset/txt/cmu_us_slt_arctic_arctic_b0138.txt
/mnt/deepspeech2_data/voxforge_dataset/wav/cmu_us_slt_arctic_arctic_b0115.wav,/mnt/deepspeech2_data/voxforge_dataset/txt/cmu_us_slt_arctic_arctic_b0115.txt
/mnt/deepspeech2_data/voxforge_dataset/wav/cmu_us_slt_arctic_arctic_a0171.wav,/mnt/deepspeech2_data/voxforge_dataset/txt/cmu_us_slt_arctic_arctic_a0171.txt
/mnt/deepspeech2_data/voxforge_dataset/wav/cmu_us_slt_arctic_arctic_a0011.wav,/mnt/deepspeech2_data/voxforge_dataset/txt/cmu_us_slt_arctic_arctic_a0011.txt
/mnt/deepspeech2_data/voxforge_dataset/wav/cmu_us_slt_arctic_arctic_b0078.wav,/mnt/deepspeech2_data/voxforge_dataset/txt/cmu_us_slt_arctic_arctic_b0078.txt
/mnt/deepspeech2_data/voxforge_dataset/wav/cmu_us_slt_arctic_arctic_a0154.wav,/mnt/deepspeech2_data/voxforge_dataset/txt/cmu_us_slt_arctic_arctic_a0154.txt
/mnt/deepspeech2_data/voxforge_dataset/wav/cmu_us_slt_arctic_arctic_b0008.wav,/mnt/deepspeech2_data/voxforge_dataset/txt/cmu_us_slt_arctic_arctic_b0008.txt
/mnt/deepspeech2_data/voxforge_dataset/wav/cmu_us_slt_arctic_arctic_b0063.wav,/mnt/deepspeech2_data/voxforge_dataset/txt/cmu_us_slt_arctic_arctic_b0063.txt
/mnt/deepspeech2_data/voxforge_dataset/wav/cmu_us_slt_arctic_arctic_a0161.wav,/mnt/deepspeech2_data/voxforge_dataset/txt/cmu_us_slt_arctic_arctic_a0161.txt
/mnt/deepspeech2_data/voxforge_dataset/wav/cmu_us_slt_arctic_arctic_b0085.wav,/mnt/deepspeech2_data/voxforge_dataset/txt/cmu_us_slt_arctic_arctic_b0085.txt
/mnt/deepspeech2_data/voxforge_dataset/wav/cmu_us_slt_arctic_arctic_b0380.wav,/mnt/deepspeech2_data/voxforge_dataset/txt/cmu_us_slt_arctic_arctic_b0380.txt
/mnt/deepspeech2_data/voxforge_dataset/wav/cmu_us_slt_arctic_arctic_a0225.wav,/mnt/deepspeech2_data/voxforge_dataset/txt/cmu_us_slt_arctic_arctic_a0225.txt
/mnt/deepspeech2_data/voxforge_dataset/wav/cmu_us_slt_arctic_arctic_b0244.wav,/mnt/deepspeech2_data/voxforge_dataset/txt/cmu_us_slt_arctic_arctic_b0244.txt
/mnt/deepspeech2_data/voxforge_dataset/wav/cmu_us_slt_arctic_arctic_b0142.wav,/mnt/deepspeech2_data/voxforge_dataset/txt/cmu_us_slt_arctic_arctic_b0142.txt
/mnt/deepspeech2_data/voxforge_dataset/wav/cmu_us_slt_arctic_arctic_b0177.wav,/mnt/deepspeech2_data/voxforge_dataset/txt/cmu_us_slt_arctic_arctic_b0177.txt
/mnt/deepspeech2_data/voxforge_dataset/wav/cmu_us_slt_arctic_arctic_b0395.wav,/mnt/deepspeech2_data/voxforge_dataset/txt/cmu_us_slt_arctic_arctic_b0395.txt
/mnt/deepspeech2_data/voxforge_dataset/wav/cmu_us_slt_arctic_arctic_b0444.wav,/mnt/deepspeech2_data/voxforge_dataset/txt/cmu_us_slt_arctic_arctic_b0444.txt
/mnt/deepspeech2_data/voxforge_dataset/wav/cmu_us_slt_arctic_arctic_b0399.wav,/mnt/deepspeech2_data/voxforge_dataset/txt/cmu_us_slt_arctic_arctic_b0399.txt
/mnt/deepspeech2_data/voxforge_dataset/wav/cmu_us_slt_arctic_arctic_a0094.wav,/mnt/deepspeech2_data/voxforge_dataset/txt/cmu_us_slt_arctic_arctic_a0094.txt
/mnt/deepspeech2_data/voxforge_dataset/wav/cmu_us_slt_arctic_arctic_a0191.wav,/mnt/deepspeech2_data/voxforge_dataset/txt/cmu_us_slt_arctic_arctic_a0191.txt
/mnt/deepspeech2_data/voxforge_dataset/wav/cmu_us_slt_arctic_arctic_b0300.wav,/mnt/deepspeech2_data/voxforge_dataset/txt/cmu_us_slt_arctic_arctic_b0300.txt
/mnt/deepspeech2_data/voxforge_dataset/wav/cmu_us_slt_arctic_arctic_b0316.wav,/mnt/deepspeech2_data/voxforge_dataset/txt/cmu_us_slt_arctic_arctic_b0316.txt
/mnt/deepspeech2_data/voxforge_dataset/wav/cmu_us_slt_arctic_arctic_b0405.wav,/mnt/deepspeech2_data/voxforge_dataset/txt/cmu_us_slt_arctic_arctic_b0405.txt
/mnt/deepspeech2_data/voxforge_dataset/wav/cmu_us_slt_arctic_arctic_a0475.wav,/mnt/deepspeech2_data/voxforge_dataset/txt/cmu_us_slt_arctic_arctic_a0475.txt
/mnt/deepspeech2_data/voxforge_dataset/wav/cmu_us_slt_arctic_arctic_a0463.wav,/mnt/deepspeech2_data/voxforge_dataset/txt/cmu_us_slt_arctic_arctic_a0463.txt
/mnt/deepspeech2_data/voxforge_dataset/wav/cmu_us_slt_arctic_arctic_b0307.wav,/mnt/deepspeech2_data/voxforge_dataset/txt/cmu_us_slt_arctic_arctic_b0307.txt
/mnt/deepspeech2_data/voxforge_dataset/wav/cmu_us_slt_arctic_arctic_b0317.wav,/mnt/deepspeech2_data/voxforge_dataset/txt/cmu_us_slt_arctic_arctic_b0317.txt
/mnt/deepspeech2_data/voxforge_dataset/wav/cmu_us_slt_arctic_arctic_a0043.wav,/mnt/deepspeech2_data/voxforge_dataset/txt/cmu_us_slt_arctic_arctic_a0043.txt
/mnt/deepspeech2_data/voxforge_dataset/wav/cmu_us_slt_arctic_arctic_b0272.wav,/mnt/deepspeech2_data/voxforge_dataset/txt/cmu_us_slt_arctic_arctic_b0272.txt
/mnt/deepspeech2_data/voxforge_dataset/wav/cmu_us_slt_arctic_arctic_b0255.wav,/mnt/deepspeech2_data/voxforge_dataset/txt/cmu_us_slt_arctic_arctic_b0255.txt
/mnt/deepspeech2_data/voxforge_dataset/wav/cmu_us_slt_arctic_arctic_a0300.wav,/mnt/deepspeech2_data/voxforge_dataset/txt/cmu_us_slt_arctic_arctic_a0300.txt
/mnt/deepspeech2_data/voxforge_dataset/wav/cmu_us_slt_arctic_arctic_a0360.wav,/mnt/deepspeech2_data/voxforge_dataset/txt/cmu_us_slt_arctic_arctic_a0360.txt
/mnt/deepspeech2_data/voxforge_dataset/wav/cmu_us_slt_arctic_arctic_b0446.wav,/mnt/deepspeech2_data/voxforge_dataset/txt/cmu_us_slt_arctic_arctic_b0446.txt
/mnt/deepspeech2_data/voxforge_dataset/wav/cmu_us_slt_arctic_arctic_a0564.wav,/mnt/deepspeech2_data/voxforge_dataset/txt/cmu_us_slt_arctic_arctic_a0564.txt
/mnt/deepspeech2_data/voxforge_dataset/wav/cmu_us_slt_arctic_arctic_b0224.wav,/mnt/deepspeech2_data/voxforge_dataset/txt/cmu_us_slt_arctic_arctic_b0224.txt
/mnt/deepspeech2_data/voxforge_dataset/wav/cmu_us_slt_arctic_arctic_a0138.wav,/mnt/deepspeech2_data/voxforge_dataset/txt/cmu_us_slt_arctic_arctic_a0138.txt
/mnt/deepspeech2_data/voxforge_dataset/wav/cmu_us_slt_arctic_arctic_a0050.wav,/mnt/deepspeech2_data/voxforge_dataset/txt/cmu_us_slt_arctic_arctic_a0050.txt
/mnt/deepspeech2_data/voxforge_dataset/wav/cmu_us_slt_arctic_arctic_a0471.wav,/mnt/deepspeech2_data/voxforge_dataset/txt/cmu_us_slt_arctic_arctic_a0471.txt
/mnt/deepspeech2_data/voxforge_dataset/wav/cmu_us_slt_arctic_arctic_a0097.wav,/mnt/deepspeech2_data/voxforge_dataset/txt/cmu_us_slt_arctic_arctic_a0097.txt
/mnt/deepspeech2_data/voxforge_dataset/wav/cmu_us_slt_arctic_arctic_a0291.wav,/mnt/deepspeech2_data/voxforge_dataset/txt/cmu_us_slt_arctic_arctic_a0291.txt
/mnt/deepspeech2_data/voxforge_dataset/wav/cmu_us_slt_arctic_arctic_b0366.wav,/mnt/deepspeech2_data/voxforge_dataset/txt/cmu_us_slt_arctic_arctic_b0366.txt
/mnt/deepspeech2_data/voxforge_dataset/wav/cmu_us_slt_arctic_arctic_a0566.wav,/mnt/deepspeech2_data/voxforge_dataset/txt/cmu_us_slt_arctic_arctic_a0566.txt
/mnt/deepspeech2_data/voxforge_dataset/wav/cmu_us_slt_arctic_arctic_b0167.wav,/mnt/deepspeech2_data/voxforge_dataset/txt/cmu_us_slt_arctic_arctic_b0167.txt
/mnt/deepspeech2_data/voxforge_dataset/wav/cmu_us_slt_arctic_arctic_b0192.wav,/mnt/deepspeech2_data/voxforge_dataset/txt/cmu_us_slt_arctic_arctic_b0192.txt
/mnt/deepspeech2_data/voxforge_dataset/wav/cmu_us_slt_arctic_arctic_b0254.wav,/mnt/deepspeech2_data/voxforge_dataset/txt/cmu_us_slt_arctic_arctic_b0254.txt
/mnt/deepspeech2_data/voxforge_dataset/wav/cmu_us_slt_arctic_arctic_b0098.wav,/mnt/deepspeech2_data/voxforge_dataset/txt/cmu_us_slt_arctic_arctic_b0098.txt
/mnt/deepspeech2_data/voxforge_dataset/wav/cmu_us_slt_arctic_arctic_b0122.wav,/mnt/deepspeech2_data/voxforge_dataset/txt/cmu_us_slt_arctic_arctic_b0122.txt
/mnt/deepspeech2_data/voxforge_dataset/wav/cmu_us_slt_arctic_arctic_a0581.wav,/mnt/deepspeech2_data/voxforge_dataset/txt/cmu_us_slt_arctic_arctic_a0581.txt
/mnt/deepspeech2_data/voxforge_dataset/wav/cmu_us_slt_arctic_arctic_a0051.wav,/mnt/deepspeech2_data/voxforge_dataset/txt/cmu_us_slt_arctic_arctic_a0051.txt
/mnt/deepspeech2_data/voxforge_dataset/wav/cmu_us_slt_arctic_arctic_b0379.wav,/mnt/deepspeech2_data/voxforge_dataset/txt/cmu_us_slt_arctic_arctic_b0379.txt
/mnt/deepspeech2_data/voxforge_dataset/wav/cmu_us_slt_arctic_arctic_b0292.wav,/mnt/deepspeech2_data/voxforge_dataset/txt/cmu_us_slt_arctic_arctic_b0292.txt
/mnt/deepspeech2_data/voxforge_dataset/wav/cmu_us_slt_arctic_arctic_b0402.wav,/mnt/deepspeech2_data/voxforge_dataset/txt/cmu_us_slt_arctic_arctic_b0402.txt
/mnt/deepspeech2_data/voxforge_dataset/wav/cmu_us_slt_arctic_arctic_b0482.wav,/mnt/deepspeech2_data/voxforge_dataset/txt/cmu_us_slt_arctic_arctic_b0482.txt
/mnt/deepspeech2_data/voxforge_dataset/wav/cmu_us_slt_arctic_arctic_b0174.wav,/mnt/deepspeech2_data/voxforge_dataset/txt/cmu_us_slt_arctic_arctic_b0174.txt
/mnt/deepspeech2_data/voxforge_dataset/wav/cmu_us_slt_arctic_arctic_b0520.wav,/mnt/deepspeech2_data/voxforge_dataset/txt/cmu_us_slt_arctic_arctic_b0520.txt
/mnt/deepspeech2_data/voxforge_dataset/wav/cmu_us_slt_arctic_arctic_a0472.wav,/mnt/deepspeech2_data/voxforge_dataset/txt/cmu_us_slt_arctic_arctic_a0472.txt
/mnt/deepspeech2_data/voxforge_dataset/wav/cmu_us_clb_arctic_arctic_a0287.wav,/mnt/deepspeech2_data/voxforge_dataset/txt/cmu_us_clb_arctic_arctic_a0287.txt
/mnt/deepspeech2_data/voxforge_dataset/wav/cmu_us_clb_arctic_arctic_a0030.wav,/mnt/deepspeech2_data/voxforge_dataset/txt/cmu_us_clb_arctic_arctic_a0030.txt
/mnt/deepspeech2_data/voxforge_dataset/wav/cmu_us_clb_arctic_arctic_a0018.wav,/mnt/deepspeech2_data/voxforge_dataset/txt/cmu_us_clb_arctic_arctic_a0018.txt
/mnt/deepspeech2_data/voxforge_dataset/wav/cmu_us_clb_arctic_arctic_b0211.wav,/mnt/deepspeech2_data/voxforge_dataset/txt/cmu_us_clb_arctic_arctic_b0211.txt
/mnt/deepspeech2_data/voxforge_dataset/wav/cmu_us_clb_arctic_arctic_b0327.wav,/mnt/deepspeech2_data/voxforge_dataset/txt/cmu_us_clb_arctic_arctic_b0327.txt
/mnt/deepspeech2_data/voxforge_dataset/wav/cmu_us_clb_arctic_arctic_b0449.wav,/mnt/deepspeech2_data/voxforge_dataset/txt/cmu_us_clb_arctic_arctic_b0449.txt
/mnt/deepspeech2_data/voxforge_dataset/wav/cmu_us_clb_arctic_arctic_b0464.wav,/mnt/deepspeech2_data/voxforge_dataset/txt/cmu_us_clb_arctic_arctic_b0464.txt
/mnt/deepspeech2_data/voxforge_dataset/wav/cmu_us_clb_arctic_arctic_a0036.wav,/mnt/deepspeech2_data/voxforge_dataset/txt/cmu_us_clb_arctic_arctic_a0036.txt
/mnt/deepspeech2_data/voxforge_dataset/wav/cmu_us_clb_arctic_arctic_b0178.wav,/mnt/deepspeech2_data/voxforge_dataset/txt/cmu_us_clb_arctic_arctic_b0178.txt
/mnt/deepspeech2_data/voxforge_dataset/wav/cmu_us_clb_arctic_arctic_b0352.wav,/mnt/deepspeech2_data/voxforge_dataset/txt/cmu_us_clb_arctic_arctic_b0352.txt
/mnt/deepspeech2_data/voxforge_dataset/wav/cmu_us_clb_arctic_arctic_a0504.wav,/mnt/deepspeech2_data/voxforge_dataset/txt/cmu_us_clb_arctic_arctic_a0504.txt
/mnt/deepspeech2_data/voxforge_dataset/wav/cmu_us_clb_arctic_arctic_b0119.wav,/mnt/deepspeech2_data/voxforge_dataset/txt/cmu_us_clb_arctic_arctic_b0119.txt
/mnt/deepspeech2_data/voxforge_dataset/wav/cmu_us_clb_arctic_arctic_a0498.wav,/mnt/deepspeech2_data/voxforge_dataset/txt/cmu_us_clb_arctic_arctic_a0498.txt
/mnt/deepspeech2_data/voxforge_dataset/wav/cmu_us_clb_arctic_arctic_b0173.wav,/mnt/deepspeech2_data/voxforge_dataset/txt/cmu_us_clb_arctic_arctic_b0173.txt
/mnt/deepspeech2_data/voxforge_dataset/wav/cmu_us_clb_arctic_arctic_b0517.wav,/mnt/deepspeech2_data/voxforge_dataset/txt/cmu_us_clb_arctic_arctic_b0517.txt
/mnt/deepspeech2_data/voxforge_dataset/wav/cmu_us_clb_arctic_arctic_b0079.wav,/mnt/deepspeech2_data/voxforge_dataset/txt/cmu_us_clb_arctic_arctic_b0079.txt
/mnt/deepspeech2_data/voxforge_dataset/wav/cmu_us_clb_arctic_arctic_a0296.wav,/mnt/deepspeech2_data/voxforge_dataset/txt/cmu_us_clb_arctic_arctic_a0296.txt
/mnt/deepspeech2_data/voxforge_dataset/wav/cmu_us_clb_arctic_arctic_b0227.wav,/mnt/deepspeech2_data/voxforge_dataset/txt/cmu_us_clb_arctic_arctic_b0227.txt
/mnt/deepspeech2_data/voxforge_dataset/wav/cmu_us_clb_arctic_arctic_a0119.wav,/mnt/deepspeech2_data/voxforge_dataset/txt/cmu_us_clb_arctic_arctic_a0119.txt
/mnt/deepspeech2_data/voxforge_dataset/wav/cmu_us_clb_arctic_arctic_a0248.wav,/mnt/deepspeech2_data/voxforge_dataset/txt/cmu_us_clb_arctic_arctic_a0248.txt
/mnt/deepspeech2_data/voxforge_dataset/wav/cmu_us_clb_arctic_arctic_b0071.wav,/mnt/deepspeech2_data/voxforge_dataset/txt/cmu_us_clb_arctic_arctic_b0071.txt
/mnt/deepspeech2_data/voxforge_dataset/wav/cmu_us_clb_arctic_arctic_a0354.wav,/mnt/deepspeech2_data/voxforge_dataset/txt/cmu_us_clb_arctic_arctic_a0354.txt
/mnt/deepspeech2_data/voxforge_dataset/wav/cmu_us_clb_arctic_arctic_a0304.wav,/mnt/deepspeech2_data/voxforge_dataset/txt/cmu_us_clb_arctic_arctic_a0304.txt
/mnt/deepspeech2_data/voxforge_dataset/wav/cmu_us_clb_arctic_arctic_b0198.wav,/mnt/deepspeech2_data/voxforge_dataset/txt/cmu_us_clb_arctic_arctic_b0198.txt
/mnt/deepspeech2_data/voxforge_dataset/wav/cmu_us_clb_arctic_arctic_a0290.wav,/mnt/deepspeech2_data/voxforge_dataset/txt/cmu_us_clb_arctic_arctic_a0290.txt
/mnt/deepspeech2_data/voxforge_dataset/wav/cmu_us_clb_arctic_arctic_b0422.wav,/mnt/deepspeech2_data/voxforge_dataset/txt/cmu_us_clb_arctic_arctic_b0422.txt
/mnt/deepspeech2_data/voxforge_dataset/wav/cmu_us_clb_arctic_arctic_a0470.wav,/mnt/deepspeech2_data/voxforge_dataset/txt/cmu_us_clb_arctic_arctic_a0470.txt
/mnt/deepspeech2_data/voxforge_dataset/wav/cmu_us_clb_arctic_arctic_a0110.wav,/mnt/deepspeech2_data/voxforge_dataset/txt/cmu_us_clb_arctic_arctic_a0110.txt
/mnt/deepspeech2_data/voxforge_dataset/wav/cmu_us_clb_arctic_arctic_a0201.wav,/mnt/deepspeech2_data/voxforge_dataset/txt/cmu_us_clb_arctic_arctic_a0201.txt
/mnt/deepspeech2_data/voxforge_dataset/wav/cmu_us_clb_arctic_arctic_b0530.wav,/mnt/deepspeech2_data/voxforge_dataset/txt/cmu_us_clb_arctic_arctic_b0530.txt
/mnt/deepspeech2_data/voxforge_dataset/wav/cmu_us_clb_arctic_arctic_b0050.wav,/mnt/deepspeech2_data/voxforge_dataset/txt/cmu_us_clb_arctic_arctic_b0050.txt
/mnt/deepspeech2_data/voxforge_dataset/wav/cmu_us_clb_arctic_arctic_b0462.wav,/mnt/deepspeech2_data/voxforge_dataset/txt/cmu_us_clb_arctic_arctic_b0462.txt
/mnt/deepspeech2_data/voxforge_dataset/wav/cmu_us_clb_arctic_arctic_b0365.wav,/mnt/deepspeech2_data/voxforge_dataset/txt/cmu_us_clb_arctic_arctic_b0365.txt
/mnt/deepspeech2_data/voxforge_dataset/wav/cmu_us_clb_arctic_arctic_b0035.wav,/mnt/deepspeech2_data/voxforge_dataset/txt/cmu_us_clb_arctic_arctic_b0035.txt
/mnt/deepspeech2_data/voxforge_dataset/wav/cmu_us_clb_arctic_arctic_b0527.wav,/mnt/deepspeech2_data/voxforge_dataset/txt/cmu_us_clb_arctic_arctic_b0527.txt
/mnt/deepspeech2_data/voxforge_dataset/wav/cmu_us_clb_arctic_arctic_a0021.wav,/mnt/deepspeech2_data/voxforge_dataset/txt/cmu_us_clb_arctic_arctic_a0021.txt
/mnt/deepspeech2_data/voxforge_dataset/wav/cmu_us_clb_arctic_arctic_a0515.wav,/mnt/deepspeech2_data/voxforge_dataset/txt/cmu_us_clb_arctic_arctic_a0515.txt
/mnt/deepspeech2_data/voxforge_dataset/wav/cmu_us_clb_arctic_arctic_a0457.wav,/mnt/deepspeech2_data/voxforge_dataset/txt/cmu_us_clb_arctic_arctic_a0457.txt
/mnt/deepspeech2_data/voxforge_dataset/wav/cmu_us_clb_arctic_arctic_b0229.wav,/mnt/deepspeech2_data/voxforge_dataset/txt/cmu_us_clb_arctic_arctic_b0229.txt
/mnt/deepspeech2_data/voxforge_dataset/wav/cmu_us_clb_arctic_arctic_a0374.wav,/mnt/deepspeech2_data/voxforge_dataset/txt/cmu_us_clb_arctic_arctic_a0374.txt
/mnt/deepspeech2_data/voxforge_dataset/wav/cmu_us_clb_arctic_arctic_b0416.wav,/mnt/deepspeech2_data/voxforge_dataset/txt/cmu_us_clb_arctic_arctic_b0416.txt
/mnt/deepspeech2_data/voxforge_dataset/wav/cmu_us_clb_arctic_arctic_b0396.wav,/mnt/deepspeech2_data/voxforge_dataset/txt/cmu_us_clb_arctic_arctic_b0396.txt
/mnt/deepspeech2_data/voxforge_dataset/wav/cmu_us_clb_arctic_arctic_a0131.wav,/mnt/deepspeech2_data/voxforge_dataset/txt/cmu_us_clb_arctic_arctic_a0131.txt
/mnt/deepspeech2_data/voxforge_dataset/wav/cmu_us_clb_arctic_arctic_b0368.wav,/mnt/deepspeech2_data/voxforge_dataset/txt/cmu_us_clb_arctic_arctic_b0368.txt
/mnt/deepspeech2_data/voxforge_dataset/wav/cmu_us_clb_arctic_arctic_a0397.wav,/mnt/deepspeech2_data/voxforge_dataset/txt/cmu_us_clb_arctic_arctic_a0397.txt
/mnt/deepspeech2_data/voxforge_dataset/wav/cmu_us_clb_arctic_arctic_b0406.wav,/mnt/deepspeech2_data/voxforge_dataset/txt/cmu_us_clb_arctic_arctic_b0406.txt
/mnt/deepspeech2_data/voxforge_dataset/wav/cmu_us_clb_arctic_arctic_a0255.wav,/mnt/deepspeech2_data/voxforge_dataset/txt/cmu_us_clb_arctic_arctic_a0255.txt
/mnt/deepspeech2_data/voxforge_dataset/wav/cmu_us_clb_arctic_arctic_b0442.wav,/mnt/deepspeech2_data/voxforge_dataset/txt/cmu_us_clb_arctic_arctic_b0442.txt
/mnt/deepspeech2_data/voxforge_dataset/wav/cmu_us_clb_arctic_arctic_b0096.wav,/mnt/deepspeech2_data/voxforge_dataset/txt/cmu_us_clb_arctic_arctic_b0096.txt
/mnt/deepspeech2_data/voxforge_dataset/wav/cmu_us_clb_arctic_arctic_a0026.wav,/mnt/deepspeech2_data/voxforge_dataset/txt/cmu_us_clb_arctic_arctic_a0026.txt
/mnt/deepspeech2_data/voxforge_dataset/wav/cmu_us_clb_arctic_arctic_a0109.wav,/mnt/deepspeech2_data/voxforge_dataset/txt/cmu_us_clb_arctic_arctic_a0109.txt
/mnt/deepspeech2_data/voxforge_dataset/wav/cmu_us_clb_arctic_arctic_a0175.wav,/mnt/deepspeech2_data/voxforge_dataset/txt/cmu_us_clb_arctic_arctic_a0175.txt
/mnt/deepspeech2_data/voxforge_dataset/wav/cmu_us_clb_arctic_arctic_b0146.wav,/mnt/deepspeech2_data/voxforge_dataset/txt/cmu_us_clb_arctic_arctic_b0146.txt
/mnt/deepspeech2_data/voxforge_dataset/wav/cmu_us_clb_arctic_arctic_b0225.wav,/mnt/deepspeech2_data/voxforge_dataset/txt/cmu_us_clb_arctic_arctic_b0225.txt
/mnt/deepspeech2_data/voxforge_dataset/wav/cmu_us_clb_arctic_arctic_a0126.wav,/mnt/deepspeech2_data/voxforge_dataset/txt/cmu_us_clb_arctic_arctic_a0126.txt
/mnt/deepspeech2_data/voxforge_dataset/wav/cmu_us_clb_arctic_arctic_a0585.wav,/mnt/deepspeech2_data/voxforge_dataset/txt/cmu_us_clb_arctic_arctic_a0585.txt
/mnt/deepspeech2_data/voxforge_dataset/wav/cmu_us_clb_arctic_arctic_b0350.wav,/mnt/deepspeech2_data/voxforge_dataset/txt/cmu_us_clb_arctic_arctic_b0350.txt
/mnt/deepspeech2_data/voxforge_dataset/wav/cmu_us_clb_arctic_arctic_b0010.wav,/mnt/deepspeech2_data/voxforge_dataset/txt/cmu_us_clb_arctic_arctic_b0010.txt
/mnt/deepspeech2_data/voxforge_dataset/wav/cmu_us_clb_arctic_arctic_a0344.wav,/mnt/deepspeech2_data/voxforge_dataset/txt/cmu_us_clb_arctic_arctic_a0344.txt
/mnt/deepspeech2_data/voxforge_dataset/wav/cmu_us_clb_arctic_arctic_b0144.wav,/mnt/deepspeech2_data/voxforge_dataset/txt/cmu_us_clb_arctic_arctic_b0144.txt
/mnt/deepspeech2_data/voxforge_dataset/wav/cmu_us_clb_arctic_arctic_a0468.wav,/mnt/deepspeech2_data/voxforge_dataset/txt/cmu_us_clb_arctic_arctic_a0468.txt
/mnt/deepspeech2_data/voxforge_dataset/wav/cmu_us_clb_arctic_arctic_a0303.wav,/mnt/deepspeech2_data/voxforge_dataset/txt/cmu_us_clb_arctic_arctic_a0303.txt
/mnt/deepspeech2_data/voxforge_dataset/wav/cmu_us_clb_arctic_arctic_b0127.wav,/mnt/deepspeech2_data/voxforge_dataset/txt/cmu_us_clb_arctic_arctic_b0127.txt
/mnt/deepspeech2_data/voxforge_dataset/wav/cmu_us_clb_arctic_arctic_b0027.wav,/mnt/deepspeech2_data/voxforge_dataset/txt/cmu_us_clb_arctic_arctic_b0027.txt
/mnt/deepspeech2_data/voxforge_dataset/wav/cmu_us_clb_arctic_arctic_a0307.wav,/mnt/deepspeech2_data/voxforge_dataset/txt/cmu_us_clb_arctic_arctic_a0307.txt
/mnt/deepspeech2_data/voxforge_dataset/wav/cmu_us_clb_arctic_arctic_b0315.wav,/mnt/deepspeech2_data/voxforge_dataset/txt/cmu_us_clb_arctic_arctic_b0315.txt
/mnt/deepspeech2_data/voxforge_dataset/wav/cmu_us_clb_arctic_arctic_b0367.wav,/mnt/deepspeech2_data/voxforge_dataset/txt/cmu_us_clb_arctic_arctic_b0367.txt
/mnt/deepspeech2_data/voxforge_dataset/wav/cmu_us_clb_arctic_arctic_b0177.wav,/mnt/deepspeech2_data/voxforge_dataset/txt/cmu_us_clb_arctic_arctic_b0177.txt
/mnt/deepspeech2_data/voxforge_dataset/wav/cmu_us_clb_arctic_arctic_a0141.wav,/mnt/deepspeech2_data/voxforge_dataset/txt/cmu_us_clb_arctic_arctic_a0141.txt
/mnt/deepspeech2_data/voxforge_dataset/wav/cmu_us_clb_arctic_arctic_a0434.wav,/mnt/deepspeech2_data/voxforge_dataset/txt/cmu_us_clb_arctic_arctic_a0434.txt
/mnt/deepspeech2_data/voxforge_dataset/wav/cmu_us_clb_arctic_arctic_a0456.wav,/mnt/deepspeech2_data/voxforge_dataset/txt/cmu_us_clb_arctic_arctic_a0456.txt
/mnt/deepspeech2_data/voxforge_dataset/wav/cmu_us_clb_arctic_arctic_b0345.wav,/mnt/deepspeech2_data/voxforge_dataset/txt/cmu_us_clb_arctic_arctic_b0345.txt
/mnt/deepspeech2_data/voxforge_dataset/wav/cmu_us_clb_arctic_arctic_a0522.wav,/mnt/deepspeech2_data/voxforge_dataset/txt/cmu_us_clb_arctic_arctic_a0522.txt
/mnt/deepspeech2_data/voxforge_dataset/wav/cmu_us_clb_arctic_arctic_a0001.wav,/mnt/deepspeech2_data/voxforge_dataset/txt/cmu_us_clb_arctic_arctic_a0001.txt
/mnt/deepspeech2_data/voxforge_dataset/wav/cmu_us_clb_arctic_arctic_b0188.wav,/mnt/deepspeech2_data/voxforge_dataset/txt/cmu_us_clb_arctic_arctic_b0188.txt
/mnt/deepspeech2_data/voxforge_dataset/wav/cmu_us_clb_arctic_arctic_a0475.wav,/mnt/deepspeech2_data/voxforge_dataset/txt/cmu_us_clb_arctic_arctic_a0475.txt
/mnt/deepspeech2_data/voxforge_dataset/wav/cmu_us_clb_arctic_arctic_b0082.wav,/mnt/deepspeech2_data/voxforge_dataset/txt/cmu_us_clb_arctic_arctic_b0082.txt
/mnt/deepspeech2_data/voxforge_dataset/wav/cmu_us_clb_arctic_arctic_b0165.wav,/mnt/deepspeech2_data/voxforge_dataset/txt/cmu_us_clb_arctic_arctic_b0165.txt
/mnt/deepspeech2_data/voxforge_dataset/wav/cmu_us_clb_arctic_arctic_b0342.wav,/mnt/deepspeech2_data/voxforge_dataset/txt/cmu_us_clb_arctic_arctic_b0342.txt
/mnt/deepspeech2_data/voxforge_dataset/wav/cmu_us_clb_arctic_arctic_a0009.wav,/mnt/deepspeech2_data/voxforge_dataset/txt/cmu_us_clb_arctic_arctic_a0009.txt
/mnt/deepspeech2_data/voxforge_dataset/wav/cmu_us_clb_arctic_arctic_b0049.wav,/mnt/deepspeech2_data/voxforge_dataset/txt/cmu_us_clb_arctic_arctic_b0049.txt
/mnt/deepspeech2_data/voxforge_dataset/wav/cmu_us_clb_arctic_arctic_a0046.wav,/mnt/deepspeech2_data/voxforge_dataset/txt/cmu_us_clb_arctic_arctic_a0046.txt
/mnt/deepspeech2_data/voxforge_dataset/wav/cmu_us_clb_arctic_arctic_b0017.wav,/mnt/deepspeech2_data/voxforge_dataset/txt/cmu_us_clb_arctic_arctic_b0017.txt
/mnt/deepspeech2_data/voxforge_dataset/wav/cmu_us_clb_arctic_arctic_a0202.wav,/mnt/deepspeech2_data/voxforge_dataset/txt/cmu_us_clb_arctic_arctic_a0202.txt
/mnt/deepspeech2_data/voxforge_dataset/wav/cmu_us_clb_arctic_arctic_a0297.wav,/mnt/deepspeech2_data/voxforge_dataset/txt/cmu_us_clb_arctic_arctic_a0297.txt
/mnt/deepspeech2_data/voxforge_dataset/wav/cmu_us_clb_arctic_arctic_a0327.wav,/mnt/deepspeech2_data/voxforge_dataset/txt/cmu_us_clb_arctic_arctic_a0327.txt
/mnt/deepspeech2_data/voxforge_dataset/wav/cmu_us_clb_arctic_arctic_a0073.wav,/mnt/deepspeech2_data/voxforge_dataset/txt/cmu_us_clb_arctic_arctic_a0073.txt
/mnt/deepspeech2_data/voxforge_dataset/wav/cmu_us_clb_arctic_arctic_b0103.wav,/mnt/deepspeech2_data/voxforge_dataset/txt/cmu_us_clb_arctic_arctic_b0103.txt
/mnt/deepspeech2_data/voxforge_dataset/wav/cmu_us_clb_arctic_arctic_b0132.wav,/mnt/deepspeech2_data/voxforge_dataset/txt/cmu_us_clb_arctic_arctic_b0132.txt
/mnt/deepspeech2_data/voxforge_dataset/wav/cmu_us_clb_arctic_arctic_b0290.wav,/mnt/deepspeech2_data/voxforge_dataset/txt/cmu_us_clb_arctic_arctic_b0290.txt
/mnt/deepspeech2_data/voxforge_dataset/wav/cmu_us_clb_arctic_arctic_b0236.wav,/mnt/deepspeech2_data/voxforge_dataset/txt/cmu_us_clb_arctic_arctic_b0236.txt
/mnt/deepspeech2_data/voxforge_dataset/wav/cmu_us_clb_arctic_arctic_b0504.wav,/mnt/deepspeech2_data/voxforge_dataset/txt/cmu_us_clb_arctic_arctic_b0504.txt
/mnt/deepspeech2_data/voxforge_dataset/wav/cmu_us_clb_arctic_arctic_b0184.wav,/mnt/deepspeech2_data/voxforge_dataset/txt/cmu_us_clb_arctic_arctic_b0184.txt
/mnt/deepspeech2_data/voxforge_dataset/wav/cmu_us_clb_arctic_arctic_a0474.wav,/mnt/deepspeech2_data/voxforge_dataset/txt/cmu_us_clb_arctic_arctic_a0474.txt
/mnt/deepspeech2_data/voxforge_dataset/wav/cmu_us_clb_arctic_arctic_a0234.wav,/mnt/deepspeech2_data/voxforge_dataset/txt/cmu_us_clb_arctic_arctic_a0234.txt
/mnt/deepspeech2_data/voxforge_dataset/wav/cmu_us_clb_arctic_arctic_b0271.wav,/mnt/deepspeech2_data/voxforge_dataset/txt/cmu_us_clb_arctic_arctic_b0271.txt
/mnt/deepspeech2_data/voxforge_dataset/wav/cmu_us_clb_arctic_arctic_a0508.wav,/mnt/deepspeech2_data/voxforge_dataset/txt/cmu_us_clb_arctic_arctic_a0508.txt
/mnt/deepspeech2_data/voxforge_dataset/wav/cmu_us_clb_arctic_arctic_b0124.wav,/mnt/deepspeech2_data/voxforge_dataset/txt/cmu_us_clb_arctic_arctic_b0124.txt
/mnt/deepspeech2_data/voxforge_dataset/wav/cmu_us_clb_arctic_arctic_a0186.wav,/mnt/deepspeech2_data/voxforge_dataset/txt/cmu_us_clb_arctic_arctic_a0186.txt
/mnt/deepspeech2_data/voxforge_dataset/wav/cmu_us_clb_arctic_arctic_a0582.wav,/mnt/deepspeech2_data/voxforge_dataset/txt/cmu_us_clb_arctic_arctic_a0582.txt
/mnt/deepspeech2_data/voxforge_dataset/wav/cmu_us_clb_arctic_arctic_a0088.wav,/mnt/deepspeech2_data/voxforge_dataset/txt/cmu_us_clb_arctic_arctic_a0088.txt
/mnt/deepspeech2_data/voxforge_dataset/wav/cmu_us_clb_arctic_arctic_a0024.wav,/mnt/deepspeech2_data/voxforge_dataset/txt/cmu_us_clb_arctic_arctic_a0024.txt
/mnt/deepspeech2_data/voxforge_dataset/wav/cmu_us_clb_arctic_arctic_b0192.wav,/mnt/deepspeech2_data/voxforge_dataset/txt/cmu_us_clb_arctic_arctic_b0192.txt
/mnt/deepspeech2_data/voxforge_dataset/wav/cmu_us_clb_arctic_arctic_a0358.wav,/mnt/deepspeech2_data/voxforge_dataset/txt/cmu_us_clb_arctic_arctic_a0358.txt
/mnt/deepspeech2_data/voxforge_dataset/wav/cmu_us_clb_arctic_arctic_b0355.wav,/mnt/deepspeech2_data/voxforge_dataset/txt/cmu_us_clb_arctic_arctic_b0355.txt
/mnt/deepspeech2_data/voxforge_dataset/wav/cmu_us_clb_arctic_arctic_a0430.wav,/mnt/deepspeech2_data/voxforge_dataset/txt/cmu_us_clb_arctic_arctic_a0430.txt
/mnt/deepspeech2_data/voxforge_dataset/wav/cmu_us_clb_arctic_arctic_a0125.wav,/mnt/deepspeech2_data/voxforge_dataset/txt/cmu_us_clb_arctic_arctic_a0125.txt
/mnt/deepspeech2_data/voxforge_dataset/wav/cmu_us_clb_arctic_arctic_a0420.wav,/mnt/deepspeech2_data/voxforge_dataset/txt/cmu_us_clb_arctic_arctic_a0420.txt
/mnt/deepspeech2_data/voxforge_dataset/wav/cmu_us_clb_arctic_arctic_b0533.wav,/mnt/deepspeech2_data/voxforge_dataset/txt/cmu_us_clb_arctic_arctic_b0533.txt
/mnt/deepspeech2_data/voxforge_dataset/wav/cmu_us_clb_arctic_arctic_b0407.wav,/mnt/deepspeech2_data/voxforge_dataset/txt/cmu_us_clb_arctic_arctic_b0407.txt
/mnt/deepspeech2_data/voxforge_dataset/wav/cmu_us_clb_arctic_arctic_b0403.wav,/mnt/deepspeech2_data/voxforge_dataset/txt/cmu_us_clb_arctic_arctic_b0403.txt
/mnt/deepspeech2_data/voxforge_dataset/wav/cmu_us_clb_arctic_arctic_b0384.wav,/mnt/deepspeech2_data/voxforge_dataset/txt/cmu_us_clb_arctic_arctic_b0384.txt
/mnt/deepspeech2_data/voxforge_dataset/wav/cmu_us_clb_arctic_arctic_a0507.wav,/mnt/deepspeech2_data/voxforge_dataset/txt/cmu_us_clb_arctic_arctic_a0507.txt
/mnt/deepspeech2_data/voxforge_dataset/wav/cmu_us_rms_arctic_arctic_a0158.wav,/mnt/deepspeech2_data/voxforge_dataset/txt/cmu_us_rms_arctic_arctic_a0158.txt
/mnt/deepspeech2_data/voxforge_dataset/wav/cmu_us_rms_arctic_arctic_a0072.wav,/mnt/deepspeech2_data/voxforge_dataset/txt/cmu_us_rms_arctic_arctic_a0072.txt
/mnt/deepspeech2_data/voxforge_dataset/wav/cmu_us_rms_arctic_arctic_a0192.wav,/mnt/deepspeech2_data/voxforge_dataset/txt/cmu_us_rms_arctic_arctic_a0192.txt
/mnt/deepspeech2_data/voxforge_dataset/wav/cmu_us_rms_arctic_arctic_b0025.wav,/mnt/deepspeech2_data/voxforge_dataset/txt/cmu_us_rms_arctic_arctic_b0025.txt
/mnt/deepspeech2_data/voxforge_dataset/wav/cmu_us_rms_arctic_arctic_b0260.wav,/mnt/deepspeech2_data/voxforge_dataset/txt/cmu_us_rms_arctic_arctic_b0260.txt
/mnt/deepspeech2_data/voxforge_dataset/wav/cmu_us_rms_arctic_arctic_a0155.wav,/mnt/deepspeech2_data/voxforge_dataset/txt/cmu_us_rms_arctic_arctic_a0155.txt
/mnt/deepspeech2_data/voxforge_dataset/wav/cmu_us_rms_arctic_arctic_a0038.wav,/mnt/deepspeech2_data/voxforge_dataset/txt/cmu_us_rms_arctic_arctic_a0038.txt
/mnt/deepspeech2_data/voxforge_dataset/wav/cmu_us_rms_arctic_arctic_b0139.wav,/mnt/deepspeech2_data/voxforge_dataset/txt/cmu_us_rms_arctic_arctic_b0139.txt
/mnt/deepspeech2_data/voxforge_dataset/wav/cmu_us_rms_arctic_arctic_a0242.wav,/mnt/deepspeech2_data/voxforge_dataset/txt/cmu_us_rms_arctic_arctic_a0242.txt
/mnt/deepspeech2_data/voxforge_dataset/wav/cmu_us_rms_arctic_arctic_b0412.wav,/mnt/deepspeech2_data/voxforge_dataset/txt/cmu_us_rms_arctic_arctic_b0412.txt
/mnt/deepspeech2_data/voxforge_dataset/wav/cmu_us_rms_arctic_arctic_b0151.wav,/mnt/deepspeech2_data/voxforge_dataset/txt/cmu_us_rms_arctic_arctic_b0151.txt
/mnt/deepspeech2_data/voxforge_dataset/wav/cmu_us_rms_arctic_arctic_a0119.wav,/mnt/deepspeech2_data/voxforge_dataset/txt/cmu_us_rms_arctic_arctic_a0119.txt
/mnt/deepspeech2_data/voxforge_dataset/wav/cmu_us_rms_arctic_arctic_b0246.wav,/mnt/deepspeech2_data/voxforge_dataset/txt/cmu_us_rms_arctic_arctic_b0246.txt
/mnt/deepspeech2_data/voxforge_dataset/wav/cmu_us_rms_arctic_arctic_a0272.wav,/mnt/deepspeech2_data/voxforge_dataset/txt/cmu_us_rms_arctic_arctic_a0272.txt
/mnt/deepspeech2_data/voxforge_dataset/wav/cmu_us_rms_arctic_arctic_b0329.wav,/mnt/deepspeech2_data/voxforge_dataset/txt/cmu_us_rms_arctic_arctic_b0329.txt
/mnt/deepspeech2_data/voxforge_dataset/wav/cmu_us_rms_arctic_arctic_a0534.wav,/mnt/deepspeech2_data/voxforge_dataset/txt/cmu_us_rms_arctic_arctic_a0534.txt
/mnt/deepspeech2_data/voxforge_dataset/wav/cmu_us_rms_arctic_arctic_b0128.wav,/mnt/deepspeech2_data/voxforge_dataset/txt/cmu_us_rms_arctic_arctic_b0128.txt
/mnt/deepspeech2_data/voxforge_dataset/wav/cmu_us_rms_arctic_arctic_a0174.wav,/mnt/deepspeech2_data/voxforge_dataset/txt/cmu_us_rms_arctic_arctic_a0174.txt
/mnt/deepspeech2_data/voxforge_dataset/wav/cmu_us_rms_arctic_arctic_b0045.wav,/mnt/deepspeech2_data/voxforge_dataset/txt/cmu_us_rms_arctic_arctic_b0045.txt
/mnt/deepspeech2_data/voxforge_dataset/wav/cmu_us_rms_arctic_arctic_b0015.wav,/mnt/deepspeech2_data/voxforge_dataset/txt/cmu_us_rms_arctic_arctic_b0015.txt
/mnt/deepspeech2_data/voxforge_dataset/wav/cmu_us_rms_arctic_arctic_b0462.wav,/mnt/deepspeech2_data/voxforge_dataset/txt/cmu_us_rms_arctic_arctic_b0462.txt
/mnt/deepspeech2_data/voxforge_dataset/wav/cmu_us_rms_arctic_arctic_a0134.wav,/mnt/deepspeech2_data/voxforge_dataset/txt/cmu_us_rms_arctic_arctic_a0134.txt
/mnt/deepspeech2_data/voxforge_dataset/wav/cmu_us_rms_arctic_arctic_a0062.wav,/mnt/deepspeech2_data/voxforge_dataset/txt/cmu_us_rms_arctic_arctic_a0062.txt
/mnt/deepspeech2_data/voxforge_dataset/wav/cmu_us_rms_arctic_arctic_b0227.wav,/mnt/deepspeech2_data/voxforge_dataset/txt/cmu_us_rms_arctic_arctic_b0227.txt
/mnt/deepspeech2_data/voxforge_dataset/wav/cmu_us_rms_arctic_arctic_a0593.wav,/mnt/deepspeech2_data/voxforge_dataset/txt/cmu_us_rms_arctic_arctic_a0593.txt
/mnt/deepspeech2_data/voxforge_dataset/wav/cmu_us_rms_arctic_arctic_a0488.wav,/mnt/deepspeech2_data/voxforge_dataset/txt/cmu_us_rms_arctic_arctic_a0488.txt
/mnt/deepspeech2_data/voxforge_dataset/wav/cmu_us_rms_arctic_arctic_a0132.wav,/mnt/deepspeech2_data/voxforge_dataset/txt/cmu_us_rms_arctic_arctic_a0132.txt
/mnt/deepspeech2_data/voxforge_dataset/wav/cmu_us_rms_arctic_arctic_a0221.wav,/mnt/deepspeech2_data/voxforge_dataset/txt/cmu_us_rms_arctic_arctic_a0221.txt
/mnt/deepspeech2_data/voxforge_dataset/wav/cmu_us_rms_arctic_arctic_a0039.wav,/mnt/deepspeech2_data/voxforge_dataset/txt/cmu_us_rms_arctic_arctic_a0039.txt
/mnt/deepspeech2_data/voxforge_dataset/wav/cmu_us_rms_arctic_arctic_b0193.wav,/mnt/deepspeech2_data/voxforge_dataset/txt/cmu_us_rms_arctic_arctic_b0193.txt
/mnt/deepspeech2_data/voxforge_dataset/wav/cmu_us_rms_arctic_arctic_b0058.wav,/mnt/deepspeech2_data/voxforge_dataset/txt/cmu_us_rms_arctic_arctic_b0058.txt
/mnt/deepspeech2_data/voxforge_dataset/wav/cmu_us_rms_arctic_arctic_b0335.wav,/mnt/deepspeech2_data/voxforge_dataset/txt/cmu_us_rms_arctic_arctic_b0335.txt
/mnt/deepspeech2_data/voxforge_dataset/wav/cmu_us_rms_arctic_arctic_a0373.wav,/mnt/deepspeech2_data/voxforge_dataset/txt/cmu_us_rms_arctic_arctic_a0373.txt
/mnt/deepspeech2_data/voxforge_dataset/wav/cmu_us_rms_arctic_arctic_a0495.wav,/mnt/deepspeech2_data/voxforge_dataset/txt/cmu_us_rms_arctic_arctic_a0495.txt
/mnt/deepspeech2_data/voxforge_dataset/wav/cmu_us_rms_arctic_arctic_a0085.wav,/mnt/deepspeech2_data/voxforge_dataset/txt/cmu_us_rms_arctic_arctic_a0085.txt
/mnt/deepspeech2_data/voxforge_dataset/wav/cmu_us_rms_arctic_arctic_b0258.wav,/mnt/deepspeech2_data/voxforge_dataset/txt/cmu_us_rms_arctic_arctic_b0258.txt
/mnt/deepspeech2_data/voxforge_dataset/wav/cmu_us_rms_arctic_arctic_a0288.wav,/mnt/deepspeech2_data/voxforge_dataset/txt/cmu_us_rms_arctic_arctic_a0288.txt
/mnt/deepspeech2_data/voxforge_dataset/wav/cmu_us_rms_arctic_arctic_a0565.wav,/mnt/deepspeech2_data/voxforge_dataset/txt/cmu_us_rms_arctic_arctic_a0565.txt
/mnt/deepspeech2_data/voxforge_dataset/wav/cmu_us_rms_arctic_arctic_a0262.wav,/mnt/deepspeech2_data/voxforge_dataset/txt/cmu_us_rms_arctic_arctic_a0262.txt
/mnt/deepspeech2_data/voxforge_dataset/wav/cmu_us_rms_arctic_arctic_a0280.wav,/mnt/deepspeech2_data/voxforge_dataset/txt/cmu_us_rms_arctic_arctic_a0280.txt
/mnt/deepspeech2_data/voxforge_dataset/wav/cmu_us_rms_arctic_arctic_a0218.wav,/mnt/deepspeech2_data/voxforge_dataset/txt/cmu_us_rms_arctic_arctic_a0218.txt
/mnt/deepspeech2_data/voxforge_dataset/wav/cmu_us_rms_arctic_arctic_a0020.wav,/mnt/deepspeech2_data/voxforge_dataset/txt/cmu_us_rms_arctic_arctic_a0020.txt
/mnt/deepspeech2_data/voxforge_dataset/wav/cmu_us_rms_arctic_arctic_a0427.wav,/mnt/deepspeech2_data/voxforge_dataset/txt/cmu_us_rms_arctic_arctic_a0427.txt
/mnt/deepspeech2_data/voxforge_dataset/wav/cmu_us_rms_arctic_arctic_b0528.wav,/mnt/deepspeech2_data/voxforge_dataset/txt/cmu_us_rms_arctic_arctic_b0528.txt
/mnt/deepspeech2_data/voxforge_dataset/wav/cmu_us_rms_arctic_arctic_b0265.wav,/mnt/deepspeech2_data/voxforge_dataset/txt/cmu_us_rms_arctic_arctic_b0265.txt
/mnt/deepspeech2_data/voxforge_dataset/wav/cmu_us_rms_arctic_arctic_a0559.wav,/mnt/deepspeech2_data/voxforge_dataset/txt/cmu_us_rms_arctic_arctic_a0559.txt
/mnt/deepspeech2_data/voxforge_dataset/wav/cmu_us_rms_arctic_arctic_a0025.wav,/mnt/deepspeech2_data/voxforge_dataset/txt/cmu_us_rms_arctic_arctic_a0025.txt
/mnt/deepspeech2_data/voxforge_dataset/wav/cmu_us_rms_arctic_arctic_a0224.wav,/mnt/deepspeech2_data/voxforge_dataset/txt/cmu_us_rms_arctic_arctic_a0224.txt
/mnt/deepspeech2_data/voxforge_dataset/wav/cmu_us_rms_arctic_arctic_a0326.wav,/mnt/deepspeech2_data/voxforge_dataset/txt/cmu_us_rms_arctic_arctic_a0326.txt
/mnt/deepspeech2_data/voxforge_dataset/wav/cmu_us_rms_arctic_arctic_a0413.wav,/mnt/deepspeech2_data/voxforge_dataset/txt/cmu_us_rms_arctic_arctic_a0413.txt
/mnt/deepspeech2_data/voxforge_dataset/wav/cmu_us_rms_arctic_arctic_b0215.wav,/mnt/deepspeech2_data/voxforge_dataset/txt/cmu_us_rms_arctic_arctic_b0215.txt
/mnt/deepspeech2_data/voxforge_dataset/wav/cmu_us_rms_arctic_arctic_b0431.wav,/mnt/deepspeech2_data/voxforge_dataset/txt/cmu_us_rms_arctic_arctic_b0431.txt
/mnt/deepspeech2_data/voxforge_dataset/wav/cmu_us_rms_arctic_arctic_a0396.wav,/mnt/deepspeech2_data/voxforge_dataset/txt/cmu_us_rms_arctic_arctic_a0396.txt
/mnt/deepspeech2_data/voxforge_dataset/wav/cmu_us_rms_arctic_arctic_a0002.wav,/mnt/deepspeech2_data/voxforge_dataset/txt/cmu_us_rms_arctic_arctic_a0002.txt
/mnt/deepspeech2_data/voxforge_dataset/wav/cmu_us_rms_arctic_arctic_b0243.wav,/mnt/deepspeech2_data/voxforge_dataset/txt/cmu_us_rms_arctic_arctic_b0243.txt
/mnt/deepspeech2_data/voxforge_dataset/wav/cmu_us_rms_arctic_arctic_b0341.wav,/mnt/deepspeech2_data/voxforge_dataset/txt/cmu_us_rms_arctic_arctic_b0341.txt
/mnt/deepspeech2_data/voxforge_dataset/wav/cmu_us_rms_arctic_arctic_a0146.wav,/mnt/deepspeech2_data/voxforge_dataset/txt/cmu_us_rms_arctic_arctic_a0146.txt
/mnt/deepspeech2_data/voxforge_dataset/wav/cmu_us_rms_arctic_arctic_b0353.wav,/mnt/deepspeech2_data/voxforge_dataset/txt/cmu_us_rms_arctic_arctic_b0353.txt
/mnt/deepspeech2_data/voxforge_dataset/wav/cmu_us_rms_arctic_arctic_b0225.wav,/mnt/deepspeech2_data/voxforge_dataset/txt/cmu_us_rms_arctic_arctic_b0225.txt
/mnt/deepspeech2_data/voxforge_dataset/wav/cmu_us_rms_arctic_arctic_b0266.wav,/mnt/deepspeech2_data/voxforge_dataset/txt/cmu_us_rms_arctic_arctic_b0266.txt
/mnt/deepspeech2_data/voxforge_dataset/wav/cmu_us_rms_arctic_arctic_a0506.wav,/mnt/deepspeech2_data/voxforge_dataset/txt/cmu_us_rms_arctic_arctic_a0506.txt
/mnt/deepspeech2_data/voxforge_dataset/wav/cmu_us_rms_arctic_arctic_b0418.wav,/mnt/deepspeech2_data/voxforge_dataset/txt/cmu_us_rms_arctic_arctic_b0418.txt
/mnt/deepspeech2_data/voxforge_dataset/wav/cmu_us_rms_arctic_arctic_b0113.wav,/mnt/deepspeech2_data/voxforge_dataset/txt/cmu_us_rms_arctic_arctic_b0113.txt
/mnt/deepspeech2_data/voxforge_dataset/wav/cmu_us_rms_arctic_arctic_a0403.wav,/mnt/deepspeech2_data/voxforge_dataset/txt/cmu_us_rms_arctic_arctic_a0403.txt
/mnt/deepspeech2_data/voxforge_dataset/wav/cmu_us_rms_arctic_arctic_b0165.wav,/mnt/deepspeech2_data/voxforge_dataset/txt/cmu_us_rms_arctic_arctic_b0165.txt
/mnt/deepspeech2_data/voxforge_dataset/wav/cmu_us_rms_arctic_arctic_b0411.wav,/mnt/deepspeech2_data/voxforge_dataset/txt/cmu_us_rms_arctic_arctic_b0411.txt
/mnt/deepspeech2_data/voxforge_dataset/wav/cmu_us_rms_arctic_arctic_a0189.wav,/mnt/deepspeech2_data/voxforge_dataset/txt/cmu_us_rms_arctic_arctic_a0189.txt
/mnt/deepspeech2_data/voxforge_dataset/wav/cmu_us_rms_arctic_arctic_a0135.wav,/mnt/deepspeech2_data/voxforge_dataset/txt/cmu_us_rms_arctic_arctic_a0135.txt
/mnt/deepspeech2_data/voxforge_dataset/wav/cmu_us_rms_arctic_arctic_a0349.wav,/mnt/deepspeech2_data/voxforge_dataset/txt/cmu_us_rms_arctic_arctic_a0349.txt
/mnt/deepspeech2_data/voxforge_dataset/wav/cmu_us_rms_arctic_arctic_b0181.wav,/mnt/deepspeech2_data/voxforge_dataset/txt/cmu_us_rms_arctic_arctic_b0181.txt
/mnt/deepspeech2_data/voxforge_dataset/wav/cmu_us_rms_arctic_arctic_a0104.wav,/mnt/deepspeech2_data/voxforge_dataset/txt/cmu_us_rms_arctic_arctic_a0104.txt
/mnt/deepspeech2_data/voxforge_dataset/wav/cmu_us_rms_arctic_arctic_a0535.wav,/mnt/deepspeech2_data/voxforge_dataset/txt/cmu_us_rms_arctic_arctic_a0535.txt
/mnt/deepspeech2_data/voxforge_dataset/wav/cmu_us_rms_arctic_arctic_b0469.wav,/mnt/deepspeech2_data/voxforge_dataset/txt/cmu_us_rms_arctic_arctic_b0469.txt
/mnt/deepspeech2_data/voxforge_dataset/wav/cmu_us_rms_arctic_arctic_a0350.wav,/mnt/deepspeech2_data/voxforge_dataset/txt/cmu_us_rms_arctic_arctic_a0350.txt
/mnt/deepspeech2_data/voxforge_dataset/wav/cmu_us_rms_arctic_arctic_b0502.wav,/mnt/deepspeech2_data/voxforge_dataset/txt/cmu_us_rms_arctic_arctic_b0502.txt
/mnt/deepspeech2_data/voxforge_dataset/wav/cmu_us_rms_arctic_arctic_a0197.wav,/mnt/deepspeech2_data/voxforge_dataset/txt/cmu_us_rms_arctic_arctic_a0197.txt
/mnt/deepspeech2_data/voxforge_dataset/wav/cmu_us_rms_arctic_arctic_b0438.wav,/mnt/deepspeech2_data/voxforge_dataset/txt/cmu_us_rms_arctic_arctic_b0438.txt
/mnt/deepspeech2_data/voxforge_dataset/wav/cmu_us_rms_arctic_arctic_b0030.wav,/mnt/deepspeech2_data/voxforge_dataset/txt/cmu_us_rms_arctic_arctic_b0030.txt
/mnt/deepspeech2_data/voxforge_dataset/wav/cmu_us_rms_arctic_arctic_a0336.wav,/mnt/deepspeech2_data/voxforge_dataset/txt/cmu_us_rms_arctic_arctic_a0336.txt
/mnt/deepspeech2_data/voxforge_dataset/wav/cmu_us_rms_arctic_arctic_b0233.wav,/mnt/deepspeech2_data/voxforge_dataset/txt/cmu_us_rms_arctic_arctic_b0233.txt
/mnt/deepspeech2_data/voxforge_dataset/wav/cmu_us_rms_arctic_arctic_a0462.wav,/mnt/deepspeech2_data/voxforge_dataset/txt/cmu_us_rms_arctic_arctic_a0462.txt
/mnt/deepspeech2_data/voxforge_dataset/wav/cmu_us_rms_arctic_arctic_a0508.wav,/mnt/deepspeech2_data/voxforge_dataset/txt/cmu_us_rms_arctic_arctic_a0508.txt
/mnt/deepspeech2_data/voxforge_dataset/wav/cmu_us_rms_arctic_arctic_b0414.wav,/mnt/deepspeech2_data/voxforge_dataset/txt/cmu_us_rms_arctic_arctic_b0414.txt
/mnt/deepspeech2_data/voxforge_dataset/wav/cmu_us_rms_arctic_arctic_b0348.wav,/mnt/deepspeech2_data/voxforge_dataset/txt/cmu_us_rms_arctic_arctic_b0348.txt
/mnt/deepspeech2_data/voxforge_dataset/wav/cmu_us_rms_arctic_arctic_a0035.wav,/mnt/deepspeech2_data/voxforge_dataset/txt/cmu_us_rms_arctic_arctic_a0035.txt
/mnt/deepspeech2_data/voxforge_dataset/wav/cmu_us_rms_arctic_arctic_a0511.wav,/mnt/deepspeech2_data/voxforge_dataset/txt/cmu_us_rms_arctic_arctic_a0511.txt
/mnt/deepspeech2_data/voxforge_dataset/wav/cmu_us_rms_arctic_arctic_b0317.wav,/mnt/deepspeech2_data/voxforge_dataset/txt/cmu_us_rms_arctic_arctic_b0317.txt
/mnt/deepspeech2_data/voxforge_dataset/wav/cmu_us_rms_arctic_arctic_a0474.wav,/mnt/deepspeech2_data/voxforge_dataset/txt/cmu_us_rms_arctic_arctic_a0474.txt
/mnt/deepspeech2_data/voxforge_dataset/wav/cmu_us_rms_arctic_arctic_b0444.wav,/mnt/deepspeech2_data/voxforge_dataset/txt/cmu_us_rms_arctic_arctic_b0444.txt
/mnt/deepspeech2_data/voxforge_dataset/wav/cmu_us_rms_arctic_arctic_b0429.wav,/mnt/deepspeech2_data/voxforge_dataset/txt/cmu_us_rms_arctic_arctic_b0429.txt
/mnt/deepspeech2_data/voxforge_dataset/wav/cmu_us_rms_arctic_arctic_a0383.wav,/mnt/deepspeech2_data/voxforge_dataset/txt/cmu_us_rms_arctic_arctic_a0383.txt
/mnt/deepspeech2_data/voxforge_dataset/wav/cmu_us_rms_arctic_arctic_b0184.wav,/mnt/deepspeech2_data/voxforge_dataset/txt/cmu_us_rms_arctic_arctic_b0184.txt
/mnt/deepspeech2_data/voxforge_dataset/wav/cmu_us_rms_arctic_arctic_a0405.wav,/mnt/deepspeech2_data/voxforge_dataset/txt/cmu_us_rms_arctic_arctic_a0405.txt
/mnt/deepspeech2_data/voxforge_dataset/wav/cmu_us_rms_arctic_arctic_a0199.wav,/mnt/deepspeech2_data/voxforge_dataset/txt/cmu_us_rms_arctic_arctic_a0199.txt
/mnt/deepspeech2_data/voxforge_dataset/wav/cmu_us_rms_arctic_arctic_b0306.wav,/mnt/deepspeech2_data/voxforge_dataset/txt/cmu_us_rms_arctic_arctic_b0306.txt
/mnt/deepspeech2_data/voxforge_dataset/wav/cmu_us_rms_arctic_arctic_a0337.wav,/mnt/deepspeech2_data/voxforge_dataset/txt/cmu_us_rms_arctic_arctic_a0337.txt
/mnt/deepspeech2_data/voxforge_dataset/wav/cmu_us_rms_arctic_arctic_a0285.wav,/mnt/deepspeech2_data/voxforge_dataset/txt/cmu_us_rms_arctic_arctic_a0285.txt
/mnt/deepspeech2_data/voxforge_dataset/wav/cmu_us_rms_arctic_arctic_a0136.wav,/mnt/deepspeech2_data/voxforge_dataset/txt/cmu_us_rms_arctic_arctic_a0136.txt
/mnt/deepspeech2_data/voxforge_dataset/wav/cmu_us_rms_arctic_arctic_a0234.wav,/mnt/deepspeech2_data/voxforge_dataset/txt/cmu_us_rms_arctic_arctic_a0234.txt
/mnt/deepspeech2_data/voxforge_dataset/wav/cmu_us_rms_arctic_arctic_b0259.wav,/mnt/deepspeech2_data/voxforge_dataset/txt/cmu_us_rms_arctic_arctic_b0259.txt
/mnt/deepspeech2_data/voxforge_dataset/wav/cmu_us_rms_arctic_arctic_a0213.wav,/mnt/deepspeech2_data/voxforge_dataset/txt/cmu_us_rms_arctic_arctic_a0213.txt
/mnt/deepspeech2_data/voxforge_dataset/wav/cmu_us_rms_arctic_arctic_b0362.wav,/mnt/deepspeech2_data/voxforge_dataset/txt/cmu_us_rms_arctic_arctic_b0362.txt
/mnt/deepspeech2_data/voxforge_dataset/wav/cmu_us_rms_arctic_arctic_b0279.wav,/mnt/deepspeech2_data/voxforge_dataset/txt/cmu_us_rms_arctic_arctic_b0279.txt
/mnt/deepspeech2_data/voxforge_dataset/wav/cmu_us_rms_arctic_arctic_b0174.wav,/mnt/deepspeech2_data/voxforge_dataset/txt/cmu_us_rms_arctic_arctic_b0174.txt
/mnt/deepspeech2_data/voxforge_dataset/wav/cmu_us_rms_arctic_arctic_a0408.wav,/mnt/deepspeech2_data/voxforge_dataset/txt/cmu_us_rms_arctic_arctic_a0408.txt
/mnt/deepspeech2_data/voxforge_dataset/wav/cmu_us_rms_arctic_arctic_b0482.wav,/mnt/deepspeech2_data/voxforge_dataset/txt/cmu_us_rms_arctic_arctic_b0482.txt
/mnt/deepspeech2_data/voxforge_dataset/wav/cmu_us_rms_arctic_arctic_b0098.wav,/mnt/deepspeech2_data/voxforge_dataset/txt/cmu_us_rms_arctic_arctic_b0098.txt
/mnt/deepspeech2_data/voxforge_dataset/wav/cmu_us_rms_arctic_arctic_a0139.wav,/mnt/deepspeech2_data/voxforge_dataset/txt/cmu_us_rms_arctic_arctic_a0139.txt
/mnt/deepspeech2_data/voxforge_dataset/wav/cmu_us_rms_arctic_arctic_b0067.wav,/mnt/deepspeech2_data/voxforge_dataset/txt/cmu_us_rms_arctic_arctic_b0067.txt
/mnt/deepspeech2_data/voxforge_dataset/wav/cmu_us_rms_arctic_arctic_b0254.wav,/mnt/deepspeech2_data/voxforge_dataset/txt/cmu_us_rms_arctic_arctic_b0254.txt
/mnt/deepspeech2_data/voxforge_dataset/wav/cmu_us_rms_arctic_arctic_a0023.wav,/mnt/deepspeech2_data/voxforge_dataset/txt/cmu_us_rms_arctic_arctic_a0023.txt
/mnt/deepspeech2_data/voxforge_dataset/wav/cmu_us_rms_arctic_arctic_b0204.wav,/mnt/deepspeech2_data/voxforge_dataset/txt/cmu_us_rms_arctic_arctic_b0204.txt
/mnt/deepspeech2_data/voxforge_dataset/wav/cmu_us_rms_arctic_arctic_a0525.wav,/mnt/deepspeech2_data/voxforge_dataset/txt/cmu_us_rms_arctic_arctic_a0525.txt
